# The units used in this file are centimeters.
v 222.9345 -099.2723 -086.2826
v 229.2449 -087.1852 -088.2400
v 241.0367 -077.7999 -084.1105
v 240.7309 -097.4980 -080.5091
v 253.9200 -072.7778 -075.0475
v 252.0417 -095.4785 -073.9445
v 263.7655 -076.8176 -063.7039
v 266.9281 -093.0664 -055.7166
v 251.4167 -107.7721 -070.6614
v 238.6465 -111.6066 -076.1367
v 218.0012 -113.0557 -082.1812
v 235.4287 -119.3746 -073.5189
v 215.8051 -120.9613 -078.3941
v 231.8787 -129.4090 -067.3863
v 212.6237 -133.0172 -072.1011
v 227.4533 -143.3487 -056.7366
v 248.6533 -127.4971 -062.7822
v 245.7060 -140.0958 -053.9866
v 254.9322 -133.5209 -053.5156
v 261.7970 -123.5597 -052.0238
v 251.0841 -115.8786 -067.8057
v 267.0253 -110.8365 -054.4018
v 271.0721 -083.0091 -053.2493
v 285.7666 -093.0625 -039.1195
v 275.7946 -109.9958 -047.1684
v 284.7364 -110.3812 -040.2301
v 280.3736 -125.5869 -043.8328
v 274.0886 -133.9225 -046.3604
v 266.3024 -144.0487 -047.8149
v 251.5314 -150.7063 -048.3275
v 242.2296 -151.0915 -049.4169
v 224.9663 -149.2705 -053.1270
v 207.9600 -147.3377 -065.4997
v 296.0118 -094.1827 -028.4743
v 292.8787 -110.7467 -031.2054
v 289.3096 -130.2168 -033.2049
v 282.4356 -140.7256 -035.5013
v 272.1135 -152.0418 -036.2378
v 254.5261 -159.3300 -038.6310
v 239.6607 -159.3239 -038.9972
v 224.3492 -158.4783 -043.1143
v 204.8200 -158.1983 -055.5832
v 297.0902 -095.9664 000.0000
v 293.1756 -112.9655 000.0000
v 289.6234 -131.9560 000.0000
v 282.1376 -143.1534 000.0000
v 270.6963 -152.8854 000.0000
v 253.4227 -161.7078 000.0000
v 234.8182 -162.4595 000.0000
v 216.7167 -159.6326 000.0000
v 192.0432 -156.7396 000.0000
v 288.1063 -049.3146 -052.1968
v 273.6198 -034.6225 -065.9345
v 283.5437 -023.1101 -057.7890
v 298.6408 -041.3503 -042.8964
v 291.0769 -063.8444 -043.1191
v 282.5540 -056.7578 -055.2597
v 268.8131 -051.7509 -067.2975
v 264.7368 -061.1550 -066.9485
v 261.8307 -054.9092 -080.5491
v 299.3075 -070.8434 -034.2596
v 304.5715 -076.7786 -026.1741
v 306.5544 -078.8768 000.0000
v 310.7533 -069.1019 -026.4602
v 311.8124 -070.3925 000.0000
v 305.3144 -060.9681 -032.6931
f 3 4 2
f 1 2 4
f 5 6 3
f 4 3 6
f 6 5 7
f 7 8 6
f 8 9 6
f 10 4 9
f 6 9 4
f 11 1 10
f 4 10 1
f 10 12 11
f 11 12 13
f 13 12 15
f 12 14 15
f 15 14 16
f 16 14 18
f 14 17 18
f 18 17 19
f 19 17 20
f 22 20 21
f 20 17 21
f 21 17 12
f 17 14 12
f 12 10 21
f 10 9 21
f 8 22 9
f 21 9 22
f 8 7 23
f 22 24 25
f 25 20 22
f 20 25 27
f 25 26 27
f 26 25 24
f 20 27 28
f 20 28 19
f 28 29 19
f 30 18 29
f 19 29 18
f 18 30 31
f 18 31 16
f 31 32 16
f 33 15 32
f 16 32 15
f 34 35 24
f 24 35 26
f 35 36 26
f 26 36 27
f 36 37 27
f 27 37 28
f 37 38 29
f 39 30 38
f 29 38 30
f 40 31 39
f 30 39 31
f 32 31 41
f 31 40 41
f 41 42 32
f 32 42 33
f 44 35 43
f 34 43 35
f 45 36 44
f 35 44 36
f 37 36 46
f 36 45 46
f 47 38 46
f 37 46 38
f 48 39 47
f 38 47 39
f 49 40 48
f 39 48 40
f 50 41 49
f 40 49 41
f 42 41 51
f 41 50 51
f 52 53 54
f 54 55 52
f 52 55 56
f 56 57 52
f 52 57 58
f 7 5 59
f 59 5 60
f 60 58 59
f 56 23 57
f 7 57 23
f 23 56 24
f 24 56 61
f 24 61 34
f 61 62 34
f 34 62 43
f 62 63 43
f 64 65 62
f 63 62 65
f 24 22 8
f 23 24 8
f 59 58 57
f 7 59 57
f 55 66 56
f 66 61 56
f 66 64 61
f 61 64 62
v -203.3406 -091.0030 -096.4220
v -211.9856 -112.8800 -097.0960
v -230.6662 -111.6976 -096.1238
v -203.1698 -109.7344 -096.6701
v -178.2298 -102.0581 -094.3381
v -246.2835 -130.5500 -096.6395
v -233.7617 -133.4842 -096.6761
v -216.1843 -132.5837 -095.7465
v -204.2059 -131.2976 -094.0911
v -177.6785 -127.5107 -091.4703
v -170.9172 -128.3232 -089.7427
v -145.6655 -129.5527 -089.4240
v -259.1357 -151.0845 -088.5470
v -241.7777 -155.3136 -088.7222
v -222.3917 -154.1268 -087.9260
v -204.9879 -156.2369 -082.9319
v -177.7628 -147.3076 -084.5827
v -177.8934 -155.0199 -077.6454
v -168.6329 -141.4405 -086.9373
v -159.2146 -140.8592 -083.8483
v -155.2229 -155.5077 -073.5708
v -165.9758 -154.4361 -078.8181
v -136.6873 -134.0211 -090.7567
v -137.6186 -166.1988 -071.8954
v -119.8513 -145.6102 -088.5435
v -120.0688 -157.7575 -079.9188
v -095.3236 -154.5941 -089.9180
f 67 68 69
f 68 67 70
f 70 67 71
f 72 69 73
f 73 69 74
f 69 68 74
f 75 74 70
f 74 68 70
f 71 76 70
f 75 70 76
f 76 71 77
f 77 71 78
f 79 72 80
f 72 73 80
f 81 80 74
f 80 73 74
f 82 81 75
f 81 74 75
f 75 83 82
f 82 83 84
f 83 75 76
f 83 76 85
f 76 77 85
f 78 86 77
f 85 77 86
f 86 78 87
f 87 88 86
f 86 88 85
f 88 84 85
f 85 84 83
f 90 87 89
f 87 78 89
f 90 89 92
f 89 91 92
f 92 91 93
v -095.3236 -154.5941 -089.9180
v -109.1175 -170.7120 -072.7242
v -122.6563 -165.5159 -068.7343
v -120.0688 -157.7575 -079.9188
v -137.6186 -166.1988 -071.8954
v -108.9642 -175.7196 -068.5154
v -126.6738 -169.1944 -055.7922
v -097.2089 -177.4507 -076.8570
v -081.2845 -178.5424 -076.8511
v -053.5144 -161.5983 -092.0556
v -068.0046 -176.8325 -081.9080
v -056.4074 -178.9401 -080.3191
v -042.2877 -175.1200 -082.3423
v -006.3012 -158.3021 -086.5082
v -007.8470 -168.8266 -080.0230
v -009.4135 -176.9086 -055.6924
v -054.3078 -181.0473 -056.3825
v -097.7375 -179.3126 -049.8747
v -110.8758 -177.0749 -047.3033
v -130.5099 -170.8460 -048.4230
v -139.7474 -169.3815 -057.0541
f 94 95 97
f 95 96 97
f 97 96 98
f 100 96 99
f 96 95 99
f 95 94 101
f 101 94 102
f 103 104 94
f 102 94 104
f 104 103 105
f 105 103 106
f 103 107 106
f 106 107 108
f 110 106 109
f 106 108 109
f 110 105 106
f 105 110 104
f 111 102 110
f 104 110 102
f 99 95 101
f 100 99 112
f 99 111 112
f 112 113 100
f 100 98 96
f 98 100 114
v -139.7474 -169.3815 -057.0541
v -148.0217 -165.6600 -060.6638
v -137.6186 -166.1988 -071.8954
v -155.2229 -155.5077 -073.5708
v -160.1625 -159.3321 -060.5607
v -151.9339 -165.3776 -050.1741
v -140.6693 -169.7325 -045.0399
v -157.6196 -169.6317 -035.8146
v -138.6502 -171.8441 -035.0823
f 115 116 117
f 117 116 118
f 118 116 119
f 119 116 120
f 121 120 115
f 120 116 115
f 119 120 122
f 122 120 123
f 120 121 123
v -138.6502 -171.8441 -035.0823
v -140.6693 -169.7325 -045.0399
v -130.5099 -170.8460 -048.4230
v -097.2514 -182.2778 -037.2649
v -097.7375 -179.3126 -049.8747
v -054.3078 -181.0473 -056.3825
v -052.3838 -185.0065 -038.8007
v -009.4135 -176.9086 -055.6924
v -011.2666 -180.6584 -038.3324
v 048.9819 -152.4947 -067.2392
v 048.0235 -163.1521 -040.1961
v 044.6550 -167.2950 000.0000
v -015.5114 -182.8285 000.0000
v -053.0369 -186.0806 000.0000
v -095.6007 -182.5728 000.0000
v -139.5728 -172.3811 000.0000
f 124 125 126
f 124 126 127
f 129 130 128
f 127 128 130
f 131 132 129
f 130 129 132
f 133 134 131
f 132 131 134
f 134 135 132
f 135 136 132
f 132 136 130
f 136 137 130
f 130 137 127
f 137 138 127
f 138 139 127
f 127 139 124
v -138.6502 -171.8441 -035.0823
v -139.5728 -172.3811 000.0000
v -161.0025 -171.1571 000.0000
v -157.6196 -169.6317 -035.8146
v -179.9827 -175.3136 000.0000
v -176.4045 -176.4987 -040.6586
v -174.7790 -166.7608 -060.6340
v -160.1625 -159.3321 -060.5607
v -177.8934 -155.0199 -077.6454
v -165.9758 -154.4361 -078.8181
v -155.2229 -155.5077 -073.5708
v -273.4184 -171.7948 -074.9581
v -259.1357 -151.0845 -088.5470
v -241.7777 -155.3136 -088.7222
v -250.8885 -171.9933 -072.1675
v -222.3917 -154.1268 -087.9260
v -226.7049 -175.3901 -066.2106
v -204.9879 -156.2369 -082.9319
v -203.7371 -173.6360 -065.6787
v -188.3160 -182.9718 -040.1567
v -193.6032 -182.9617 -048.8916
v -202.7242 -181.3012 -055.5232
v -212.6375 -186.6497 -050.2895
v -217.6551 -187.3816 -044.5782
v -231.7557 -187.4200 -047.0587
v -244.6375 -189.3261 -049.4110
v -246.6779 -185.7679 -057.0461
v -254.7737 -183.3025 -060.9321
v -264.7220 -184.4010 -059.4347
v -269.9966 -185.0397 -057.0070
v -281.1581 -179.8210 -071.2737
v -294.1731 -178.7431 -044.2574
v -270.9403 -187.9947 -050.8775
v -268.4452 -189.1207 -044.7388
v -289.2162 -178.1087 000.0000
v -261.4084 -190.5005 -040.4925
v -265.6867 -185.3045 000.0000
v -250.3818 -190.9806 -043.1456
v -234.8005 -186.9142 000.0000
v -214.7113 -190.3198 -036.2462
v -206.2725 -188.4246 -030.7336
v -209.2921 -183.9622 000.0000
v -194.6306 -187.2735 -034.4251
f 142 143 141
f 140 141 143
f 145 143 144
f 143 142 144
f 147 143 146
f 145 146 143
f 147 146 148
f 148 149 147
f 147 149 150
f 151 152 154
f 152 153 154
f 156 154 155
f 154 153 155
f 156 155 158
f 155 157 158
f 157 148 158
f 158 148 146
f 159 160 145
f 146 145 160
f 158 146 161
f 160 161 146
f 162 156 161
f 158 161 156
f 164 156 163
f 156 162 163
f 164 165 156
f 165 166 156
f 154 156 167
f 156 166 167
f 151 154 168
f 154 167 168
f 168 169 151
f 151 169 170
f 172 173 171
f 171 173 174
f 173 175 174
f 174 175 176
f 176 175 178
f 175 177 178
f 164 178 165
f 178 177 165
f 164 163 178
f 163 179 178
f 180 181 179
f 178 179 181
f 181 180 144
f 180 182 144
f 145 144 159
f 144 182 159
v -108.9642 -175.7196 -068.5154
v -097.2089 -177.4507 -076.8570
v -097.7375 -179.3126 -049.8747
v -081.2845 -178.5424 -076.8511
f 183 184 185
f 186 185 184
v -313.9394 -168.7482 -063.8546
v -312.0907 -170.7924 -043.1829
v -331.4868 -159.9081 -043.9626
v -330.4804 -158.2192 -064.3445
v -344.2085 -148.4120 -040.6377
v -338.7254 -148.6027 -067.2861
v -355.7869 -132.5941 -037.8030
v -353.3910 -133.0455 -056.8246
v -363.9586 -114.0102 -033.3800
v -363.1179 -115.7838 -050.5610
v -368.6518 -095.5181 -032.0349
v -366.7859 -096.4867 -046.4702
v -367.6599 -072.9578 -033.0724
v -366.5774 -073.4080 -044.6286
v -361.6627 -035.0374 -033.8492
v -359.5973 -034.6391 -042.6453
v -357.0243 -006.0093 -034.4854
v -352.9709 -006.5998 -043.7217
v -353.5416 019.1408 -033.8478
v -351.6840 014.9002 -043.0359
v -353.6654 044.2277 -032.2000
v -355.2320 021.9613 000.0000
v -354.4507 046.7147 000.0000
v -358.3763 -005.2271 000.0000
v -363.7643 -035.6271 000.0000
v -367.3607 -072.0796 000.0000
v -367.8793 -092.6816 000.0000
v -365.0579 -114.2448 000.0000
v -352.2115 -136.6623 000.0000
v -341.7689 -149.4416 000.0000
v -327.1035 -160.9292 000.0000
v -311.0300 -169.1720 000.0000
v -294.1731 -178.7431 -044.2574
v -289.2162 -178.1087 000.0000
v -347.0778 -007.8218 -054.6398
v -352.6766 -031.7542 -056.0837
v -356.9993 -073.1989 -064.9435
v -355.0120 -098.4868 -067.5228
v -349.2599 -118.0646 -069.2282
v -333.5942 -136.5685 -072.4590
v -341.5655 -030.8965 -067.1045
v -328.3698 -073.0967 -079.3898
v -343.8226 -072.1479 -072.8141
v -335.5398 -096.9157 -076.6213
v -327.9790 -116.2072 -078.4602
v -325.1210 -094.8205 -081.9868
v -356.6995 065.6967 000.0000
v -355.6552 070.4883 -028.0630
v -359.9077 079.6217 000.0000
v -357.8170 083.7714 -028.8502
f 188 189 187
f 187 189 190
f 192 190 191
f 190 189 191
f 191 193 192
f 192 193 194
f 194 193 196
f 193 195 196
f 196 195 198
f 195 197 198
f 197 199 198
f 198 199 200
f 202 200 201
f 200 199 201
f 201 203 202
f 202 203 204
f 205 206 203
f 204 203 206
f 206 205 207
f 205 208 207
f 207 208 209
f 208 205 210
f 205 203 210
f 201 199 211
f 211 199 212
f 199 197 212
f 212 197 213
f 213 197 214
f 197 195 214
f 215 214 193
f 214 195 193
f 191 216 193
f 215 193 216
f 189 217 191
f 216 191 217
f 189 188 217
f 217 188 218
f 220 218 219
f 218 188 219
f 203 201 210
f 210 201 211
f 206 221 204
f 202 204 222
f 204 221 222
f 223 200 222
f 202 222 200
f 224 198 223
f 200 223 198
f 198 224 196
f 224 225 196
f 226 194 225
f 196 225 194
f 194 226 192
f 227 228 229
f 221 227 222
f 222 227 223
f 227 229 223
f 230 224 229
f 223 229 224
f 225 224 231
f 224 230 231
f 225 231 226
f 231 230 232
f 234 207 233
f 207 209 233
f 235 236 233
f 234 233 236
f 230 229 232
f 232 229 228
v 173.4568 -296.5876 -098.6396
v 171.8315 -277.5468 -092.1796
v 177.1416 -276.9024 -094.6100
v 180.6371 -294.9735 -098.4058
v 191.1792 -289.5773 -095.0117
v 188.0971 -273.3242 -089.0200
v 196.0643 -271.2860 -090.0890
v 202.1366 -288.1725 -094.5561
v 199.4078 -271.3047 -082.4553
v 205.7496 -288.7282 -084.4225
v 173.5077 -302.2732 -097.2751
v 180.2387 -308.9615 -096.1851
v 172.1745 -311.6887 -097.9111
v 181.1797 -313.5641 -093.3096
f 237 238 240
f 238 239 240
f 244 241 243
f 241 242 243
f 246 244 245
f 244 243 245
f 237 240 247
f 247 248 249
f 249 248 250
v 197.0051 -314.1862 -106.5178
v 211.0033 -314.8257 -106.8816
v 214.8880 -322.1616 -107.6203
v 203.1262 -325.6709 -111.1122
v 224.7981 -334.2804 -112.7459
v 213.8771 -339.7683 -121.4726
v 234.3303 -350.7846 -119.5262
v 225.4361 -355.0931 -123.5118
v 202.5468 -355.6842 -120.4841
v 198.1186 -344.1282 -118.0532
v 192.6176 -328.8880 -109.3746
v 188.6443 -319.1742 -104.7318
v 228.1229 -333.8250 -104.3475
v 220.1939 -322.6457 -099.6503
v 217.0039 -313.4504 -097.8866
v 209.1539 -303.2437 -094.7029
v 211.3587 -301.1851 -085.1648
v 221.7369 -315.6093 -088.8927
v 184.1888 -324.6003 -101.4774
v 186.5135 -335.3827 -105.4981
v 191.9391 -348.7078 -111.0869
v 198.0621 -304.3895 -096.4237
f 251 252 254
f 252 253 254
f 254 253 256
f 253 255 256
f 255 257 256
f 256 257 258
f 259 260 258
f 258 260 256
f 256 260 254
f 260 261 254
f 254 261 251
f 261 262 251
f 255 253 263
f 263 253 264
f 264 253 265
f 253 252 265
f 268 265 267
f 265 266 267
f 261 270 262
f 269 262 270
f 261 260 270
f 271 270 260
f 260 259 271
f 272 265 252
v 202.1366 -288.1725 -094.5561
v 205.7496 -288.7282 -084.4225
v 211.3587 -301.1851 -085.1648
v 209.1539 -303.2437 -094.7029
v 191.1792 -289.5773 -095.0117
v 184.8272 -292.7260 -099.6966
v 183.0669 -273.6121 -090.3313
v 188.0971 -273.3242 -089.0200
v 180.6371 -294.9735 -098.4058
v 177.1416 -276.9024 -094.6100
v 170.5953 -300.6628 -083.2630
v 173.5077 -302.2732 -097.2751
v 172.1745 -311.6887 -097.9111
v 170.9173 -313.3145 -080.7940
v 181.1797 -313.5641 -093.3096
v 180.6407 -317.3343 -083.4455
f 273 274 276
f 274 275 276
f 278 279 277
f 277 279 280
f 279 278 282
f 281 282 278
f 285 286 284
f 283 284 286
f 285 287 286
f 286 287 288
v 180.6407 -317.3343 -083.4455
v 181.1797 -313.5641 -093.3096
v 184.1888 -324.6003 -101.4774
v 183.2790 -329.6508 -086.5078
v 193.3899 -354.6253 -091.2438
v 191.9391 -348.7078 -111.0869
v 202.5468 -355.6842 -120.4841
v 207.8928 -358.4991 -091.7088
v 186.5135 -335.3827 -105.4981
v 183.9523 -340.5292 -088.3488
f 291 292 290
f 289 290 292
f 296 293 295
f 293 294 295
f 297 298 291
f 292 291 298
f 293 298 294
f 298 297 294
v 174.1854 -311.4181 -070.0705
v 170.9173 -313.3145 -080.7940
v 180.6407 -317.3343 -083.4455
v 190.0481 -313.1932 -072.8621
f 302 299 301
f 299 300 301
v 183.2790 -329.6508 -086.5078
v 192.9730 -329.8418 -068.9538
v 190.0481 -313.1932 -072.8621
v 180.6407 -317.3343 -083.4455
v 183.9523 -340.5292 -088.3488
v 194.1325 -343.4803 -070.1314
v 193.3899 -354.6253 -091.2438
v 200.2745 -352.3420 -068.8103
v 207.8928 -358.4991 -091.7088
v 212.6553 -354.9679 -070.1005
v 219.7935 -358.3948 -093.6437
v 224.4147 -354.5557 -073.2888
f 304 305 303
f 303 305 306
f 304 303 308
f 303 307 308
f 309 310 307
f 308 307 310
f 309 311 310
f 310 311 312
f 311 313 312
f 312 313 314
v 170.5953 -300.6628 -083.2630
v 170.9173 -313.3145 -080.7940
v 174.1854 -311.4181 -070.0705
v 177.6024 -298.0086 -070.7575
v 173.6425 -274.3683 -073.6866
v 170.0797 -279.4792 -082.4250
v 202.1366 -288.1725 -094.5561
v 209.1539 -303.2437 -094.7029
v 198.0621 -304.3895 -096.4237
v 191.1792 -289.5773 -095.0117
f 318 315 317
f 315 316 317
f 319 320 318
f 318 320 315
f 322 323 321
f 321 323 324
v 189.8573 -306.8274 -099.4338
v 198.0621 -304.3895 -096.4237
v 211.0033 -314.8257 -106.8816
v 197.0051 -314.1862 -106.5178
f 327 328 326
f 325 326 328
v 198.0621 -304.3895 -096.4237
v 189.8573 -306.8274 -099.4338
v 184.8272 -292.7260 -099.6966
v 191.1792 -289.5773 -095.0117
v 185.5134 -308.3228 -098.6129
v 180.6371 -294.9735 -098.4058
f 329 330 332
f 330 331 332
f 331 330 334
f 330 333 334
v 185.5134 -308.3228 -098.6129
v 189.8573 -306.8274 -099.4338
v 197.0051 -314.1862 -106.5178
v 188.6443 -319.1742 -104.7318
v 181.1797 -313.5641 -093.3096
v 184.1888 -324.6003 -101.4774
f 337 338 336
f 335 336 338
f 340 339 338
f 339 335 338
v 180.2387 -308.9615 -096.1851
v 185.5134 -308.3228 -098.6129
v 181.1797 -313.5641 -093.3096
v 173.5077 -302.2732 -097.2751
v 180.6371 -294.9735 -098.4058
v 170.5953 -300.6628 -083.2630
v 173.4568 -296.5876 -098.6396
f 341 342 343
f 345 342 344
f 344 342 341
f 344 346 347
v 221.7369 -315.6093 -088.8927
v 211.3587 -301.1851 -085.1648
v 207.3690 -302.0848 -078.2654
v 218.7495 -316.1535 -080.0285
f 348 349 351
f 349 350 351
v 211.3587 -301.1851 -085.1648
v 205.7496 -288.7282 -084.4225
v 200.1343 -284.7715 -076.2517
v 207.3690 -302.0848 -078.2654
f 354 355 353
f 352 353 355
v 217.0039 -313.4504 -097.8866
v 221.7369 -315.6093 -088.8927
v 223.6407 -322.0054 -089.2030
v 220.1939 -322.6457 -099.6503
v 224.7981 -334.2804 -112.7459
v 228.1229 -333.8250 -104.3475
v 238.6827 -346.2222 -113.6480
v 234.3303 -350.7846 -119.5262
v 232.7021 -335.2317 -095.8234
v 244.0236 -350.9564 -101.9417
v 230.9358 -334.5468 -080.1508
v 237.7814 -348.4109 -080.0332
v 223.5942 -324.3103 -082.3955
v 218.7495 -316.1535 -080.0285
f 356 357 359
f 357 358 359
f 363 360 362
f 360 361 362
f 365 362 364
f 362 361 364
f 358 364 359
f 364 361 359
f 365 364 367
f 364 366 367
f 366 364 368
f 364 358 368
f 369 368 357
f 368 358 357
v 174.1854 -311.4181 -070.0705
v 190.0481 -313.1932 -072.8621
v 185.7471 -295.0722 -066.9988
v 177.6024 -298.0086 -070.7575
v 199.8099 -303.9955 -071.8855
v 194.5632 -287.6710 -070.3118
v 207.3690 -302.0848 -078.2654
v 200.1343 -284.7715 -076.2517
v 188.4318 -272.4404 -070.1999
v 184.1282 -271.6008 -070.8009
v 197.2647 -272.8848 -077.2496
f 370 371 372
f 370 372 373
f 371 374 372
f 374 375 372
f 377 375 376
f 374 376 375
f 379 372 378
f 372 375 378
f 378 375 380
f 375 377 380
v 190.0481 -313.1932 -072.8621
v 192.9730 -329.8418 -068.9538
v 205.9222 -323.0076 -067.4936
v 199.8099 -303.9955 -071.8855
v 218.7495 -316.1535 -080.0285
v 207.3690 -302.0848 -078.2654
v 194.1325 -343.4803 -070.1314
v 210.7985 -336.3571 -067.7007
v 223.5942 -324.3103 -082.3955
f 384 381 383
f 381 382 383
f 383 385 384
f 384 385 386
f 387 388 382
f 382 388 383
f 389 385 388
f 383 388 385
v 177.6024 -298.0086 -070.7575
v 185.7471 -295.0722 -066.9988
v 184.1282 -271.6008 -070.8009
v 173.6425 -274.3683 -073.6866
f 392 393 391
f 390 391 393
v 210.7985 -336.3571 -067.7007
v 194.1325 -343.4803 -070.1314
v 200.2745 -352.3420 -068.8103
v 212.6553 -354.9679 -070.1005
v 223.5942 -324.3103 -082.3955
v 230.9358 -334.5468 -080.1508
v 224.4147 -354.5557 -073.2888
v 237.7814 -348.4109 -080.0332
v 244.0236 -350.9564 -101.9417
v 219.7935 -358.3948 -093.6437
v 207.8928 -358.4991 -091.7088
v 202.5468 -355.6842 -120.4841
v 225.4361 -355.0931 -123.5118
f 394 395 396
f 397 394 396
f 398 394 399
f 397 400 394
f 399 394 401
f 401 394 400
f 403 402 400
f 402 401 400
f 406 403 405
f 404 405 403
v -259.1357 -151.0845 -088.5470
v -273.4184 -171.7948 -074.9581
v -283.7147 -179.1733 -092.1563
v -268.7162 -153.9807 -098.8048
v -291.8293 -190.4184 -100.4659
v -276.5069 -156.1164 -108.4313
v -301.0917 -188.4498 -108.3510
v -286.2576 -154.6894 -111.7139
v -311.7476 -186.6892 -110.8034
v -295.5052 -149.6840 -112.8812
v -323.2610 -183.4299 -108.7832
v -306.3133 -144.0555 -109.0926
v -336.5990 -148.5170 -088.8076
v -349.0520 -176.0417 -090.3104
v -349.8521 -176.2078 -076.2472
v -338.7254 -148.6027 -067.2861
v -333.5942 -136.5685 -072.4590
v -331.9817 -136.5015 -088.6015
v -307.8699 -255.3982 -104.6834
v -316.2498 -255.6375 -105.8409
v -317.7824 -227.9173 -104.7580
v -306.8444 -226.0195 -103.5070
v -316.9489 -211.0039 -107.6796
v -304.7974 -210.9628 -106.3497
v -320.7447 -210.3206 -107.1366
v -325.1541 -256.4050 -102.3627
v -328.1816 -230.5055 -100.1878
v -332.7526 -207.5729 -100.5328
v -335.7996 -181.1803 -097.5625
v -334.7304 -257.3628 -095.5211
v -338.9388 -230.5625 -095.0348
v -345.1965 -207.7314 -093.1974
v -302.2819 -252.2240 -097.9148
v -300.7483 -227.0712 -098.4279
v -296.9687 -209.7941 -098.2836
v -289.2438 -195.0810 -087.8120
v -298.1187 -214.2718 -085.8353
v -303.0605 -231.1222 -088.4330
v -304.6610 -251.0881 -090.0772
v -296.4215 -197.8727 -077.6572
v -304.0398 -215.6239 -080.8208
v -312.0761 -215.7770 -076.6432
v -314.4012 -233.3635 -082.9994
v -306.6022 -195.3125 -071.9516
v -321.1005 -185.0398 -070.0723
v -325.3309 -213.7354 -076.0713
v -323.5873 -233.5338 -082.0588
v -324.0554 -255.5467 -085.6262
v -313.2772 -252.8669 -084.8639
v -330.4804 -158.2192 -064.3445
v -338.1262 -182.8189 -069.7034
v -313.9394 -168.7482 -063.8546
v -342.2698 -207.0796 -077.3898
v -333.9489 -232.8145 -082.7572
v -329.7886 -254.9020 -086.1657
v -346.3753 -207.9892 -084.4667
v -341.2068 -235.6105 -086.5813
v -337.2066 -256.9159 -090.4785
v -334.2096 -153.3989 -092.1628
v 195.3911 -246.2233 -083.0594
v 193.0747 -246.3535 -089.4743
v 198.5330 -222.1319 -089.3145
v 202.4530 -219.5334 -081.1284
v 201.3095 -205.1912 -091.1043
v 204.7696 -205.0138 -081.4712
v 202.1591 -175.5289 -091.2093
v 205.3108 -173.8285 -082.4853
v 203.6036 -157.9080 -096.7151
v 205.9844 -156.1331 -085.8957
v 167.8986 -251.3137 -089.1745
v 173.7623 -248.5017 -091.8334
v 177.1416 -276.9024 -094.6100
v 171.8315 -277.5468 -092.1796
v 164.8793 -228.0014 -092.9365
v 171.0406 -227.2223 -095.4296
v 162.4900 -208.7301 -096.3391
v 172.0031 -210.5568 -097.1354
v 157.2979 -182.7591 -098.5823
v 171.7145 -180.9530 -100.4092
v 154.1750 -164.3613 -101.4190
v 165.0318 -164.5881 -105.3347
v 158.6321 -227.3752 -088.0969
v 165.5948 -252.0927 -084.4269
v 152.9305 -209.2083 -088.7353
v 150.8714 -180.8578 -093.4359
v 148.0629 -164.0132 -095.3447
v 160.1290 -226.7132 -078.7696
v 166.3494 -248.5963 -079.0773
v 154.4087 -208.0722 -078.6432
v 147.3886 -181.8947 -079.9576
v 145.1825 -157.6856 -070.2758
v 167.7597 -223.7953 -069.6318
v 175.6349 -244.6399 -070.5428
v 164.3403 -207.6583 -068.9565
v 159.6751 -172.2028 -068.4655
v 159.9889 -159.5526 -062.3185
v 199.4078 -271.3047 -082.4553
v 196.0643 -271.2860 -090.0890
v 186.4064 -246.9953 -093.5601
v 188.0971 -273.3242 -089.0200
v 194.1767 -175.9457 -099.7454
v 193.7009 -162.5419 -102.6843
v 191.8641 -208.3654 -100.1275
v 190.6370 -228.2284 -096.4887
v 180.1127 -248.4690 -093.8593
v 183.0669 -273.6121 -090.3313
v 180.4927 -158.1954 -108.9198
v 181.8846 -175.6976 -102.3593
v 183.9224 -210.9267 -099.8351
v 181.8266 -231.3852 -096.8652
f 409 410 408
f 407 408 410
f 412 410 411
f 410 409 411
f 411 413 412
f 412 413 414
f 416 414 415
f 414 413 415
f 418 416 417
f 416 415 417
f 419 420 422
f 420 421 422
f 422 423 419
f 423 424 419
f 425 426 428
f 426 427 428
f 427 429 428
f 428 429 430
f 415 413 429
f 430 429 413
f 427 431 429
f 429 431 415
f 431 417 415
f 426 432 427
f 432 433 427
f 434 431 433
f 427 433 431
f 435 417 434
f 431 434 417
f 437 433 436
f 432 436 433
f 438 434 437
f 433 437 434
f 420 435 438
f 434 438 435
f 428 440 425
f 439 425 440
f 440 428 441
f 428 430 441
f 413 411 430
f 441 430 411
f 442 411 409
f 443 441 442
f 411 442 441
f 441 443 440
f 443 444 440
f 440 444 439
f 444 445 439
f 442 446 443
f 446 447 443
f 443 447 444
f 444 447 449
f 447 448 449
f 450 448 446
f 446 448 447
f 451 452 450
f 450 452 448
f 452 453 448
f 448 453 449
f 454 455 453
f 449 453 455
f 422 421 456
f 456 421 457
f 456 457 458
f 457 451 458
f 452 451 459
f 451 457 459
f 459 460 452
f 452 460 453
f 453 460 454
f 460 461 454
f 462 459 421
f 457 421 459
f 462 463 459
f 459 463 460
f 460 463 461
f 463 464 461
f 462 438 463
f 438 437 463
f 436 464 437
f 463 437 464
f 421 420 462
f 420 438 462
f 419 465 420
f 435 420 465
f 469 466 468
f 466 467 468
f 468 470 469
f 469 470 471
f 471 470 473
f 470 472 473
f 474 475 472
f 473 472 475
f 478 479 477
f 476 477 479
f 476 480 477
f 480 481 477
f 480 482 481
f 482 483 481
f 483 482 485
f 484 485 482
f 485 484 487
f 486 487 484
f 489 488 476
f 488 480 476
f 482 480 490
f 490 480 488
f 490 491 482
f 491 484 482
f 484 491 486
f 492 486 491
f 488 489 493
f 493 489 494
f 490 488 495
f 495 488 493
f 491 490 496
f 496 490 495
f 492 491 497
f 497 491 496
f 499 498 494
f 498 493 494
f 495 493 500
f 500 493 498
f 501 496 500
f 496 495 500
f 497 496 502
f 502 496 501
f 504 467 503
f 467 466 503
f 506 505 504
f 505 467 504
f 474 472 508
f 507 508 472
f 509 507 470
f 507 472 470
f 468 467 510
f 510 467 505
f 510 509 468
f 509 470 468
f 477 511 478
f 478 511 512
f 505 506 511
f 511 506 512
f 513 514 487
f 485 487 514
f 514 515 485
f 483 485 515
f 515 516 483
f 481 483 516
f 481 516 477
f 477 516 511
f 514 513 507
f 513 508 507
f 515 514 509
f 514 507 509
f 516 515 510
f 515 509 510
f 510 505 516
f 511 516 505
v 198.0621 -304.3895 -096.4237
v 209.1539 -303.2437 -094.7029
v 217.0039 -313.4504 -097.8866
v 219.7935 -358.3948 -093.6437
v 225.4361 -355.0931 -123.5118
v 234.3303 -350.7846 -119.5262
v 238.6827 -346.2222 -113.6480
v 244.0236 -350.9564 -101.9417
f 517 518 519
f 521 522 520
f 522 523 520
f 520 523 524
v 184.1282 -271.6008 -070.8009
v 175.6349 -244.6399 -070.5428
v 166.3494 -248.5963 -079.0773
v 173.6425 -274.3683 -073.6866
v 174.0323 -167.9830 -066.4098
v 172.1211 -159.0185 -060.1932
v 159.9889 -159.5526 -062.3185
v 159.6751 -172.2028 -068.4655
v 174.7671 -206.7518 -063.8841
v 164.3403 -207.6583 -068.9565
v 177.2999 -223.0292 -064.4940
v 167.7597 -223.7953 -069.6318
v 165.5948 -252.0927 -084.4269
v 170.0797 -279.4792 -082.4250
v 205.7496 -288.7282 -084.4225
v 199.4078 -271.3047 -082.4553
v 197.2647 -272.8848 -077.2496
v 200.1343 -284.7715 -076.2517
v 182.8658 -247.7348 -067.3470
v 188.4318 -272.4404 -070.1999
v 194.7264 -244.3232 -073.2587
v 192.1881 -215.7616 -069.2678
v 195.3911 -246.2233 -083.0594
v 199.1892 -174.8400 -065.2770
v 196.3153 -158.8839 -061.2861
v 194.5206 -201.5769 -067.2724
v 205.3108 -173.8285 -082.4853
v 205.9844 -156.1331 -085.8957
v 204.7696 -205.0138 -081.4712
v 202.4530 -219.5334 -081.1284
v 211.1557 -137.6942 -089.6570
v 214.1273 -123.4642 -094.1254
v 215.8051 -120.9613 -078.3941
v 212.6237 -133.0172 -072.1011
v 207.1448 -141.0118 -100.6192
v 209.9566 -125.9996 -105.5763
v 197.4215 -146.9208 -106.8951
v 196.6698 -122.8160 -115.3716
v 180.1794 -146.5464 -112.9277
v 180.5207 -126.8427 -116.5317
v 161.2396 -148.5728 -109.9731
v 160.1721 -126.2359 -114.1420
v 151.6700 -145.3050 -106.8516
v 149.7480 -128.3201 -108.8258
v 145.4817 -143.0228 -097.6569
v 143.0817 -130.1205 -102.4924
v 132.8862 -135.2627 -075.8733
v 134.8219 -128.2064 -084.5204
v 217.7450 -112.7765 -097.4416
v 218.0012 -113.0557 -082.1812
v 214.8553 -110.3067 -106.5410
v 202.4692 -107.4646 -117.2465
v 183.8895 -108.7204 -120.1408
v 164.5819 -108.7442 -117.3773
v 152.4407 -112.5312 -114.2248
v 143.8439 -114.8029 -109.8069
v 131.0865 -113.6322 -091.4838
v 207.9600 -147.3377 -065.4997
v 204.8200 -158.1983 -055.5832
v 180.4927 -158.1954 -108.9198
v 165.0318 -164.5881 -105.3347
v 193.7009 -162.5419 -102.6843
v 203.6036 -157.9080 -096.7151
v 222.2082 -095.7342 -101.4137
v 222.9345 -099.2723 -086.2826
v 163.5139 -096.5221 -118.4968
v 186.7657 -092.0633 -120.6933
v 205.8189 -093.1238 -116.3518
v 215.8585 -095.5809 -111.3647
v 148.0629 -164.0132 -095.3447
v 145.1825 -157.6856 -070.2758
v 133.7875 -094.5716 -102.1299
v 142.8883 -098.6690 -113.3905
v 154.1750 -164.3613 -101.4190
v 153.6037 -098.5876 -118.5597
v 323.3975 205.9193 -007.2431
v 300.9101 197.1604 -003.4220
v 298.5371 198.2663 000.0000
v 324.7406 207.3333 000.0000
v 325.2224 202.6347 -014.8215
v 303.6361 191.3989 -016.9838
v 327.6333 186.3773 -029.4266
v 305.8366 177.3346 -029.7337
v 333.7545 174.8927 -034.0210
v 308.6666 163.2991 -033.8863
v 337.7233 158.7800 -040.0781
v 311.5383 149.2390 -038.0228
v 347.3410 136.6149 -045.4658
v 316.3181 120.9972 -046.2438
v 352.8445 106.0127 -048.9443
v 318.9664 090.7503 -050.0122
v 355.9394 070.6516 -045.2535
v 328.0681 051.0802 -049.9434
v 361.9650 047.2046 -039.1742
v 332.1825 026.6690 -046.5750
v 364.1195 040.7454 -036.2198
v 336.0040 016.5487 -041.2685
v 367.4710 033.8839 -030.7840
v 337.8799 007.3736 -035.5362
v 370.0363 026.5794 -024.0762
v 343.8950 -008.2580 -025.7015
v 373.7014 018.1837 -017.6819
v 351.4981 -012.1886 -018.7589
v 373.1689 018.6391 000.0000
v 348.6028 -014.1683 000.0000
v 371.6360 234.3387 000.0000
v 372.7093 230.8406 -015.0049
v 345.8300 215.1656 -010.2662
v 345.4971 216.9877 000.0000
v 412.0842 062.7141 -018.5461
v 412.6565 064.2027 000.0000
v 392.9251 041.1689 000.0000
v 395.5635 043.2417 -019.7586
v 388.9626 047.5277 -024.7365
v 410.5198 067.2581 -030.0001
v 386.1841 056.0638 -031.1961
v 406.8249 079.8926 -040.0813
v 384.9352 066.4451 -038.7198
v 404.1657 103.9756 -049.6922
v 382.3137 085.3054 -046.1519
v 398.8510 129.7806 -053.9537
v 374.7724 118.4933 -051.8662
v 388.6058 155.0141 -050.4830
v 365.0974 146.3740 -047.8617
v 388.1998 176.4428 -047.6337
v 359.0526 170.1090 -041.1994
v 381.4876 196.8416 -044.3000
v 354.1188 184.9183 -038.6366
v 375.8215 220.6683 -032.3051
v 347.9418 197.8250 -031.7478
v 374.5669 226.6001 -024.1930
v 346.0196 210.3494 -018.0368
v 311.8124 -070.3925 000.0000
v 310.7533 -069.1019 -026.4602
v 334.2159 -038.4674 -020.1349
v 333.5210 -037.5755 000.0000
v 236.1089 176.6660 -020.2595
v 233.9597 180.7702 000.0000
v 272.3503 189.8839 000.0000
v 271.5712 182.8219 -016.7709
v 240.6969 164.5328 -034.1479
v 273.8132 168.7333 -029.5046
v 251.9027 148.5931 -042.2962
v 277.5680 153.8710 -035.2829
v 255.3871 128.4278 -051.2335
v 281.5366 137.7583 -041.3399
v 263.7461 101.7260 -058.1611
v 285.4291 109.3951 -049.4650
v 274.7937 071.2253 -061.5674
v 294.8387 078.3357 -051.5058
v 281.1504 046.9098 -065.7443
v 306.1090 039.7226 -057.4193
v 289.8733 027.1916 -065.1298
v 291.9870 008.4875 -064.2460
v 313.6321 017.1237 -053.9896
v 295.3029 -012.7690 -052.0499
v 316.6160 002.1310 -045.7261
v 298.6408 -041.3503 -042.8964
v 319.9571 -015.3739 -038.0150
v 305.3144 -060.9681 -032.6931
v 328.6426 -030.0744 -027.6331
v 283.5437 -023.1101 -057.7890
v 275.3156 040.0829 -071.3141
v 267.9445 068.7427 -072.0573
v 279.0681 021.9187 -071.8263
v 279.0657 004.4324 -071.7488
v 273.6198 -034.6225 -065.9345
v 274.3995 -012.9852 -071.8277
v 251.4162 098.8713 -067.4527
v 248.2917 099.7637 -070.2425
v 239.6355 124.2239 -059.7722
v 261.8307 -054.9092 -080.5491
v 253.9200 -072.7778 -075.0475
v 241.0367 -077.7999 -084.1105
v 254.3372 -054.8031 -093.7182
v 269.0576 -036.8057 -081.9343
v 259.4499 -042.2948 -098.1263
v 270.2577 -019.7406 -079.5611
v 260.7430 -020.8248 -097.4218
v 273.4183 003.8769 -086.5810
v 264.9413 003.1535 -102.4796
v 273.1512 021.9003 -089.1585
v 266.8936 020.6182 -101.4371
v 270.6960 039.3597 -084.9582
v 261.6001 044.7717 -096.0748
v 260.4217 072.8827 -076.9671
v 257.0400 073.8683 -083.0405
v 268.8131 -051.7509 -067.2975
v 254.2439 099.9928 -064.8592
v 213.2390 175.5821 -018.0271
v 212.8139 178.8397 000.0000
v 218.3003 165.4070 -034.1767
v 230.1359 139.7721 -054.6015
v 229.2449 -087.1852 -088.2400
v 224.5624 -086.4372 -099.5778
v 234.6081 -074.5350 -101.3296
v 209.6552 167.8482 -032.6810
v 206.9379 172.7818 -021.2746
v 218.9848 146.8992 -051.7501
v 226.6003 127.3253 -066.3332
v 234.7317 106.6114 -075.8763
v 239.9389 078.2091 -091.5279
v 244.8969 052.9858 -103.7335
v 249.5354 025.0522 -113.2081
v 250.0490 -003.5029 -117.0179
v 245.2588 -024.4072 -113.8797
v 243.9827 -039.5385 -113.1324
v 238.4638 -059.1919 -104.3058
v 201.3534 -066.2303 -119.1491
v 210.8912 -035.7128 -125.9691
v 204.2206 177.7154 000.0000
v 180.7583 175.6546 -017.7627
v 179.4465 178.7719 000.0000
v 213.6269 -018.7666 -127.8057
v 214.1790 -005.5306 -129.5565
v 208.1700 028.3249 -125.9461
v 202.3441 052.9338 -114.4399
v 197.5941 082.7957 -101.8423
v 195.8254 113.0271 -086.1813
v 185.9443 145.0393 -063.2222
v 182.1946 161.8209 -040.3751
v 179.8719 171.4447 -025.9352
v 073.7904 160.4213 -028.1713
v 022.3642 168.4075 -016.0743
v 023.4527 173.0117 000.0000
v 073.3818 174.0873 000.0000
v 072.5959 147.8055 -046.1804
v 023.7330 159.5746 -028.8672
v 076.0722 120.5036 -070.0545
v 028.9039 149.6446 -043.0055
v 085.7323 098.5001 -087.4029
v 030.5671 129.8417 -062.9719
v 092.1312 075.5659 -099.9330
v 024.3473 113.4082 -081.9993
v 093.9271 037.9986 -118.5872
v 031.6341 078.5311 -108.6260
v 092.7775 019.5225 -123.3043
v 053.9252 035.3984 -125.4493
v 095.0215 004.2751 -125.6188
v 053.9150 014.8262 -132.1014
v 094.3855 -010.1127 -127.4771
v 051.6872 -002.0713 -135.6627
v 096.0321 -030.8052 -124.3133
v 054.2386 -018.8227 -137.0375
v 097.4530 -052.5273 -114.0353
v 054.6875 -039.0940 -136.3244
v 094.8819 -063.8568 -110.2958
v 055.0658 -063.3015 -133.1311
v 093.9974 -089.4739 -101.9809
v 052.7724 -086.2854 -125.3811
v 095.6456 -107.0504 -092.1063
v 054.4825 -113.3123 -109.6902
v 093.0660 -121.6516 -083.1196
v 053.0629 -131.6423 -092.9842
v 092.2703 -129.6032 -072.8307
v 053.8756 -140.8602 -076.4911
v 091.2699 -145.5066 -057.6185
v 048.9819 -152.4947 -067.2392
v 091.2989 -149.9314 -041.9547
v 048.0235 -163.1521 -040.1961
v 092.7497 -155.8489 000.0000
v 044.6550 -167.2950 000.0000
v -022.1516 168.6349 -015.1403
v -055.9706 169.4180 -018.6107
v -054.7248 174.2126 000.0000
v -022.8904 173.4267 000.0000
v -026.7035 162.7058 -026.6577
v -055.7624 164.1278 -027.1462
v -024.7999 156.5146 -038.9142
v -062.6493 158.5426 -044.3136
v -017.9548 147.1301 -054.4513
v -059.7781 148.9620 -064.1047
v -019.2546 130.5535 -070.0080
v -067.4657 133.3008 -076.1059
v -040.6155 100.5088 -097.1088
v -091.0602 120.4118 -083.7740
v -011.5190 045.8427 -134.6197
v -096.9076 090.1205 -114.6223
v 000.5537 016.3519 -147.2265
v -075.2416 043.8132 -146.7349
v 001.8086 000.2865 -152.3199
v -064.5496 017.9261 -158.4316
v 003.4087 -022.5059 -154.2949
v -053.6767 -014.4454 -168.2232
v 001.0486 -050.2317 -157.6297
v -053.3528 -058.2280 -170.1405
v 002.1051 -083.1931 -151.1548
v -050.5045 -091.3827 -164.5612
v -004.1570 -114.3825 -139.5176
v -048.7217 -119.3519 -150.4026
v -007.1941 -134.6991 -123.7379
v -052.4231 -139.9266 -131.3019
v -007.2300 -145.0245 -108.7397
v -052.6127 -149.5000 -116.7736
v -006.3012 -158.3021 -086.5082
v -053.5144 -161.5983 -092.0556
v -089.4132 171.2652 -015.1911
v -121.5563 175.7097 -013.3494
v -117.9474 178.6649 000.0000
v -086.6132 175.4670 000.0000
v -095.4897 167.7544 -029.3034
v -122.7613 170.9095 -027.6029
v -101.7767 160.7824 -054.1965
v -129.2756 165.6509 -051.4030
v -104.6070 150.9097 -076.1060
v -133.8488 161.3735 -072.5441
v -111.5594 139.2380 -081.9623
v -140.3848 153.3059 -090.2827
v -127.8903 119.2051 -094.6843
v -155.1526 140.0025 -105.0193
v -120.0768 097.8822 -110.3391
v -155.2899 112.8654 -115.1040
v -114.7922 080.7955 -125.4191
v -145.4529 087.5045 -123.8858
v -112.0716 042.4016 -145.6990
v -140.5685 057.3835 -135.2181
v -107.7307 016.5008 -155.3393
v -147.9588 029.5746 -144.0042
v -105.3434 -034.2553 -169.0245
v -148.9699 -002.4215 -151.0987
v -107.7209 -086.9649 -163.3144
v -139.5501 -069.8702 -155.3257
v -106.1272 -114.1877 -149.6230
v -137.6176 -094.8757 -145.1608
v -100.1366 -133.5897 -135.3338
v -140.2349 -112.7845 -130.9055
v -095.2525 -144.0582 -116.8650
v -140.7658 -123.6026 -111.2930
v 164.4178 -085.7872 -120.8494
v 164.0095 -067.4556 -124.6804
v 146.2507 174.5481 -022.2394
v 145.6656 178.5879 000.0000
v 148.3832 169.7594 -028.8781
v 149.7138 161.8935 -040.1108
v 150.4951 148.3493 -058.5976
v 151.7126 133.4367 -074.1076
v 157.0685 093.8327 -098.9108
v 158.2203 077.1083 -106.8180
v 163.0080 042.0236 -117.2369
v 164.9027 022.4458 -121.1969
v 166.0355 001.9397 -124.6002
v 166.4159 -018.9659 -126.6729
v 167.8622 -041.0061 -129.1177
v 160.4939 -155.6997 000.0000
v 192.0432 -156.7396 000.0000
v 121.0555 -146.0061 -057.6841
v 119.2040 -133.0605 -067.8707
v 122.3415 -153.2658 -043.4522
v 128.9448 -154.6597 000.0000
v 121.9163 -121.8342 -082.3029
v 125.2961 -092.8825 -100.1643
v 137.3216 -056.4620 -110.6245
v 123.0116 -108.5439 -089.4543
v -007.8470 -168.8266 -080.0230
v -009.4135 -176.9086 -055.6924
v -095.3236 -154.5941 -089.9180
v 288.1063 -049.3146 -052.1968
v 266.3024 -144.0487 -047.8149
v 274.0886 -133.9225 -046.3604
v 282.4356 -140.7256 -035.5013
v -136.5948 176.9608 -013.3901
v -135.0950 180.7009 000.0000
v -139.6332 172.3782 -026.7642
v -141.7595 167.6180 -052.9265
v -146.5432 165.5336 -072.2125
v -158.2187 156.7542 -098.2349
v -172.1806 139.1264 -111.3307
v -173.3703 108.3864 -118.1489
v -180.7421 065.7142 -120.9422
v -179.6156 045.2382 -124.3643
v -181.0920 028.7592 -129.2257
v -179.5130 003.3439 -137.1160
v -180.2864 -028.2523 -140.1315
v -183.7859 -054.0871 -129.5851
v -178.2928 -077.0786 -117.3619
v -175.7573 -094.5337 -107.5832
v -168.3863 178.9041 -012.1501
v -167.6510 182.6886 000.0000
v -171.4432 174.7956 -024.7594
v -174.4732 173.4849 -043.3807
v -192.9731 161.7188 -080.6390
v -199.6117 138.7891 -106.4104
v -198.0388 113.4038 -114.3196
v -201.3663 081.0726 -115.8827
v -203.0191 054.7622 -118.9762
v -202.1159 041.1979 -123.4679
v -193.2916 023.2972 -130.4589
v -189.7394 003.7852 -136.5798
v -195.0547 -027.5573 -137.7028
v -203.3655 -052.6012 -127.7639
v -205.0292 -075.5566 -111.4167
v -204.3593 -087.5823 -102.8879
v -178.2298 -102.0581 -094.3381
v -203.3406 -091.0030 -096.4220
v -119.8513 -145.6102 -088.5435
v -145.6655 -129.5527 -089.4240
v -136.6873 -134.0211 -090.7567
v -207.9597 181.7785 -013.8375
v -205.7387 184.1308 000.0000
v -210.0170 178.9980 -022.9245
v -213.7524 175.3182 -043.3142
v -217.2139 162.3010 -080.5318
v -220.5791 135.6023 -108.1662
v -229.6056 106.2810 -117.1139
v -229.8249 076.8333 -120.3884
v -225.6285 054.7326 -123.8301
v -215.8400 038.1542 -127.2962
v -207.0413 020.7766 -133.5106
v -206.4786 001.8789 -141.1866
v -218.7634 -037.5454 -140.6902
v -227.6341 -068.9823 -126.8026
v -229.2049 -093.3921 -112.8136
v -229.9356 -102.5449 -104.4687
v -230.6662 -111.6976 -096.1238
v -267.2899 190.5110 -006.7168
v -262.9466 191.8204 000.0000
v -269.7367 187.1291 -021.8796
v -270.3112 182.5435 -039.5127
v -271.5246 174.6763 -060.4653
v -271.7480 157.6797 -087.5971
v -268.4930 126.2021 -111.0490
v -257.2286 083.5495 -125.2192
v -253.6112 065.6633 -126.9661
v -252.0947 055.9036 -127.3617
v -247.3750 030.0945 -131.6695
v -243.3366 007.8222 -137.1269
v -241.4730 -010.8377 -139.5384
v -238.2920 -041.7450 -137.5045
v -243.0508 -082.2313 -125.4486
v -256.6746 -121.1312 -116.7101
v -305.3102 196.8810 -005.1104
v -303.7562 200.1526 000.0000
v -307.7669 187.1112 -021.7368
v -307.5310 184.6000 -036.3149
v -310.9047 178.9477 -056.5323
v -308.5650 165.7340 -078.4479
v -302.8932 146.1517 -094.1324
v -293.0312 110.3580 -112.5876
v -282.5835 075.5899 -120.9042
v -279.0630 046.8810 -122.4273
v -278.7011 026.4495 -123.7352
v -268.7022 007.6781 -129.0565
v -264.9338 -024.1719 -133.9644
v -261.6467 -051.1373 -134.4133
v -262.4856 -088.8200 -126.1176
v -272.5776 -121.4862 -119.0384
v -276.5069 -156.1164 -108.4313
v -286.2576 -154.6894 -111.7139
v -335.8510 181.0253 -038.0095
v -351.9716 168.5231 -031.7130
v -350.7689 170.0214 000.0000
v -339.2806 176.9365 000.0000
v -339.5381 172.6325 -055.4770
v -352.7168 158.3508 -051.2679
v -333.8742 159.8933 -068.9636
v -351.2997 144.8050 -061.1386
v -327.8080 143.2418 -085.3958
v -347.6235 128.7798 -070.4766
v -324.4771 119.5540 -091.0945
v -344.2151 110.5486 -076.2934
v -319.6410 079.7564 -098.5913
v -337.9131 076.7915 -088.5996
v -311.2555 045.7376 -108.4816
v -330.6875 037.9713 -098.7620
v -304.4646 022.4321 -116.4934
v -325.1181 017.5063 -105.3445
v -297.1546 003.2038 -121.5971
v -316.0225 -001.8852 -111.3626
v -290.7080 -034.5582 -128.1557
v -310.1125 -035.4760 -116.2409
v -290.1159 -061.9504 -128.4058
v -309.6267 -066.8100 -114.0081
v -293.7658 -100.2749 -121.9413
v -312.2061 -099.8702 -106.5015
v -298.2676 -126.4649 -113.3596
v -315.0210 -125.9588 -100.1021
v -306.3133 -144.0555 -109.0926
v -318.8954 -140.8279 -096.3611
v -373.4989 158.9433 -029.5202
v -369.0685 160.2080 000.0000
v -369.7974 146.6697 -043.3432
v -368.4619 135.0690 -050.1428
v -365.5148 119.0938 -057.3692
v -363.9878 101.5186 -061.5203
v -358.2867 073.4419 -069.7787
v -350.4525 040.5574 -084.7066
v -342.4258 015.8638 -091.8279
v -336.5413 -011.3447 -095.2400
v -329.0393 -042.4259 -098.4153
v -323.3333 -068.3782 -101.5512
v -323.8094 -097.9377 -096.1631
v -327.7510 -117.7346 -091.5300
v -331.9817 -136.5015 -088.6015
v -370.9741 135.1194 -021.1745
v -370.9827 141.7763 000.0000
v -370.1634 127.2650 -027.0469
v -369.5872 115.6978 -031.6829
v -367.2431 104.4224 -036.4991
v -366.4355 093.2851 -037.0749
v -363.1292 070.1013 -042.0276
v -357.0384 038.5564 -052.4480
v -352.0188 014.0164 -061.8561
v -345.8251 -012.5950 -073.1712
v -340.6618 -034.3461 -074.6456
v -328.3698 -073.0967 -079.3898
v -268.7162 -153.9807 -098.8048
v -246.2835 -130.5500 -096.6395
v -259.1357 -151.0845 -088.5470
v -295.5052 -149.6840 -112.8812
v -323.2610 -183.4299 -108.7832
v -335.7996 -181.1803 -097.5625
v -334.2096 -153.3989 -092.1628
v -336.5990 -148.5170 -088.8076
v -289.2438 -195.0810 -087.8120
v -273.4184 -171.7948 -074.9581
v -281.1581 -179.8210 -071.2737
v -296.4215 -197.8727 -077.6572
v -283.7147 -179.1733 -092.1563
v -303.0605 -231.1222 -088.4330
v -314.4012 -233.3635 -082.9994
v -313.2772 -252.8669 -084.8639
v -304.6610 -251.0881 -090.0772
v -330.2419 -301.7921 -112.8514
v -332.0330 -282.7513 -106.3914
v -326.1810 -282.1069 -108.8218
v -322.3286 -300.1780 -112.6176
v -310.7105 -294.7818 -109.2235
v -314.1072 -278.5287 -103.2318
v -305.3267 -276.4905 -104.3008
v -298.6345 -293.3770 -108.7679
v -301.6419 -276.5091 -096.6671
v -294.6527 -293.9327 -098.6343
v -330.1857 -307.4776 -111.4869
v -322.7676 -314.1660 -110.3969
v -331.6551 -316.8932 -112.1229
v -321.7306 -318.7686 -107.5214
f 526 527 525
f 525 527 528
f 529 530 532
f 530 531 532
f 529 532 533
f 533 532 534
f 533 534 535
f 535 534 536
f 528 527 538
f 527 537 538
f 540 541 539
f 539 541 542
f 541 545 544
f 543 544 545
f 545 546 543
f 535 543 546
f 526 525 543
f 543 525 544
f 543 535 526
f 535 536 526
f 545 541 547
f 547 541 540
f 549 530 548
f 548 530 529
f 533 550 529
f 550 548 529
f 549 548 552
f 551 552 548
f 551 548 553
f 553 548 550
f 550 546 553
f 554 553 546
f 546 545 554
f 547 554 545
f 558 555 557
f 555 556 557
f 560 556 559
f 559 556 555
f 562 560 561
f 561 560 559
f 561 563 562
f 563 564 562
f 566 564 565
f 565 564 563
f 566 565 568
f 567 568 565
f 568 567 570
f 569 570 567
f 569 571 570
f 571 572 570
f 556 573 557
f 573 574 557
f 575 573 560
f 560 573 556
f 576 575 562
f 562 575 560
f 577 576 564
f 564 576 562
f 566 578 564
f 578 577 564
f 578 566 579
f 568 579 566
f 570 580 568
f 580 579 568
f 580 570 581
f 572 581 570
f 552 582 549
f 582 583 549
f 565 563 585
f 584 585 563
f 586 584 561
f 584 563 561
f 587 586 559
f 586 561 559
f 552 587 555
f 587 559 555
f 552 555 582
f 555 558 582
f 573 588 574
f 574 588 589
f 591 577 590
f 577 578 590
f 577 591 576
f 576 591 592
f 575 576 593
f 576 592 593
f 573 575 588
f 575 593 588
f 595 571 594
f 571 569 594
f 581 596 580
f 596 597 580
f 567 565 598
f 565 585 598
f 569 567 594
f 567 598 594
f 579 599 578
f 599 590 578
f 580 597 579
f 597 599 579
f 603 600 602
f 600 601 602
f 601 600 605
f 604 605 600
f 604 606 605
f 606 607 605
f 609 607 608
f 608 607 606
f 608 610 609
f 610 611 609
f 613 611 612
f 612 611 610
f 615 613 614
f 614 613 612
f 617 615 616
f 616 615 614
f 619 617 618
f 618 617 616
f 619 618 621
f 620 621 618
f 623 621 622
f 622 621 620
f 625 623 624
f 624 623 622
f 624 626 625
f 626 627 625
f 629 627 628
f 628 627 626
f 631 632 630
f 630 632 633
f 635 636 634
f 634 636 637
f 634 637 638
f 634 638 639
f 639 638 640
f 639 640 641
f 641 640 642
f 643 641 644
f 641 642 644
f 646 645 644
f 645 643 644
f 648 647 646
f 647 645 646
f 649 647 650
f 647 648 650
f 651 649 652
f 649 650 652
f 653 651 654
f 651 652 654
f 654 656 653
f 655 653 656
f 655 656 631
f 631 656 632
f 658 659 657
f 657 659 660
f 662 663 661
f 661 663 664
f 661 664 665
f 665 664 666
f 665 666 667
f 667 666 668
f 669 667 670
f 667 668 670
f 670 672 669
f 671 669 672
f 672 674 671
f 673 671 674
f 676 675 674
f 675 673 674
f 677 675 676
f 676 679 677
f 678 677 679
f 680 678 681
f 678 679 681
f 682 680 683
f 680 681 683
f 684 682 685
f 682 683 685
f 658 684 659
f 684 685 659
f 600 603 632
f 633 632 603
f 627 629 659
f 660 659 629
f 663 602 601
f 605 664 601
f 664 663 601
f 664 605 666
f 666 605 607
f 666 607 668
f 668 607 609
f 670 668 611
f 668 609 611
f 672 670 613
f 670 611 613
f 613 615 672
f 674 672 615
f 615 617 674
f 676 674 617
f 617 619 676
f 679 676 619
f 681 679 621
f 679 619 621
f 683 681 623
f 681 621 623
f 623 625 683
f 685 683 625
f 627 659 625
f 659 685 625
f 637 636 626
f 636 628 626
f 626 624 637
f 638 637 624
f 640 638 622
f 638 624 622
f 640 622 620
f 640 620 642
f 642 620 618
f 618 616 642
f 644 642 616
f 616 614 644
f 646 644 614
f 614 612 646
f 648 646 612
f 650 648 610
f 648 612 610
f 610 608 650
f 652 650 608
f 654 652 606
f 652 608 606
f 606 604 654
f 656 654 604
f 632 656 600
f 656 604 600
f 682 686 680
f 687 688 675
f 688 673 675
f 677 689 675
f 689 687 675
f 690 689 678
f 689 677 678
f 686 691 692
f 692 678 686
f 678 680 686
f 692 690 678
f 693 694 695
f 698 699 697
f 696 697 699
f 700 696 701
f 696 699 701
f 701 703 700
f 702 700 703
f 702 703 704
f 704 703 705
f 704 705 706
f 706 705 707
f 709 708 707
f 708 706 707
f 708 709 710
f 710 709 711
f 694 693 711
f 693 710 711
f 696 700 712
f 700 691 712
f 693 695 713
f 713 688 693
f 710 693 688
f 708 710 687
f 710 688 687
f 706 708 689
f 708 687 689
f 689 690 706
f 704 706 690
f 702 704 692
f 704 690 692
f 692 691 702
f 700 702 691
f 688 713 673
f 713 671 673
f 661 714 662
f 714 715 662
f 714 661 716
f 716 661 665
f 716 665 717
f 717 665 667
f 667 669 717
f 695 717 669
f 669 671 695
f 713 695 671
f 720 698 719
f 718 719 698
f 716 721 714
f 721 722 714
f 717 723 716
f 723 721 716
f 723 717 724
f 724 717 695
f 694 725 695
f 725 724 695
f 725 694 726
f 726 694 711
f 709 727 711
f 727 726 711
f 727 709 728
f 728 709 707
f 728 707 729
f 729 707 705
f 703 730 705
f 730 729 705
f 703 701 730
f 731 730 701
f 731 701 732
f 732 701 699
f 699 698 732
f 720 732 698
f 718 589 719
f 589 588 719
f 720 719 733
f 734 732 733
f 732 720 733
f 722 736 735
f 735 736 737
f 732 734 731
f 731 734 738
f 730 731 738
f 730 738 729
f 729 738 739
f 740 728 739
f 728 729 739
f 728 740 727
f 727 740 741
f 741 742 727
f 726 727 742
f 726 742 725
f 725 742 743
f 744 724 743
f 724 725 743
f 724 744 723
f 723 744 745
f 723 745 721
f 721 745 746
f 721 746 722
f 722 746 736
f 747 748 750
f 748 749 750
f 748 747 752
f 751 752 747
f 753 754 751
f 754 752 751
f 755 756 753
f 756 754 753
f 757 758 755
f 758 756 755
f 758 757 760
f 759 760 757
f 760 759 762
f 761 762 759
f 763 764 761
f 764 762 761
f 765 766 763
f 766 764 763
f 767 768 765
f 768 766 765
f 769 770 767
f 770 768 767
f 772 770 771
f 771 770 769
f 773 774 771
f 774 772 771
f 776 774 775
f 775 774 773
f 778 776 777
f 777 776 775
f 778 777 780
f 779 780 777
f 782 780 781
f 781 780 779
f 784 782 783
f 783 782 781
f 786 784 785
f 785 784 783
f 787 788 790
f 788 789 790
f 787 791 788
f 791 792 788
f 794 792 793
f 793 792 791
f 795 796 793
f 796 794 793
f 798 796 797
f 797 796 795
f 800 798 799
f 799 798 797
f 801 802 799
f 802 800 799
f 802 801 804
f 803 804 801
f 804 803 806
f 805 806 803
f 806 805 808
f 807 808 805
f 808 807 810
f 809 810 807
f 810 809 812
f 811 812 809
f 811 813 812
f 813 814 812
f 816 814 815
f 815 814 813
f 818 816 817
f 817 816 815
f 819 820 817
f 820 818 817
f 821 822 824
f 822 823 824
f 821 825 822
f 825 826 822
f 825 827 826
f 827 828 826
f 829 830 827
f 830 828 827
f 830 829 832
f 831 832 829
f 834 832 833
f 833 832 831
f 835 836 833
f 836 834 833
f 835 837 836
f 837 838 836
f 837 839 838
f 839 840 838
f 842 840 841
f 841 840 839
f 843 844 841
f 844 842 841
f 844 843 846
f 845 846 843
f 847 848 845
f 848 846 845
f 849 850 847
f 850 848 847
f 851 852 849
f 852 850 849
f 853 854 733
f 855 856 736
f 856 737 736
f 736 746 855
f 857 855 746
f 745 858 746
f 858 857 746
f 744 859 745
f 859 858 745
f 743 860 744
f 860 859 744
f 860 743 861
f 861 743 742
f 862 861 742
f 863 862 741
f 862 742 741
f 741 740 863
f 864 863 740
f 739 865 740
f 865 864 740
f 865 739 866
f 866 739 738
f 738 734 866
f 867 866 734
f 734 733 867
f 854 867 733
f 588 593 733
f 593 592 733
f 719 588 733
f 590 853 733
f 591 590 733
f 592 591 733
f 868 530 869
f 530 549 869
f 595 870 571
f 870 871 571
f 531 872 595
f 872 870 595
f 549 583 869
f 531 868 872
f 868 873 872
f 868 531 530
f 874 572 871
f 871 572 571
f 875 876 596
f 581 877 596
f 877 875 596
f 572 874 581
f 874 877 581
f 853 590 599
f 597 854 599
f 854 853 599
f 876 867 854
f 876 854 597
f 856 855 750
f 873 785 872
f 872 785 783
f 872 783 870
f 870 783 781
f 779 871 781
f 871 870 781
f 871 779 874
f 874 779 777
f 777 775 874
f 877 874 775
f 773 875 775
f 875 877 775
f 876 875 771
f 875 773 771
f 876 771 769
f 767 867 769
f 867 876 769
f 867 767 866
f 866 767 765
f 866 765 865
f 865 765 763
f 761 864 763
f 864 865 763
f 864 761 863
f 863 761 759
f 863 759 862
f 862 759 757
f 755 861 757
f 861 862 757
f 861 755 753
f 861 753 860
f 860 753 751
f 860 751 859
f 859 751 747
f 858 859 747
f 750 857 747
f 857 858 747
f 855 857 750
f 790 749 787
f 748 787 749
f 752 791 748
f 791 787 748
f 754 793 752
f 793 791 752
f 793 754 795
f 756 795 754
f 795 756 797
f 758 797 756
f 760 799 758
f 799 797 758
f 799 760 801
f 762 801 760
f 801 762 803
f 764 803 762
f 803 764 805
f 766 805 764
f 805 766 807
f 768 807 766
f 770 809 768
f 809 807 768
f 809 770 811
f 772 811 770
f 813 811 774
f 774 811 772
f 815 813 776
f 776 813 774
f 776 778 815
f 778 817 815
f 817 778 819
f 780 819 778
f 819 780 878
f 782 878 780
f 782 879 878
f 788 821 789
f 821 824 789
f 825 821 792
f 792 821 788
f 827 825 794
f 794 825 792
f 796 829 794
f 829 827 794
f 796 798 829
f 798 831 829
f 798 800 831
f 800 833 831
f 802 835 800
f 835 833 800
f 804 837 802
f 837 835 802
f 806 839 804
f 839 837 804
f 808 841 806
f 841 839 806
f 841 808 843
f 810 843 808
f 843 810 845
f 812 845 810
f 814 847 812
f 847 845 812
f 814 816 847
f 816 849 847
f 816 818 849
f 818 851 849
f 851 818 880
f 820 880 818
f 712 691 881
f 882 883 884
f 876 597 596
f 823 822 886
f 822 885 886
f 887 885 826
f 826 885 822
f 826 828 887
f 828 888 887
f 830 889 828
f 889 888 828
f 889 830 890
f 832 890 830
f 891 890 834
f 834 890 832
f 892 891 836
f 836 891 834
f 893 892 838
f 838 892 836
f 838 840 893
f 840 894 893
f 840 842 894
f 842 895 894
f 844 896 842
f 896 895 842
f 846 897 844
f 897 896 844
f 848 898 846
f 898 897 846
f 898 848 899
f 850 899 848
f 899 850 900
f 852 900 850
f 886 885 902
f 885 901 902
f 903 901 887
f 887 901 885
f 888 904 887
f 904 903 887
f 905 904 889
f 889 904 888
f 906 905 890
f 890 905 889
f 890 891 906
f 891 907 906
f 908 907 892
f 892 907 891
f 892 893 908
f 893 909 908
f 894 910 893
f 910 909 893
f 910 894 911
f 895 911 894
f 895 896 911
f 896 912 911
f 897 913 896
f 913 912 896
f 914 913 898
f 898 913 897
f 899 915 898
f 915 914 898
f 900 916 899
f 916 915 899
f 900 917 916
f 917 918 916
f 852 851 919
f 919 851 880
f 852 920 900
f 920 917 900
f 921 920 852
f 919 921 852
f 922 923 901
f 901 923 902
f 901 903 922
f 903 924 922
f 925 924 904
f 904 924 903
f 904 905 925
f 905 926 925
f 927 926 906
f 906 926 905
f 928 927 907
f 907 927 906
f 907 908 928
f 908 929 928
f 908 909 929
f 909 930 929
f 930 909 931
f 910 931 909
f 911 932 910
f 932 931 910
f 933 932 912
f 912 932 911
f 933 912 934
f 913 934 912
f 935 934 914
f 914 934 913
f 936 935 915
f 915 935 914
f 915 916 936
f 916 937 936
f 918 938 916
f 938 937 916
f 939 940 922
f 922 940 923
f 941 939 924
f 924 939 922
f 924 925 941
f 925 942 941
f 926 943 925
f 943 942 925
f 927 944 926
f 944 943 926
f 944 927 945
f 928 945 927
f 945 928 946
f 929 946 928
f 930 947 929
f 947 946 929
f 931 948 930
f 948 947 930
f 949 948 932
f 932 948 931
f 932 933 949
f 933 950 949
f 934 951 933
f 951 950 933
f 935 952 934
f 952 951 934
f 952 935 953
f 936 953 935
f 953 936 954
f 937 954 936
f 940 939 956
f 939 955 956
f 955 939 957
f 941 957 939
f 942 958 941
f 958 957 941
f 943 959 942
f 959 958 942
f 943 944 959
f 944 960 959
f 945 961 944
f 961 960 944
f 946 962 945
f 962 961 945
f 962 946 963
f 947 963 946
f 963 947 964
f 948 964 947
f 949 965 948
f 965 964 948
f 949 950 965
f 950 966 965
f 966 950 967
f 951 967 950
f 952 968 951
f 968 967 951
f 953 969 952
f 969 968 952
f 954 970 953
f 970 969 953
f 971 972 954
f 972 970 954
f 973 974 976
f 974 975 976
f 978 974 977
f 977 974 973
f 980 978 979
f 979 978 977
f 982 980 981
f 981 980 979
f 981 983 982
f 983 984 982
f 983 985 984
f 985 986 984
f 986 985 988
f 987 988 985
f 989 990 987
f 990 988 987
f 990 989 992
f 991 992 989
f 991 993 992
f 993 994 992
f 996 994 995
f 995 994 993
f 995 997 996
f 997 998 996
f 997 999 998
f 999 1000 998
f 999 1001 1000
f 1001 1002 1000
f 1003 1004 974
f 974 1004 975
f 974 978 1003
f 978 1005 1003
f 978 980 1005
f 980 1006 1005
f 1007 1006 982
f 982 1006 980
f 1008 1007 984
f 984 1007 982
f 986 1009 984
f 1009 1008 984
f 988 1010 986
f 1010 1009 986
f 1010 988 1011
f 990 1011 988
f 992 1012 990
f 1012 1011 990
f 992 994 1012
f 994 1013 1012
f 994 996 1013
f 996 1014 1013
f 996 998 1014
f 998 1015 1014
f 1000 1016 998
f 1016 1015 998
f 1016 1000 1017
f 1002 1017 1000
f 1004 1003 1019
f 1003 1018 1019
f 1005 1020 1003
f 1020 1018 1003
f 1006 1021 1005
f 1021 1020 1005
f 1007 1022 1006
f 1022 1021 1006
f 1007 1008 1022
f 1008 1023 1022
f 1008 1009 1023
f 1009 1024 1023
f 1010 1025 1009
f 1025 1024 1009
f 1025 1010 1026
f 1011 1026 1010
f 1026 1011 1027
f 1012 1027 1011
f 1012 1013 1027
f 1013 1028 1027
f 1028 1013 1029
f 1014 1029 1013
f 969 970 997
f 970 999 997
f 969 997 968
f 968 997 995
f 968 995 967
f 967 995 993
f 993 991 967
f 966 967 991
f 966 991 965
f 965 991 989
f 987 964 989
f 964 965 989
f 985 963 987
f 963 964 987
f 963 985 962
f 962 985 983
f 961 962 981
f 962 983 981
f 960 961 979
f 961 981 979
f 959 960 977
f 960 979 977
f 958 959 973
f 959 977 973
f 971 954 1030
f 937 938 954
f 954 938 1031
f 1030 954 1032
f 954 1031 1032
f 533 535 550
f 546 550 535
f 722 735 714
f 735 715 714
f 1033 970 972
f 1035 1002 1034
f 1034 1002 1001
f 970 1033 999
f 1033 1001 999
f 1036 1037 1002
f 1037 1017 1002
f 1035 1036 1002
f 1039 1040 1038
f 1038 1040 1041
f 1038 1042 1039
f 1043 1044 1046
f 1044 1045 1046
f 1048 1049 1047
f 1047 1049 1050
f 1054 1051 1053
f 1051 1052 1053
f 1056 1054 1055
f 1054 1053 1055
f 1047 1050 1057
f 1057 1058 1059
f 1059 1058 1060
v -304.2899 -319.3907 -120.7296
v -288.8628 -320.0302 -121.0934
v -284.5816 -327.3661 -121.8321
v -297.5439 -330.8754 -125.3240
v -273.6599 -339.4849 -126.9577
v -285.6957 -344.9728 -135.6844
v -263.1547 -355.9891 -133.7380
v -272.9567 -360.2976 -137.7236
v -298.1824 -360.8887 -134.6959
v -303.0627 -349.3327 -132.2650
v -309.1252 -334.0925 -123.5864
v -313.5041 -324.3787 -118.9436
v -269.9957 -339.0295 -118.5593
v -278.7341 -327.8502 -113.8621
v -282.2497 -318.6549 -112.0984
v -290.9010 -308.4482 -108.9147
v -288.4711 -306.3896 -099.3766
v -277.0335 -320.8138 -103.1045
v -318.4143 -329.8048 -115.6892
v -315.8524 -340.5872 -119.7099
v -309.8730 -353.9123 -125.2987
v -303.1250 -309.5940 -110.6355
f 1061 1062 1064
f 1062 1063 1064
f 1064 1063 1066
f 1063 1065 1066
f 1065 1067 1066
f 1066 1067 1068
f 1069 1070 1068
f 1068 1070 1066
f 1066 1070 1064
f 1070 1071 1064
f 1064 1071 1061
f 1071 1072 1061
f 1063 1074 1065
f 1073 1065 1074
f 1074 1063 1075
f 1063 1062 1075
f 1078 1075 1077
f 1075 1076 1077
f 1071 1080 1072
f 1079 1072 1080
f 1071 1070 1080
f 1081 1080 1070
f 1070 1069 1081
f 1082 1075 1062
v -298.6345 -293.3770 -108.7679
v -294.6527 -293.9327 -098.6343
v -288.4711 -306.3896 -099.3766
v -290.9010 -308.4482 -108.9147
v -310.7105 -294.7818 -109.2235
v -317.7108 -297.9305 -113.9084
v -319.6508 -278.8166 -104.5431
v -314.1072 -278.5287 -103.2318
v -322.3286 -300.1780 -112.6176
v -326.1810 -282.1069 -108.8218
v -333.3954 -305.8673 -097.4748
v -330.1857 -307.4776 -111.4869
v -331.6551 -316.8932 -112.1229
v -333.0406 -318.5190 -095.0058
v -321.7306 -318.7686 -107.5214
v -322.3246 -322.5388 -097.6573
f 1083 1084 1086
f 1084 1085 1086
f 1088 1089 1087
f 1087 1089 1090
f 1089 1088 1092
f 1091 1092 1088
f 1095 1096 1094
f 1093 1094 1096
f 1095 1097 1096
f 1096 1097 1098
v -322.3246 -322.5388 -097.6573
v -321.7306 -318.7686 -107.5214
v -318.4143 -329.8048 -115.6892
v -319.4170 -334.8553 -100.7196
v -308.2741 -359.8298 -105.4556
v -309.8730 -353.9123 -125.2987
v -298.1824 -360.8887 -134.6959
v -292.2908 -363.7036 -105.9206
v -315.8524 -340.5872 -119.7099
v -318.6750 -345.7336 -102.5606
f 1101 1102 1100
f 1099 1100 1102
f 1106 1103 1105
f 1103 1104 1105
f 1107 1108 1101
f 1102 1101 1108
f 1103 1108 1104
f 1108 1107 1104
v -329.4389 -316.6225 -084.2823
v -333.0406 -318.5190 -095.0058
v -322.3246 -322.5388 -097.6573
v -311.9570 -318.3977 -087.0739
f 1112 1109 1111
f 1109 1110 1111
v -319.4170 -334.8553 -100.7196
v -308.7335 -335.0463 -083.1656
v -311.9570 -318.3977 -087.0739
v -322.3246 -322.5388 -097.6573
v -318.6750 -345.7336 -102.5606
v -307.4557 -348.6847 -084.3432
v -308.2741 -359.8298 -105.4556
v -300.6867 -357.5464 -083.0221
v -292.2908 -363.7036 -105.9206
v -287.0422 -360.1724 -084.3123
v -279.1754 -363.5993 -107.8555
v -274.0824 -359.7601 -087.5006
f 1114 1115 1113
f 1113 1115 1116
f 1114 1113 1118
f 1113 1117 1118
f 1117 1119 1118
f 1118 1119 1120
f 1119 1121 1120
f 1120 1121 1122
f 1121 1123 1122
f 1122 1123 1124
v -333.3954 -305.8673 -097.4748
v -333.0406 -318.5190 -095.0058
v -329.4389 -316.6225 -084.2823
v -325.6731 -303.2131 -084.9693
v -330.0372 -279.5728 -087.8984
v -333.9637 -284.6837 -096.6368
v -298.6345 -293.3770 -108.7679
v -290.9010 -308.4482 -108.9147
v -303.1250 -309.5940 -110.6355
v -310.7105 -294.7818 -109.2235
f 1128 1125 1127
f 1125 1126 1127
f 1129 1130 1128
f 1128 1130 1125
f 1132 1133 1131
f 1131 1133 1134
v -312.1673 -312.0319 -113.6456
v -303.1250 -309.5940 -110.6355
v -288.8628 -320.0302 -121.0934
v -304.2899 -319.3907 -120.7296
f 1137 1138 1136
f 1135 1136 1138
v -303.1250 -309.5940 -110.6355
v -312.1673 -312.0319 -113.6456
v -317.7108 -297.9305 -113.9084
v -310.7105 -294.7818 -109.2235
v -316.9546 -313.5273 -112.8247
v -322.3286 -300.1780 -112.6176
f 1139 1140 1142
f 1140 1141 1142
f 1141 1140 1144
f 1140 1143 1144
v -316.9546 -313.5273 -112.8247
v -312.1673 -312.0319 -113.6456
v -304.2899 -319.3907 -120.7296
v -313.5041 -324.3787 -118.9436
v -321.7306 -318.7686 -107.5214
v -318.4143 -329.8048 -115.6892
f 1147 1148 1146
f 1145 1146 1148
f 1150 1149 1148
f 1149 1145 1148
v -322.7676 -314.1660 -110.3969
v -316.9546 -313.5273 -112.8247
v -321.7306 -318.7686 -107.5214
v -330.1857 -307.4776 -111.4869
v -322.3286 -300.1780 -112.6176
v -333.3954 -305.8673 -097.4748
v -330.2419 -301.7921 -112.8514
v -333.9637 -284.6837 -096.6368
v -332.0330 -282.7513 -106.3914
f 1151 1152 1153
f 1155 1152 1154
f 1154 1152 1151
f 1154 1156 1157
f 1157 1156 1159
f 1158 1159 1156
v -277.0335 -320.8138 -103.1045
v -288.4711 -306.3896 -099.3766
v -292.8681 -307.2892 -092.4772
v -280.3260 -321.3580 -094.2403
f 1160 1161 1163
f 1161 1162 1163
v -288.4711 -306.3896 -099.3766
v -294.6527 -293.9327 -098.6343
v -300.8412 -289.9760 -090.4635
v -292.8681 -307.2892 -092.4772
f 1166 1167 1165
f 1164 1165 1167
v -282.2497 -318.6549 -112.0984
v -277.0335 -320.8138 -103.1045
v -274.9355 -327.2099 -103.4148
v -278.7341 -327.8502 -113.8621
v -273.6599 -339.4849 -126.9577
v -269.9957 -339.0295 -118.5593
v -258.3580 -351.4267 -127.8598
v -263.1547 -355.9891 -133.7380
v -264.9491 -340.4362 -110.0352
v -252.4720 -356.1609 -116.1535
v -266.8957 -339.7513 -094.3626
v -259.3513 -353.6154 -094.2450
v -274.9867 -329.5148 -096.6073
v -280.3260 -321.3580 -094.2403
f 1168 1169 1171
f 1169 1170 1171
f 1175 1172 1174
f 1172 1173 1174
f 1177 1174 1176
f 1174 1173 1176
f 1170 1176 1171
f 1176 1173 1171
f 1179 1177 1178
f 1177 1176 1178
f 1178 1176 1180
f 1176 1170 1180
f 1181 1180 1169
f 1180 1170 1169
v -329.4389 -316.6225 -084.2823
v -311.9570 -318.3977 -087.0739
v -316.6971 -300.2766 -081.2106
v -325.6731 -303.2131 -084.9693
v -301.1987 -309.2000 -086.0973
v -306.9810 -292.8755 -084.5236
v -292.8681 -307.2892 -092.4772
v -300.8412 -289.9760 -090.4635
v -313.7383 -277.6449 -084.4117
v -318.4812 -276.8053 -085.0127
v -304.0038 -278.0893 -091.4614
f 1182 1183 1184
f 1182 1184 1185
f 1183 1186 1184
f 1186 1187 1184
f 1189 1187 1188
f 1186 1188 1187
f 1191 1184 1190
f 1184 1187 1190
f 1190 1187 1192
f 1187 1189 1192
v -311.9570 -318.3977 -087.0739
v -308.7335 -335.0463 -083.1656
v -294.4625 -328.2121 -081.7054
v -301.1987 -309.2000 -086.0973
v -280.3260 -321.3580 -094.2403
v -292.8681 -307.2892 -092.4772
v -307.4557 -348.6847 -084.3432
v -289.0885 -341.5616 -081.9125
v -274.9867 -329.5148 -096.6073
f 1196 1193 1195
f 1193 1194 1195
f 1197 1198 1195
f 1196 1195 1198
f 1200 1195 1199
f 1194 1199 1195
f 1201 1197 1200
f 1195 1200 1197
v -325.6731 -303.2131 -084.9693
v -316.6971 -300.2766 -081.2106
v -318.4812 -276.8053 -085.0127
v -330.0372 -279.5728 -087.8984
f 1204 1205 1203
f 1202 1203 1205
v -289.0885 -341.5616 -081.9125
v -307.4557 -348.6847 -084.3432
v -300.6867 -357.5464 -083.0221
v -287.0422 -360.1724 -084.3123
v -274.9867 -329.5148 -096.6073
v -266.8957 -339.7513 -094.3626
v -274.0824 -359.7601 -087.5006
v -259.3513 -353.6154 -094.2450
v -252.4720 -356.1609 -116.1535
v -279.1754 -363.5993 -107.8555
v -292.2908 -363.7036 -105.9206
v -298.1824 -360.8887 -134.6959
v -272.9567 -360.2976 -137.7236
v -303.1250 -309.5940 -110.6355
v -290.9010 -308.4482 -108.9147
v -282.2497 -318.6549 -112.0984
v -263.1547 -355.9891 -133.7380
v -258.3580 -351.4267 -127.8598
f 1206 1207 1208
f 1209 1206 1208
f 1210 1206 1211
f 1209 1212 1206
f 1211 1206 1213
f 1213 1206 1212
f 1214 1213 1215
f 1213 1212 1215
f 1217 1218 1216
f 1216 1218 1215
f 1219 1220 1221
f 1218 1222 1215
f 1222 1223 1215
f 1215 1223 1214
v -294.6527 -293.9327 -098.6343
v -301.6419 -276.5091 -096.6671
v -304.0038 -278.0893 -091.4614
v -300.8412 -289.9760 -090.4635
v -305.3267 -276.4905 -104.3008
v -314.1072 -278.5287 -103.2318
v -316.2498 -255.6375 -105.8409
v -307.8699 -255.3982 -104.6834
v -332.0330 -282.7513 -106.3914
v -333.9637 -284.6837 -096.6368
v -337.2066 -256.9159 -090.4785
v -334.7304 -257.3628 -095.5211
v -326.1810 -282.1069 -108.8218
v -325.1541 -256.4050 -102.3627
v -319.6508 -278.8166 -104.5431
v -302.2819 -252.2240 -097.9148
v -329.7886 -254.9020 -086.1657
v -330.0372 -279.5728 -087.8984
v -324.0554 -255.5467 -085.6262
v -318.4812 -276.8053 -085.0127
v -313.2772 -252.8669 -084.8639
v -313.7383 -277.6449 -084.4117
v -304.6610 -251.0881 -090.0772
v -327.9790 -116.2072 -078.4602
v -327.7510 -117.7346 -091.5300
v -331.9817 -136.5015 -088.6015
v -333.5942 -136.5685 -072.4590
v -325.1210 -094.8205 -081.9868
v -328.3698 -073.0967 -079.3898
v -323.3333 -068.3782 -101.5512
v -323.8094 -097.9377 -096.1631
v -341.5655 -030.8965 -067.1045
v -340.6618 -034.3461 -074.6456
v -355.6552 070.4883 -028.0630
v -357.8170 083.7714 -028.8502
v -366.4355 093.2851 -037.0749
v -363.1292 070.1013 -042.0276
v -353.6654 044.2277 -032.2000
v -357.0384 038.5564 -052.4480
v -351.6840 014.9002 -043.0359
v -352.0188 014.0164 -061.8561
v -347.0778 -007.8218 -054.6398
v -345.8251 -012.5950 -073.1712
v -362.3861 091.1561 000.0000
v -359.9077 079.6217 000.0000
v -360.1668 129.3049 000.0000
v -370.9827 141.7763 000.0000
v -370.9741 135.1194 -021.1745
v -370.1634 127.2650 -027.0469
v -360.8593 116.3581 000.0000
v -369.5872 115.6978 -031.6829
v -362.2326 100.5378 000.0000
v -367.2431 104.4224 -036.4991
v -390.0566 100.2504 000.0000
v -388.7340 100.3866 -005.7635
v -384.4470 049.8176 -005.3132
v -385.6649 049.6801 000.0000
v -387.5140 148.0358 000.0000
v -386.0820 147.9723 -006.2137
v -371.2832 179.4492 000.0000
v -369.8925 178.7941 -006.6640
v -347.8430 197.5409 000.0000
v -346.9715 196.1504 -007.1141
v -324.2148 202.1387 000.0000
v -323.8225 200.5405 -007.5645
v -385.1206 100.7586 -009.9831
v -381.1194 050.1935 -009.2033
v -382.1694 147.7989 -010.7631
v -366.0928 177.0041 -011.5431
v -344.5903 192.3509 -012.3229
v -322.7504 196.1738 -013.1029
v -380.1840 101.2668 -011.5288
v -376.5736 050.7070 -010.6281
v -376.8245 147.5619 -012.4295
v -360.9021 174.5588 -013.3304
v -341.3372 187.1604 -014.2309
v -375.2468 101.7751 -009.9865
v -372.0269 051.2205 -009.2064
v -371.4787 147.3248 -010.7668
v -355.7104 172.1130 -011.5470
v -338.0836 181.9691 -012.3273
v -371.6312 102.1474 -005.7693
v -368.6972 051.5966 -005.3185
v -367.5638 147.1512 -006.2201
v -351.9086 170.3220 -006.6709
v -335.7009 178.1675 -007.1216
v -370.3058 102.2838 -000.0069
v -367.4766 051.7345 -000.0063
v -366.1286 147.0876 -000.0074
v -350.7689 170.0214 000.0000
v -334.8274 176.7738 -000.0085
v -307.7669 187.1112 -021.7368
v -303.7562 200.1526 000.0000
v -305.3102 196.8810 -005.1104
v -335.8510 181.0253 -038.0095
v -307.5310 184.6000 -036.3149
f 1224 1225 1227
f 1225 1226 1227
f 1230 1231 1229
f 1228 1229 1231
f 1234 1235 1233
f 1232 1233 1235
f 1235 1237 1232
f 1236 1232 1237
f 1237 1230 1236
f 1238 1236 1230
f 1229 1238 1230
f 1225 1228 1239
f 1231 1239 1228
f 1233 1241 1234
f 1240 1234 1241
f 1241 1243 1240
f 1242 1240 1243
f 1245 1244 1243
f 1244 1242 1243
f 1226 1246 1245
f 1246 1244 1245
f 1226 1225 1246
f 1239 1246 1225
f 1247 1248 1250
f 1248 1249 1250
f 1253 1254 1252
f 1251 1252 1254
f 1247 1251 1248
f 1251 1254 1248
f 1255 1256 1252
f 1259 1260 1258
f 1257 1258 1260
f 1262 1261 1260
f 1261 1257 1260
f 1263 1261 1264
f 1261 1262 1264
f 1264 1266 1263
f 1265 1263 1266
f 1265 1266 1255
f 1255 1266 1256
f 1259 1258 1267
f 1267 1258 1268
f 1269 1270 1271
f 1269 1271 1272
f 1274 1273 1272
f 1273 1269 1272
f 1276 1275 1274
f 1275 1273 1274
f 1276 1259 1275
f 1267 1275 1259
f 1278 1279 1277
f 1277 1279 1280
f 1277 1281 1278
f 1281 1282 1278
f 1283 1284 1281
f 1284 1282 1281
f 1283 1285 1284
f 1285 1286 1284
f 1285 1287 1286
f 1287 1288 1286
f 1289 1290 1278
f 1278 1290 1279
f 1278 1282 1289
f 1282 1291 1289
f 1282 1284 1291
f 1284 1292 1291
f 1284 1286 1292
f 1286 1293 1292
f 1288 1294 1286
f 1294 1293 1286
f 1295 1296 1289
f 1289 1296 1290
f 1289 1291 1295
f 1291 1297 1295
f 1292 1298 1291
f 1298 1297 1291
f 1293 1299 1292
f 1299 1298 1292
f 1294 1299 1293
f 1300 1301 1295
f 1295 1301 1296
f 1295 1297 1300
f 1297 1302 1300
f 1297 1298 1302
f 1298 1303 1302
f 1299 1304 1298
f 1304 1303 1298
f 1305 1306 1300
f 1300 1306 1301
f 1300 1302 1305
f 1302 1307 1305
f 1302 1303 1307
f 1303 1308 1307
f 1303 1304 1308
f 1304 1309 1308
f 1310 1311 1305
f 1305 1311 1306
f 1305 1307 1310
f 1307 1312 1310
f 1307 1308 1312
f 1308 1313 1312
f 1309 1314 1308
f 1314 1313 1308
f 1294 1315 1299
f 1287 1316 1288
f 1288 1316 1317
f 1294 1288 1317
f 1294 1317 1315
f 1315 1318 1299
f 1315 1319 1318
v -188.3160 -182.9718 -040.1567
v -193.3565 -199.3029 -043.8902
v -197.1059 -199.2958 -050.0845
v -193.6032 -182.9617 -048.8916
v -203.5740 -198.1182 -054.7873
v -202.7242 -181.3012 -055.5232
v -210.6039 -201.9111 -051.0759
v -212.6375 -186.6497 -050.2895
v -214.1621 -202.4301 -047.0257
v -217.6551 -187.3816 -044.5782
v -212.0746 -204.5137 -041.1171
v -214.7113 -190.3198 -036.2462
v -206.0902 -203.1698 -037.2079
v -206.2725 -188.4246 -030.7336
v -197.8344 -202.3535 -039.8257
v -194.6306 -187.2735 -034.4251
v -244.6375 -189.3261 -049.4110
v -249.9138 -203.8090 -050.4529
v -251.3608 -201.2858 -055.8673
v -246.6779 -185.7679 -057.0461
v -257.1019 -199.5375 -058.6230
v -254.7737 -183.3025 -060.9321
v -264.1567 -200.3164 -057.5611
v -264.7220 -184.4010 -059.4347
v -267.8971 -200.7694 -055.8395
v -269.9966 -185.0397 -057.0070
v -268.5663 -202.8649 -051.4928
v -270.9403 -187.9947 -050.8775
v -266.7969 -203.6634 -047.1396
v -268.4452 -189.1207 -044.7388
v -261.8068 -204.6419 -044.1284
v -261.4084 -190.5005 -040.4925
v -253.9874 -204.9824 -046.0098
v -250.3818 -190.9806 -043.1456
v -206.5655 -212.4623 -036.8720
v -198.5123 -211.6661 -039.4256
v -212.4030 -213.7733 -040.6853
v -214.4393 -211.7408 -046.4489
v -210.9684 -211.2345 -050.3997
v -204.1110 -207.5348 -054.0201
v -197.8016 -208.6834 -049.4327
v -194.1442 -208.6904 -043.3904
v -255.2923 -214.2304 -045.4579
v -251.3187 -213.0859 -049.7920
v -262.9199 -213.8983 -043.6227
v -267.7875 -212.9439 -046.5600
v -269.5135 -212.1650 -050.8064
v -268.8607 -210.1208 -055.0465
v -265.2120 -209.6790 -056.7258
v -258.3303 -208.9191 -057.7616
v -252.7301 -210.6246 -055.0735
v -204.8681 -216.5282 -045.0843
v -260.3284 -217.6802 -051.0638
f 1320 1321 1323
f 1321 1322 1323
f 1325 1323 1324
f 1323 1322 1324
f 1325 1324 1327
f 1324 1326 1327
f 1329 1327 1328
f 1327 1326 1328
f 1329 1328 1331
f 1328 1330 1331
f 1333 1331 1332
f 1331 1330 1332
f 1333 1332 1335
f 1332 1334 1335
f 1320 1335 1321
f 1335 1334 1321
f 1336 1337 1339
f 1337 1338 1339
f 1341 1339 1340
f 1339 1338 1340
f 1341 1340 1343
f 1340 1342 1343
f 1345 1343 1344
f 1343 1342 1344
f 1345 1344 1347
f 1344 1346 1347
f 1347 1346 1349
f 1346 1348 1349
f 1349 1348 1351
f 1348 1350 1351
f 1353 1351 1352
f 1351 1350 1352
f 1336 1353 1337
f 1353 1352 1337
f 1334 1332 1355
f 1332 1354 1355
f 1356 1354 1330
f 1330 1354 1332
f 1328 1357 1330
f 1357 1356 1330
f 1326 1358 1328
f 1358 1357 1328
f 1324 1359 1326
f 1359 1358 1326
f 1322 1360 1324
f 1360 1359 1324
f 1361 1360 1321
f 1321 1360 1322
f 1321 1334 1361
f 1334 1355 1361
f 1362 1363 1352
f 1352 1363 1337
f 1352 1350 1362
f 1350 1364 1362
f 1348 1365 1350
f 1365 1364 1350
f 1346 1366 1348
f 1366 1365 1348
f 1344 1367 1346
f 1367 1366 1346
f 1342 1368 1344
f 1368 1367 1344
f 1369 1368 1340
f 1340 1368 1342
f 1338 1370 1340
f 1370 1369 1340
f 1338 1337 1370
f 1337 1363 1370
f 1360 1361 1371
f 1359 1360 1371
f 1358 1359 1371
f 1357 1358 1371
f 1356 1357 1371
f 1354 1356 1371
f 1355 1354 1371
f 1361 1355 1371
f 1370 1363 1372
f 1369 1370 1372
f 1368 1369 1372
f 1367 1368 1372
f 1366 1367 1372
f 1365 1366 1372
f 1364 1365 1372
f 1362 1364 1372
f 1363 1362 1372
v 489.7808 194.6794 -062.8057
v 492.5394 195.5229 -061.8837
v 495.3739 195.2580 -059.2256
v 497.1872 192.4079 -058.6026
v 495.3403 190.7939 -060.5609
v 492.5499 191.7814 -061.3413
v 497.3133 199.2779 -053.3466
v 500.1903 191.4398 -048.6724
v 498.2364 187.3300 -053.6190
v 492.6194 185.9813 -058.2137
v 485.2578 188.9721 -060.5031
v 482.4747 194.6835 -062.6358
v 486.1611 200.1639 -062.1913
v 493.5561 201.6016 -058.5700
f 1373 1374 1378
f 1374 1375 1378
f 1378 1375 1377
f 1375 1376 1377
f 1375 1379 1376
f 1379 1380 1376
f 1380 1381 1376
f 1376 1381 1377
f 1377 1381 1382
f 1383 1378 1382
f 1378 1377 1382
f 1384 1373 1383
f 1373 1378 1383
f 1373 1384 1385
f 1379 1375 1386
f 1386 1375 1374
v 476.0921 188.1357 -061.3120
v 482.4747 194.6835 -062.6358
v 485.2578 188.9721 -060.5031
v 486.1618 185.4067 -061.8095
v 486.1611 200.1639 -062.1913
v 484.2883 202.1333 -063.8025
v 493.5880 205.1665 -057.2853
v 493.5561 201.6016 -058.5700
v 499.1746 200.9819 -052.3206
v 500.1903 191.4398 -048.6724
v 497.3133 199.2779 -053.3466
v 492.6194 185.9813 -058.2137
v 494.4706 184.0663 -057.5374
v 498.2364 187.3300 -053.6190
v 499.1709 184.4295 -052.0761
v 490.8019 179.6041 -058.7882
v 485.2582 181.6115 -060.3105
v 496.3546 178.3161 -055.3515
v 498.3034 180.6343 -050.5779
v 501.1430 187.5569 -046.3205
v 491.8466 208.4725 -053.2713
v 496.4945 205.3575 -049.9903
v 502.0077 197.8170 -048.0978
v 482.5996 208.9176 -057.6083
v 488.1574 209.4571 -053.9949
v 478.8476 202.8047 -060.8619
v 475.1519 203.9658 -063.4134
v 479.8297 211.8191 -059.1085
v 487.2539 215.9259 -054.2891
v 492.7885 215.6560 -051.6579
v 500.2440 210.5746 -046.8233
v 505.7495 200.2751 -045.1974
v 507.5994 190.0999 -044.3793
v 503.0289 182.7419 -044.0803
v 499.1904 176.0829 -051.0386
v 493.6066 173.7668 -055.7276
v 487.1155 174.1238 -059.2326
v 481.6181 179.7860 -060.4026
v 509.5375 196.1238 -040.1516
v 508.5813 188.8503 -040.8327
v 505.8179 178.8186 -041.7387
v 501.9836 173.9907 -048.5562
v 491.7973 168.1480 -054.4201
v 486.2636 168.4144 -057.0155
v 475.2337 172.3388 -059.1296
v 469.7607 176.8061 -057.6663
v 503.0641 210.2197 -043.2329
v 506.7202 202.7704 -042.2291
v 493.7950 218.1155 -048.6939
v 488.1855 219.4544 -053.0288
v 480.7794 214.3653 -057.0393
v 472.8963 203.6146 -061.4307
v 474.2358 188.2232 -062.1650
v 474.4050 217.9337 -055.6057
v 468.8114 204.6378 -060.4518
v 483.7331 223.5678 -047.9332
v 489.3850 222.0523 -041.7713
v 499.5978 214.8785 -034.4534
v 506.0840 205.3335 -030.9324
v 509.7062 195.4206 -032.8795
v 510.5589 186.4086 -034.7113
v 469.7024 186.2575 -060.4048
v 473.9441 229.9169 -036.9987
v 483.2890 226.2727 -028.3787
v 497.1394 214.6686 -022.4781
v 507.2165 204.3630 -020.9228
v 512.7157 194.2759 -021.1214
v 515.2698 183.0661 -028.7042
v 513.3171 171.5563 -033.4258
v 510.3427 162.4404 -043.4275
v 498.2822 150.3071 -050.7606
v 492.7282 148.6953 -052.6327
v 479.8410 147.3149 -057.0618
v 471.5646 150.2195 -058.4339
v 461.5408 163.9641 -057.7768
v 456.0751 178.5154 -056.2428
v 455.1484 184.1749 -057.5191
v 453.3113 198.9009 -057.8975
v 463.6582 226.3383 -047.1997
v 456.1299 213.3066 -054.7248
v 491.2303 216.2645 -000.0090
v 504.9690 203.2731 000.0071
v 515.6645 194.2902 -011.9993
v 521.8821 180.3552 -019.9306
v 521.6855 163.6645 -027.9797
v 523.3176 144.2459 -036.2988
v 467.9116 143.8434 -058.9658
v 459.6478 151.2987 -059.8982
v 456.0024 160.4023 -058.9333
v 447.7781 168.7858 -059.7407
v 445.9682 177.8884 -058.8185
v 443.2610 187.8873 -057.7888
v 443.3020 202.4714 -056.3794
v 463.4996 236.9115 -014.0117
v 474.7988 230.0163 -000.0276
v 457.7573 238.9535 -025.6196
v 447.2349 232.5133 -044.3764
v 438.9484 219.0421 -047.3320
v 522.3191 137.1491 -038.8069
v 515.8322 123.6770 -041.8043
v 495.5360 123.6724 -050.5230
v 476.1601 136.3013 -057.1370
v 517.7545 193.2323 000.0214
v 532.1136 179.5562 -011.9606
v 537.8289 176.8448 000.0441
v 542.4281 172.1152 000.0496
v 542.1809 168.5349 -012.3555
v 538.3208 161.9661 -020.2452
v 537.3133 154.1142 -024.6712
v 533.4328 140.2713 -033.2639
v 529.6963 132.2443 -035.7984
v 526.0653 118.4173 -035.2062
v 525.0485 112.3029 -038.5234
v 499.1713 116.3096 -050.4149
v 473.3657 122.7371 -059.2883
v 464.1547 128.5422 -062.2034
v 452.2247 139.8278 -064.4892
v 443.0999 153.5753 -063.8888
v 440.4221 166.2433 -061.6610
v 438.6380 177.0868 -059.6666
v 437.7095 187.1713 -059.5743
v 558.8763 157.3846 000.0686
v 560.4888 154.6091 -011.3773
v 556.6339 149.8677 -019.0905
v 552.8186 144.0180 -025.0666
v 547.1928 134.5179 -031.3899
v 542.5783 126.4372 -032.9687
v 539.7967 117.4238 -034.6802
v 538.8455 111.9419 -035.1883
v 568.7035 149.9636 -011.0765
v 574.1781 146.3956 -012.4891
v 573.0427 143.5668 -020.9848
v 568.5194 145.2202 -018.8749
v 571.0154 136.0653 -029.0072
v 560.8974 131.7869 -031.9719
v 564.7186 139.4606 -025.7833
v 568.1726 128.2503 -033.3871
v 556.3253 123.5295 -031.7238
v 567.2187 116.4767 -035.4080
v 558.0797 117.4135 -035.1054
v 568.0007 151.0009 000.0786
v 547.9630 111.1310 -036.4188
v 584.2092 142.7708 -013.0724
v 591.5025 138.2159 -013.6820
v 588.6832 138.5674 -017.2365
v 581.3217 141.5581 -019.5261
v 590.8842 138.8968 000.1026
v 596.3117 130.7775 000.1098
v 597.9357 132.5532 -012.5337
v 594.1384 133.0818 -017.8936
v 574.3997 148.2739 000.0851
v 583.5498 143.6280 000.0946
v 578.3731 134.1471 -028.4590
v 584.7989 131.1569 -026.1476
v 593.1474 123.3483 -021.5613
v 599.8088 123.1874 -010.7334
v 596.3527 123.2407 000.1121
v 592.7110 113.1195 000.1118
v 596.1686 111.0978 -009.0324
v 590.8782 106.6916 000.1121
v 593.4596 105.4796 -007.7039
f 1390 1387 1389
f 1387 1388 1389
f 1393 1394 1392
f 1391 1392 1394
f 1395 1396 1397
f 1399 1390 1398
f 1398 1390 1389
f 1398 1400 1399
f 1400 1401 1399
f 1399 1402 1390
f 1390 1402 1403
f 1401 1404 1399
f 1399 1404 1402
f 1401 1405 1404
f 1401 1406 1405
f 1395 1393 1408
f 1407 1408 1393
f 1408 1409 1395
f 1395 1409 1406
f 1393 1392 1411
f 1392 1410 1411
f 1387 1412 1392
f 1410 1392 1412
f 1413 1414 1412
f 1414 1410 1412
f 1414 1415 1410
f 1415 1411 1410
f 1415 1416 1411
f 1416 1407 1411
f 1416 1417 1407
f 1417 1408 1407
f 1418 1409 1417
f 1417 1409 1408
f 1406 1409 1419
f 1418 1419 1409
f 1419 1420 1406
f 1420 1421 1406
f 1406 1421 1405
f 1422 1404 1421
f 1405 1421 1404
f 1423 1402 1422
f 1402 1404 1422
f 1424 1403 1423
f 1403 1402 1423
f 1387 1403 1424
f 1419 1425 1426
f 1426 1427 1419
f 1419 1427 1420
f 1421 1420 1428
f 1420 1427 1428
f 1429 1422 1428
f 1421 1428 1422
f 1422 1429 1423
f 1423 1429 1430
f 1431 1424 1430
f 1424 1423 1430
f 1387 1424 1432
f 1424 1431 1432
f 1418 1417 1434
f 1417 1433 1434
f 1433 1417 1435
f 1435 1417 1416
f 1435 1416 1436
f 1436 1416 1415
f 1414 1437 1415
f 1436 1415 1437
f 1437 1414 1438
f 1414 1413 1438
f 1413 1387 1438
f 1439 1438 1387
f 1439 1387 1432
f 1440 1437 1441
f 1437 1438 1441
f 1442 1436 1440
f 1440 1436 1437
f 1443 1435 1442
f 1442 1435 1436
f 1444 1433 1443
f 1443 1433 1435
f 1444 1445 1433
f 1445 1434 1433
f 1445 1446 1434
f 1446 1425 1434
f 1446 1447 1425
f 1425 1447 1426
f 1426 1447 1427
f 1448 1439 1432
f 1450 1443 1449
f 1442 1449 1443
f 1451 1444 1450
f 1450 1444 1443
f 1451 1452 1444
f 1452 1445 1444
f 1446 1445 1453
f 1452 1453 1445
f 1453 1454 1446
f 1454 1447 1446
f 1455 1427 1454
f 1447 1454 1427
f 1456 1428 1455
f 1427 1455 1428
f 1456 1457 1428
f 1428 1457 1429
f 1430 1429 1458
f 1429 1457 1458
f 1430 1458 1459
f 1431 1430 1460
f 1430 1459 1460
f 1460 1461 1431
f 1432 1431 1461
f 1461 1462 1432
f 1448 1432 1462
f 1462 1463 1448
f 1463 1441 1448
f 1464 1441 1463
f 1465 1440 1466
f 1440 1441 1466
f 1466 1441 1464
f 1467 1468 1451
f 1468 1452 1451
f 1468 1469 1452
f 1469 1453 1452
f 1469 1470 1453
f 1470 1454 1453
f 1471 1455 1470
f 1470 1455 1454
f 1455 1471 1472
f 1455 1472 1456
f 1461 1460 1474
f 1460 1473 1474
f 1461 1474 1475
f 1462 1461 1476
f 1461 1475 1476
f 1476 1477 1462
f 1463 1462 1477
f 1464 1463 1478
f 1478 1463 1477
f 1466 1464 1479
f 1479 1464 1478
f 1481 1450 1480
f 1480 1450 1449
f 1480 1449 1482
f 1482 1449 1465
f 1483 1482 1465
f 1484 1483 1466
f 1483 1465 1466
f 1484 1466 1479
f 1485 1457 1472
f 1456 1472 1457
f 1458 1457 1486
f 1457 1485 1486
f 1486 1487 1458
f 1458 1487 1459
f 1487 1488 1459
f 1459 1488 1460
f 1460 1488 1473
f 1489 1490 1469
f 1490 1470 1469
f 1489 1491 1490
f 1493 1490 1492
f 1491 1492 1490
f 1494 1470 1493
f 1470 1490 1493
f 1470 1494 1471
f 1494 1495 1471
f 1471 1495 1472
f 1495 1496 1472
f 1472 1496 1485
f 1496 1497 1485
f 1498 1486 1497
f 1485 1497 1486
f 1486 1498 1499
f 1499 1500 1486
f 1486 1500 1487
f 1500 1501 1487
f 1488 1487 1501
f 1473 1488 1502
f 1488 1501 1502
f 1502 1503 1473
f 1474 1473 1503
f 1503 1504 1474
f 1475 1474 1504
f 1475 1504 1476
f 1476 1504 1505
f 1505 1506 1476
f 1506 1477 1476
f 1477 1506 1478
f 1507 1478 1506
f 1493 1492 1509
f 1492 1508 1509
f 1509 1510 1493
f 1493 1510 1494
f 1494 1510 1495
f 1510 1511 1495
f 1495 1511 1496
f 1511 1512 1496
f 1512 1513 1496
f 1496 1513 1497
f 1497 1513 1498
f 1513 1514 1498
f 1499 1498 1515
f 1498 1514 1515
f 1516 1517 1519
f 1517 1518 1519
f 1520 1521 1522
f 1524 1521 1523
f 1521 1520 1523
f 1525 1526 1523
f 1524 1523 1526
f 1527 1516 1508
f 1516 1509 1508
f 1510 1509 1519
f 1509 1516 1519
f 1522 1511 1519
f 1519 1511 1510
f 1512 1511 1521
f 1511 1522 1521
f 1521 1524 1512
f 1512 1524 1513
f 1526 1514 1524
f 1513 1524 1514
f 1526 1528 1514
f 1514 1528 1515
f 1529 1530 1532
f 1530 1531 1532
f 1534 1535 1533
f 1533 1535 1530
f 1536 1531 1535
f 1530 1535 1531
f 1529 1517 1538
f 1537 1538 1517
f 1517 1529 1518
f 1529 1532 1518
f 1532 1539 1518
f 1518 1539 1520
f 1531 1540 1532
f 1532 1540 1539
f 1541 1540 1536
f 1531 1536 1540
f 1535 1542 1536
f 1535 1534 1542
f 1534 1543 1542
f 1536 1542 1541
f 1542 1543 1545
f 1543 1544 1545
f 1544 1546 1545
f 1546 1547 1545
v 590.8782 106.6916 000.1121
v 587.1947 102.1428 000.1102
v 589.7758 100.9309 -008.0583
v 593.4596 105.4796 -007.7039
v 587.8630 098.6485 -012.8292
v 592.3808 102.5283 -015.3084
f 1549 1550 1548
f 1548 1550 1551
f 1551 1550 1553
f 1550 1552 1553
v 596.1686 111.0978 -009.0324
v 593.4596 105.4796 -007.7039
v 592.3808 102.5283 -015.3084
v 595.0684 108.2725 -017.5648
v 580.0778 107.8596 -031.9450
v 588.4856 106.2202 -024.9545
v 585.7750 099.7026 -023.6768
v 575.5282 100.4149 -030.7505
v 576.3952 106.2109 -033.8641
v 591.2147 111.7911 -025.4197
v 595.9462 115.7227 -018.7097
f 1554 1555 1557
f 1555 1556 1557
f 1561 1562 1560
f 1562 1558 1560
f 1558 1559 1560
f 1557 1559 1564
f 1563 1564 1559
f 1560 1559 1556
f 1559 1557 1556
v 592.3808 102.5283 -015.3084
v 587.8630 098.6485 -012.8292
v 575.7506 095.7900 -021.0732
v 585.7750 099.7026 -023.6768
v 575.5282 100.4149 -030.7505
v 567.4999 095.0754 -022.7960
f 1567 1568 1566
f 1565 1566 1568
f 1568 1567 1569
f 1569 1567 1570
v 580.0778 107.8596 -031.9450
v 583.7875 114.1493 -030.5184
v 591.2147 111.7911 -025.4197
v 588.4856 106.2202 -024.9545
v 567.2187 116.4767 -035.4080
v 577.3410 122.5861 -032.3025
v 568.1726 128.2503 -033.3871
v 576.4774 127.9824 -030.8562
v 571.0154 136.0653 -029.0072
v 578.3731 134.1471 -028.4590
f 1571 1572 1574
f 1572 1573 1574
f 1575 1576 1571
f 1576 1572 1571
f 1577 1578 1575
f 1578 1576 1575
f 1577 1579 1578
f 1579 1580 1578
v 589.5899 118.2730 -016.4705
v 595.9462 115.7227 -018.7097
v 591.2147 111.7911 -025.4197
v 584.9792 119.3480 -018.1047
v 583.7875 114.1493 -030.5184
v 580.3425 126.0787 -021.0002
v 584.0665 122.1942 -018.7128
v 577.3410 122.5861 -032.3025
v 576.4774 127.9824 -030.8562
v 578.3731 134.1471 -028.4590
v 584.7989 131.1569 -026.1476
v 593.1474 123.3483 -021.5613
v 599.8088 123.1874 -010.7334
v 567.2385 100.7694 -034.1778
v 575.5282 100.4149 -030.7505
v 567.4999 095.0754 -022.7960
v 557.3803 095.2578 -024.3886
v 558.0727 099.9330 -034.9867
v 553.5184 098.0180 -034.1257
f 1581 1582 1583
f 1585 1584 1583
f 1584 1581 1583
f 1587 1588 1586
f 1586 1588 1589
f 1586 1589 1590
f 1586 1590 1591
f 1592 1587 1591
f 1586 1591 1587
f 1587 1592 1584
f 1593 1581 1592
f 1592 1581 1584
f 1594 1595 1597
f 1595 1596 1597
f 1598 1594 1597
f 1598 1597 1599
v 569.0122 109.2917 -037.0850
v 576.3952 106.2109 -033.8641
v 568.1086 105.4964 -035.5860
v 567.2187 116.4767 -035.4080
v 580.0778 107.8596 -031.9450
v 558.0797 117.4135 -035.1054
v 559.8282 109.4735 -038.6994
v 547.9630 111.1310 -036.4188
v 547.0775 100.9574 -035.5371
v 558.0223 104.7470 -037.2696
v 567.2385 100.7694 -034.1778
v 558.0727 099.9330 -034.9867
v 553.5184 098.0180 -034.1257
v 538.8455 111.9419 -035.1883
v 542.5352 103.5967 -034.2720
v 543.4594 097.0412 -033.0823
v 548.0649 094.1387 -031.6248
v 537.9461 104.5817 -034.9748
v 537.0709 098.0272 -033.7432
v 537.3646 088.5375 -020.8840
f 1600 1601 1602
f 1604 1601 1603
f 1603 1601 1600
f 1605 1603 1606
f 1603 1600 1606
f 1605 1606 1607
f 1607 1606 1608
f 1602 1609 1600
f 1606 1600 1609
f 1602 1610 1609
f 1609 1610 1611
f 1609 1608 1606
f 1608 1609 1612
f 1609 1611 1612
f 1613 1607 1614
f 1607 1608 1614
f 1614 1608 1615
f 1608 1612 1615
f 1612 1616 1615
f 1613 1614 1617
f 1618 1617 1615
f 1617 1614 1615
f 1615 1616 1619
f 1618 1615 1619
v 557.3803 095.2578 -024.3886
v 567.4999 095.0754 -022.7960
v 563.8369 090.4402 -022.2548
v 554.6347 091.6044 -024.6782
v 575.7506 095.7900 -021.0732
v 574.8613 092.0490 -020.5099
f 1621 1622 1620
f 1620 1622 1623
f 1625 1622 1624
f 1621 1624 1622
v 548.0649 094.1387 -031.6248
v 554.6347 091.6044 -024.6782
v 551.1556 086.3525 -017.7613
v 537.3646 088.5375 -020.8840
v 563.8369 090.4402 -022.2548
v 560.3370 085.2748 -016.2335
v 574.8613 092.0490 -020.5099
v 570.4630 084.9158 -012.8130
v 525.0485 112.3029 -038.5234
v 538.8455 111.9419 -035.1883
v 537.9461 104.5817 -034.9748
v 524.1466 104.0469 -038.3965
v 537.0709 098.0272 -033.7432
v 522.3571 097.4029 -036.2117
v 529.9005 090.8991 -026.0177
v 519.7562 092.2406 -030.2473
f 1629 1626 1628
f 1626 1627 1628
f 1628 1627 1631
f 1627 1630 1631
f 1633 1631 1632
f 1630 1632 1631
f 1637 1634 1636
f 1634 1635 1636
f 1639 1637 1638
f 1637 1636 1638
f 1638 1629 1640
f 1638 1640 1639
f 1639 1640 1641
v 587.8630 098.6485 -012.8292
v 585.1404 092.9008 -010.5362
v 574.8613 092.0490 -020.5099
v 575.7506 095.7900 -021.0732
v 587.1947 102.1428 000.1102
v 583.6005 094.5722 000.1092
v 589.7758 100.9309 -008.0583
f 1642 1643 1645
f 1643 1644 1645
f 1646 1647 1648
f 1648 1647 1642
f 1647 1643 1642
v 583.6005 094.5722 000.1092
v 578.0790 089.1286 000.1059
v 579.7411 088.0032 -007.2306
v 585.1404 092.9008 -010.5362
v 570.4630 084.9158 -012.8130
v 574.8613 092.0490 -020.5099
v 567.9621 083.9500 000.0985
v 556.8745 083.4653 -007.1390
v 557.9253 083.7796 000.0896
v 544.9164 084.7535 -010.3909
v 560.3370 085.2748 -016.2335
v 524.7762 084.8549 -010.8546
v 521.3434 085.6784 000.0565
v 511.2563 084.0686 000.0480
v 513.7075 082.4518 -014.4842
v 535.6900 085.1120 -013.8324
v 551.1556 086.3525 -017.7613
v 526.4430 085.5571 -018.1694
v 537.3646 088.5375 -020.8840
v 532.3232 086.6039 000.0660
v 546.9641 083.8722 000.0798
v 529.9005 090.8991 -026.0177
v 519.7562 092.2406 -030.2473
v 515.3735 083.1575 -021.8348
v 492.0855 081.2339 000.0318
v 496.3526 079.7382 -014.3440
v 499.6710 081.0560 -028.0771
v 471.2067 077.0512 -033.3393
v 466.9690 073.8163 -018.8296
v 465.5453 075.8022 000.0098
v 500.4627 090.8637 -034.5273
v 472.8809 087.8731 -040.5801
v 501.1084 106.6770 -045.8562
v 524.1466 104.0469 -038.3965
v 522.3571 097.4029 -036.2117
v 502.1254 095.1308 -040.5567
v 473.3657 122.7371 -059.2883
v 499.1713 116.3096 -050.4149
v 474.3250 105.9210 -056.3421
v 474.4871 095.0945 -049.1082
v 464.1547 128.5422 -062.2034
v 456.7896 114.9805 -064.2484
v 449.6191 102.4566 -057.9491
v 441.6475 092.1264 -045.8839
v 433.3503 095.1176 -048.1517
v 439.9629 085.0459 -039.1855
v 429.7891 091.1506 -044.7987
v 438.0854 070.4574 -000.0130
v 435.9048 070.0414 -016.6651
v 431.9799 073.1007 -029.1212
v 421.6374 085.2328 -040.5873
v 444.9011 126.0929 -064.7431
v 436.6867 113.1136 -063.0581
v 414.1189 100.8775 -049.9342
v 427.7227 107.7746 -055.0819
v 408.5564 128.8885 -054.4406
v 417.5444 135.0332 -061.3988
v 424.7733 138.1058 -064.9596
v 432.9607 146.4801 -066.1485
v 443.0999 153.5753 -063.8888
v 452.2247 139.8278 -064.4892
v 431.2225 168.3392 -063.9944
v 440.4221 166.2433 -061.6610
v 430.3615 179.9914 -061.0388
v 438.6380 177.0868 -059.6666
v 430.4562 190.6537 -057.2242
v 437.7095 187.1713 -059.5743
v 424.0116 177.0049 -058.3946
v 422.1814 166.0769 -059.4090
v 412.1121 161.4451 -058.7188
v 406.7576 157.2668 -053.4997
v 414.8883 175.9918 -057.3765
v 407.6852 174.6601 -052.7436
v 474.7988 230.0163 -000.0276
v 491.2303 216.2645 -000.0090
v 497.1394 214.6686 -022.4781
v 483.2890 226.2727 -028.3787
v 504.9690 203.2731 000.0071
v 517.7545 193.2323 000.0214
v 515.6645 194.2902 -011.9993
v 568.0007 151.0009 000.0786
v 574.3997 148.2739 000.0851
v 574.1781 146.3956 -012.4891
v 568.7035 149.9636 -011.0765
v 583.5498 143.6280 000.0946
v 590.8842 138.8968 000.1026
v 591.5025 138.2159 -013.6820
v 584.2092 142.7708 -013.0724
v 434.2351 258.1176 -014.0317
v 431.7602 258.8926 -000.0745
v 445.4962 252.3303 -000.0603
v 445.2383 252.4558 -013.0255
v 433.2083 258.6481 -019.4917
v 444.0143 251.0529 -026.9164
v 433.9601 259.2642 -025.8891
v 442.9895 249.5758 -030.6894
v 418.7258 259.0221 -013.5844
v 418.9883 260.6916 -000.0863
v 420.3325 258.9186 -021.9164
v 421.1652 260.2538 -026.4011
v 420.9941 260.0612 -033.7597
v 432.8606 256.3996 -034.3892
v 441.0844 250.0167 -035.1972
f 1652 1649 1651
f 1649 1650 1651
f 1654 1652 1653
f 1652 1651 1653
f 1651 1650 1655
f 1656 1653 1655
f 1651 1655 1653
f 1655 1657 1656
f 1658 1659 1656
f 1653 1656 1659
f 1663 1660 1662
f 1660 1661 1662
f 1659 1658 1665
f 1658 1664 1665
f 1665 1664 1667
f 1664 1666 1667
f 1668 1661 1660
f 1658 1656 1669
f 1656 1657 1669
f 1660 1658 1668
f 1658 1669 1668
f 1664 1658 1660
f 1664 1660 1666
f 1670 1667 1666
f 1671 1670 1672
f 1670 1666 1672
f 1660 1663 1666
f 1666 1663 1672
f 1673 1674 1662
f 1663 1662 1674
f 1675 1672 1674
f 1672 1663 1674
f 1674 1677 1675
f 1676 1675 1677
f 1674 1673 1677
f 1673 1678 1677
f 1679 1671 1675
f 1671 1672 1675
f 1680 1679 1676
f 1679 1675 1676
f 1682 1683 1681
f 1681 1683 1684
f 1684 1683 1679
f 1683 1671 1679
f 1685 1686 1687
f 1686 1681 1687
f 1688 1687 1684
f 1687 1681 1684
f 1688 1684 1680
f 1684 1679 1680
f 1687 1690 1685
f 1689 1685 1690
f 1688 1691 1687
f 1690 1687 1691
f 1692 1691 1680
f 1691 1688 1680
f 1694 1695 1692
f 1693 1692 1695
f 1677 1678 1697
f 1678 1696 1697
f 1698 1676 1697
f 1676 1677 1697
f 1694 1676 1698
f 1698 1699 1694
f 1694 1699 1695
f 1676 1694 1680
f 1694 1692 1680
f 1691 1701 1690
f 1700 1690 1701
f 1702 1695 1699
f 1703 1693 1702
f 1702 1693 1695
f 1705 1703 1704
f 1704 1703 1702
f 1693 1691 1692
f 1693 1703 1691
f 1703 1701 1691
f 1703 1705 1701
f 1705 1706 1701
f 1701 1706 1700
f 1706 1707 1700
f 1700 1707 1709
f 1707 1708 1709
f 1707 1710 1708
f 1710 1711 1708
f 1712 1713 1710
f 1713 1711 1710
f 1714 1715 1712
f 1715 1713 1712
f 1717 1716 1710
f 1716 1712 1710
f 1706 1717 1707
f 1717 1710 1707
f 1717 1706 1718
f 1718 1706 1705
f 1704 1719 1705
f 1719 1718 1705
f 1718 1720 1717
f 1720 1716 1717
f 1719 1721 1718
f 1721 1720 1718
f 1722 1723 1725
f 1723 1724 1725
f 1726 1727 1728
f 1731 1732 1730
f 1729 1730 1732
f 1735 1736 1734
f 1733 1734 1736
f 1738 1739 1737
f 1737 1739 1740
f 1742 1741 1740
f 1741 1737 1740
f 1741 1742 1743
f 1743 1742 1744
f 1737 1745 1738
f 1745 1746 1738
f 1737 1741 1745
f 1747 1745 1741
f 1743 1748 1741
f 1748 1747 1741
f 1750 1749 1743
f 1749 1748 1743
f 1743 1744 1750
f 1750 1744 1751
v 422.4730 262.4525 -049.1916
v 420.9941 260.0612 -033.7597
v 432.8606 256.3996 -034.3892
v 434.4028 258.5635 -047.0949
v 441.0844 250.0167 -035.1972
v 440.7729 253.1640 -048.6692
v 427.7169 265.2435 -059.1369
v 435.9483 261.5839 -059.6817
v 442.3033 256.1337 -060.3562
v 435.6680 268.2996 -071.9050
v 441.1541 266.3824 -071.3132
v 447.6090 260.6654 -069.2301
v 441.8954 270.7401 -078.2531
v 446.5268 269.5425 -075.7267
v 452.0603 263.9162 -074.5542
v 450.9555 271.9807 -081.9972
v 454.6655 270.9095 -080.3780
v 457.4545 266.9863 -078.0363
f 1752 1753 1755
f 1753 1754 1755
f 1754 1756 1755
f 1755 1756 1757
f 1752 1755 1758
f 1758 1755 1759
f 1755 1757 1759
f 1759 1757 1760
f 1758 1759 1761
f 1761 1759 1762
f 1762 1759 1763
f 1759 1760 1763
f 1764 1761 1765
f 1761 1762 1765
f 1763 1766 1762
f 1762 1766 1765
f 1765 1768 1764
f 1767 1764 1768
f 1766 1769 1765
f 1765 1769 1768
v 452.8082 246.7537 -000.0521
v 474.7988 230.0163 -000.0276
v 463.4996 236.9115 -014.0117
v 445.2383 252.4558 -013.0255
v 445.4962 252.3303 -000.0603
v 457.7573 238.9535 -025.6196
v 444.0143 251.0529 -026.9164
v 442.9895 249.5758 -030.6894
v 447.4318 241.8432 -036.1347
v 441.0844 250.0167 -035.1972
f 1770 1771 1772
f 1775 1773 1772
f 1772 1773 1770
f 1773 1774 1770
f 1776 1773 1775
f 1777 1776 1775
f 1778 1779 1777
v 440.7729 253.1640 -048.6692
v 441.0844 250.0167 -035.1972
v 447.4318 241.8432 -036.1347
v 444.3850 244.9921 -049.5432
v 442.3033 256.1337 -060.3562
v 444.0760 249.0353 -062.9287
v 447.6090 260.6654 -069.2301
v 448.4667 253.4451 -070.8888
v 452.0603 263.9162 -074.5542
v 452.0165 255.7971 -076.2427
v 457.4545 266.9863 -078.0363
v 459.2620 256.9879 -079.0452
v 465.6565 268.0542 -079.9684
v 467.4691 259.8833 -080.8006
v 464.6703 272.8688 -082.2295
v 454.6655 270.9095 -080.3780
v 463.6909 275.0501 -085.6859
v 450.9555 271.9807 -081.9972
v 474.8031 268.3805 -080.0044
v 472.9447 260.6204 -080.7513
v 472.8931 272.1892 -083.2625
v 471.9171 275.1091 -086.5965
v 482.1325 269.1794 -079.1887
v 482.1336 262.1498 -078.9636
v 481.1798 272.8680 -081.5406
v 480.1436 275.0224 -085.8918
v 509.6148 275.9720 -077.4729
f 1782 1783 1781
f 1780 1781 1783
f 1785 1784 1783
f 1784 1780 1783
f 1784 1785 1786
f 1786 1785 1787
f 1788 1786 1789
f 1786 1787 1789
f 1790 1788 1791
f 1788 1789 1791
f 1791 1793 1790
f 1792 1790 1793
f 1795 1790 1794
f 1794 1790 1792
f 1797 1795 1796
f 1796 1795 1794
f 1792 1793 1798
f 1798 1793 1799
f 1792 1798 1794
f 1800 1794 1798
f 1801 1796 1800
f 1796 1794 1800
f 1799 1803 1798
f 1802 1798 1803
f 1804 1800 1802
f 1800 1798 1802
f 1805 1801 1804
f 1801 1800 1804
f 1806 1805 1804
f 1806 1804 1802
f 1806 1802 1803
v 447.4318 241.8432 -036.1347
v 442.9895 249.5758 -030.6894
v 457.7573 238.9535 -025.6196
v 447.2349 232.5133 -044.3764
f 1807 1808 1809
f 1807 1809 1810
v 444.2912 234.3263 -053.3220
v 444.3850 244.9921 -049.5432
v 447.4318 241.8432 -036.1347
v 447.2349 232.5133 -044.3764
v 444.0713 239.8472 -062.9128
v 444.0760 249.0353 -062.9287
v 448.4667 253.4451 -070.8888
v 447.4625 246.5214 -075.1890
v 431.4039 232.9460 -057.7510
v 432.0630 238.5528 -068.2583
v 429.6769 226.0422 -052.8796
v 438.2053 243.3474 -079.8757
v 452.0165 255.7971 -076.2427
v 453.8177 251.3353 -077.6566
v 444.4739 247.5795 -086.0515
v 459.2620 256.9879 -079.0452
v 460.1515 253.3324 -079.4193
v 455.4459 251.1417 -085.0571
v 467.4691 259.8833 -080.8006
v 468.3344 255.4221 -082.1927
v 468.1847 255.1036 -088.6235
v 473.7893 256.4648 -083.0389
v 475.5192 256.8818 -087.6311
v 482.9566 258.0797 -082.1827
v 485.6249 259.3812 -086.7067
v 472.9447 260.6204 -080.7513
v 482.1336 262.1498 -078.9636
v 466.2221 255.6346 -094.0618
v 449.7719 254.7480 -093.7659
v 476.3337 259.0834 -092.9248
v 488.3022 261.3658 -089.3163
v 435.2603 252.4888 -089.0532
v 426.2798 249.0674 -081.8316
v 419.2789 241.1967 -066.8016
v 419.3959 237.0476 -061.6705
v 411.3935 233.4131 -052.6471
v 509.6148 275.9720 -077.4729
v 473.5139 264.5464 -095.0890
v 485.4957 266.0227 -092.4310
v 461.5662 263.3870 -097.7986
v 446.0582 262.2875 -095.7002
v 434.3217 258.9542 -089.3106
v 424.4622 255.4467 -081.1726
v 413.8687 247.4013 -064.2311
v 412.1994 245.8034 -057.0029
v 407.8510 241.1810 -047.2193
v 423.5494 263.6171 -080.3613
v 434.2998 266.4049 -090.4347
v 446.0786 269.5616 -094.9972
v 462.4800 270.8372 -098.9445
v 413.8494 255.7838 -065.2651
v 410.4292 253.7976 -054.3437
v 408.8356 251.0913 -045.3793
f 1813 1814 1812
f 1811 1812 1814
f 1812 1811 1816
f 1815 1816 1811
f 1815 1818 1816
f 1817 1816 1818
f 1820 1815 1819
f 1815 1811 1819
f 1814 1821 1811
f 1819 1811 1821
f 1820 1822 1815
f 1818 1815 1822
f 1818 1824 1817
f 1823 1817 1824
f 1824 1818 1825
f 1818 1822 1825
f 1826 1823 1827
f 1823 1824 1827
f 1825 1828 1824
f 1827 1824 1828
f 1830 1829 1827
f 1829 1826 1827
f 1828 1831 1827
f 1830 1827 1831
f 1833 1832 1831
f 1832 1830 1831
f 1833 1835 1832
f 1834 1832 1835
f 1832 1836 1830
f 1836 1829 1830
f 1837 1836 1834
f 1836 1832 1834
f 1839 1838 1828
f 1838 1831 1828
f 1840 1833 1838
f 1831 1838 1833
f 1841 1835 1840
f 1835 1833 1840
f 1842 1839 1825
f 1828 1825 1839
f 1843 1842 1822
f 1842 1825 1822
f 1843 1822 1844
f 1822 1820 1844
f 1819 1845 1820
f 1844 1820 1845
f 1821 1846 1819
f 1846 1845 1819
f 1841 1847 1835
f 1841 1840 1849
f 1840 1848 1849
f 1850 1848 1838
f 1838 1848 1840
f 1838 1839 1850
f 1839 1851 1850
f 1839 1842 1851
f 1842 1852 1851
f 1853 1852 1843
f 1843 1852 1842
f 1853 1843 1854
f 1844 1854 1843
f 1841 1849 1847
f 1855 1854 1845
f 1854 1844 1845
f 1845 1846 1855
f 1855 1846 1856
f 1857 1858 1853
f 1853 1858 1852
f 1852 1858 1851
f 1858 1859 1851
f 1859 1860 1851
f 1851 1860 1850
f 1854 1861 1853
f 1861 1857 1853
f 1862 1861 1855
f 1861 1854 1855
f 1855 1856 1862
f 1863 1862 1856
v 406.3205 250.9679 -034.2987
v 408.8356 251.0913 -045.3793
v 407.8510 241.1810 -047.2193
v 404.3796 238.6524 -040.0392
v 405.5262 250.5284 -029.7282
v 403.5753 239.9538 -034.3957
f 1864 1865 1867
f 1865 1866 1867
f 1864 1867 1868
f 1868 1867 1869
v 462.4800 270.8372 -098.9445
v 475.3015 269.9695 -097.3279
v 473.5139 264.5464 -095.0890
v 461.5662 263.3870 -097.7986
v 486.3709 272.2151 -093.6660
v 485.4957 266.0227 -092.4310
f 1871 1872 1870
f 1870 1872 1873
f 1872 1871 1875
f 1871 1874 1875
v 418.7258 259.0221 -013.5844
v 408.4506 257.0978 -021.8168
v 407.9812 257.1649 -000.0951
v 418.9883 260.6916 -000.0863
v 420.3325 258.9186 -021.9164
v 410.1754 255.7092 -026.5856
v 421.1652 260.2538 -026.4011
v 410.0907 256.0626 -030.2396
v 420.9941 260.0612 -033.7597
v 411.7367 256.8514 -038.4500
f 1877 1878 1876
f 1876 1878 1879
f 1876 1880 1877
f 1880 1881 1877
f 1883 1881 1882
f 1882 1881 1880
f 1883 1882 1885
f 1884 1885 1882
v 422.4730 262.4525 -049.1916
v 415.1183 257.9059 -049.4606
v 411.7367 256.8514 -038.4500
v 420.9941 260.0612 -033.7597
v 463.6909 275.0501 -085.6859
v 461.6626 274.9486 -093.9333
v 446.2368 272.5999 -088.2675
v 450.9555 271.9807 -081.9972
v 435.4196 271.1836 -082.6545
v 441.8954 270.7401 -078.2531
v 427.3414 268.6575 -075.3674
v 435.6680 268.2996 -071.9050
v 427.7169 265.2435 -059.1369
v 417.6065 263.6883 -061.8384
f 1889 1886 1888
f 1886 1887 1888
f 1891 1892 1890
f 1890 1892 1893
f 1892 1894 1893
f 1893 1894 1895
f 1896 1897 1894
f 1895 1894 1897
f 1887 1886 1899
f 1886 1898 1899
v 403.5753 239.9538 -034.3957
v 400.0110 242.4158 -031.3254
v 402.9016 251.9175 -024.9385
v 405.5262 250.5284 -029.7282
v 402.4214 252.7933 -000.0987
v 398.8172 248.9642 -000.1008
v 407.9812 257.1649 -000.0951
v 408.4506 257.0978 -021.8168
v 410.1754 255.7092 -026.5856
v 410.0907 256.0626 -030.2396
v 406.3205 250.9679 -034.2987
v 411.7367 256.8514 -038.4500
v 408.8356 251.0913 -045.3793
f 1902 1903 1901
f 1900 1901 1903
f 1901 1905 1902
f 1904 1902 1905
f 1904 1906 1902
f 1906 1907 1902
f 1907 1908 1902
f 1902 1908 1903
f 1910 1903 1909
f 1903 1908 1909
f 1912 1910 1911
f 1910 1909 1911
v 408.8356 251.0913 -045.3793
v 411.7367 256.8514 -038.4500
v 415.1183 257.9059 -049.4606
v 410.4292 253.7976 -054.3437
v 417.6065 263.6883 -061.8384
v 427.7169 265.2435 -059.1369
v 435.6680 268.2996 -071.9050
v 427.3414 268.6575 -075.3674
v 413.8494 255.7838 -065.2651
v 423.5494 263.6171 -080.3613
v 435.4196 271.1836 -082.6545
v 434.2998 266.4049 -090.4347
v 446.2368 272.5999 -088.2675
v 446.0786 269.5616 -094.9972
v 463.6909 275.0501 -085.6859
v 471.9171 275.1091 -086.5965
v 473.5445 274.9285 -094.0329
v 461.6626 274.9486 -093.9333
v 480.1436 275.0224 -085.8918
v 482.7733 275.4390 -090.5049
v 509.6148 275.9720 -077.4729
v 462.4800 270.8372 -098.9445
v 475.3015 269.9695 -097.3279
v 486.3709 272.2151 -093.6660
f 1914 1915 1913
f 1913 1915 1916
f 1917 1918 1920
f 1918 1919 1920
f 1915 1917 1916
f 1916 1917 1921
f 1921 1917 1922
f 1917 1920 1922
f 1922 1920 1924
f 1920 1923 1924
f 1924 1923 1926
f 1923 1925 1926
f 1929 1930 1928
f 1927 1928 1930
f 1929 1928 1932
f 1931 1932 1928
f 1932 1931 1933
f 1926 1925 1934
f 1925 1930 1934
f 1935 1934 1929
f 1930 1929 1934
f 1935 1929 1936
f 1936 1929 1932
f 1936 1932 1933
v 378.7342 239.6113 -000.1159
v 398.8172 248.9642 -000.1008
v 400.0110 242.4158 -031.3254
v 382.8001 235.2540 -023.3341
v 396.1908 234.7745 -037.4747
v 387.0548 229.2106 -036.8964
v 403.5753 239.9538 -034.3957
v 404.3796 238.6524 -040.0392
v 402.5364 235.9300 -040.2597
v 407.7563 230.5187 -051.0338
v 396.7085 228.0648 -053.7643
v 390.3911 224.1501 -051.2468
v 385.7922 214.1554 -052.1067
v 382.3349 214.1733 -042.8356
v 407.8510 241.1810 -047.2193
v 411.3935 233.4131 -052.6471
v 411.2302 228.5832 -059.5500
v 401.0847 227.0246 -062.2149
v 392.8869 222.3919 -061.5683
v 389.2378 214.9432 -060.3589
v 414.6067 227.8102 -070.7372
v 404.4730 225.4459 -074.4209
v 399.0744 220.5448 -071.0795
v 394.5464 213.0100 -068.9536
v 429.6769 226.0422 -052.8796
v 421.2974 230.3184 -058.7113
v 421.2058 227.9450 -062.5927
v 422.9332 227.4522 -067.2749
v 417.2143 230.3394 -077.8972
v 407.9122 226.4104 -084.5010
v 402.4700 218.7859 -081.4219
v 427.3005 231.0529 -076.2172
v 421.5419 235.0484 -088.5764
v 410.4864 229.8353 -091.5735
v 405.9714 219.4906 -088.8152
v 406.1989 223.1988 -117.8382
v 410.2304 229.9960 -102.5862
v 415.5551 238.8662 -109.1960
v 409.7362 236.6600 -123.9986
v 419.4233 240.8334 -100.8471
v 430.7092 236.7482 -087.7202
v 426.6263 242.1651 -105.4799
v 422.8523 243.5029 -109.8575
v 417.0470 245.8441 -124.1846
v 409.4116 242.6172 -138.1032
v 405.8311 229.3363 -133.8054
v 404.6673 234.1349 -145.2530
v 404.7406 220.7209 -101.5108
v 398.9434 211.8832 -076.5086
v 402.2592 212.3052 -090.3284
v 402.0299 214.1675 -100.2365
v 403.6947 199.2167 -107.2561
v 402.4858 210.6568 -120.8099
v 408.2988 217.5805 -145.0930
v 410.3303 203.8565 -136.3737
v 415.2166 186.8775 -122.5002
v 403.1515 196.8248 -091.8460
v 412.7903 182.8359 -109.0512
v 392.2437 197.2461 -048.3563
v 396.6639 196.9285 -054.9291
v 398.2910 198.7391 -063.9809
v 409.4112 188.9281 -057.8435
v 405.9885 186.0460 -047.0087
v 401.7509 199.6169 -073.1654
v 415.0297 182.0575 -091.7046
v 447.2349 232.5133 -044.3764
v 438.9484 219.0421 -047.3320
v 431.4791 214.2163 -054.0650
v 434.2700 211.2281 -051.6692
v 430.5411 205.9245 -053.9407
v 443.3020 202.4714 -056.3794
v 414.8927 238.8726 -137.6879
v 410.1726 231.2318 -143.8163
v 414.9438 234.0550 -135.3693
v 416.9404 230.6276 -128.4031
v 414.0097 229.5949 -136.7196
v 412.9926 230.8770 -140.2259
v 414.1759 227.9958 -129.5340
v 419.7644 239.4643 -124.8646
v 419.7516 234.9135 -125.3043
v 419.9317 230.4652 -117.4540
v 427.4886 222.0030 -067.9075
v 426.7320 212.1987 -061.4940
v 438.0990 220.7701 -083.9016
v 435.4411 210.2985 -080.2580
v 436.9751 229.8204 -092.1894
v 430.3193 234.7123 -104.4413
v 424.5861 237.5093 -114.1312
v 421.8457 235.6834 -114.2444
v 427.5405 231.9905 -104.6400
v 429.6538 224.3779 -092.5459
v 428.9048 217.2969 -085.8693
v 421.1815 228.2490 -103.9137
v 427.8045 197.6660 -053.7351
v 429.0375 211.2337 -080.0190
v 422.2795 222.8178 -095.2752
v 419.7609 216.4063 -085.7433
v 415.3175 208.4823 -079.9668
v 415.1090 210.2939 -088.9759
v 414.8865 214.8829 -098.6567
v 415.4566 219.0480 -112.9552
v 415.2557 223.5471 -121.7046
v 413.1949 205.0757 -092.1856
v 411.9993 206.3095 -104.9178
v 412.6160 212.0930 -117.2520
v 413.3175 217.5231 -125.9323
v 413.7657 194.4837 -106.1024
v 415.9229 194.9902 -092.3197
v 414.3794 201.3720 -120.1386
v 412.3290 208.6854 -129.5135
v 411.2680 219.5089 -136.6908
v 411.1934 223.4814 -139.9949
v 430.4562 190.6537 -057.2242
v 423.2341 190.3079 -053.4362
v 424.0116 177.0049 -058.3946
v 430.3615 179.9914 -061.0388
v 437.7095 187.1713 -059.5743
v 443.2610 187.8873 -057.7888
v 414.8883 175.9918 -057.3765
v 428.1287 205.5751 -078.7000
v 435.4941 206.4161 -077.8851
v 424.5225 200.8532 -077.2641
f 1939 1940 1938
f 1937 1938 1940
f 1939 1941 1940
f 1941 1942 1940
f 1939 1943 1945
f 1943 1944 1945
f 1939 1945 1941
f 1947 1941 1946
f 1941 1945 1946
f 1947 1948 1941
f 1942 1941 1948
f 1942 1948 1950
f 1948 1949 1950
f 1944 1951 1952
f 1944 1952 1945
f 1952 1946 1945
f 1947 1946 1954
f 1946 1953 1954
f 1955 1948 1954
f 1947 1954 1948
f 1948 1955 1949
f 1955 1956 1949
f 1958 1954 1957
f 1953 1957 1954
f 1954 1958 1955
f 1955 1958 1959
f 1955 1959 1956
f 1959 1960 1956
f 1952 1961 1962
f 1953 1946 1962
f 1946 1952 1962
f 1957 1953 1963
f 1962 1963 1953
f 1965 1957 1964
f 1963 1964 1957
f 1966 1958 1965
f 1957 1965 1958
f 1967 1959 1966
f 1958 1966 1959
f 1969 1965 1968
f 1964 1968 1965
f 1965 1969 1966
f 1969 1970 1966
f 1970 1971 1966
f 1966 1971 1967
f 1972 1973 1975
f 1973 1974 1975
f 1969 1976 1970
f 1970 1976 1973
f 1973 1976 1974
f 1969 1968 1977
f 1977 1978 1969
f 1969 1978 1976
f 1974 1976 1979
f 1976 1978 1979
f 1975 1974 1980
f 1974 1979 1980
f 1980 1981 1975
f 1975 1981 1982
f 1982 1981 1983
f 1971 1970 1984
f 1970 1973 1984
f 1984 1973 1972
f 1967 1985 1959
f 1960 1959 1985
f 1985 1967 1986
f 1967 1971 1986
f 1984 1987 1971
f 1986 1971 1987
f 1987 1984 1972
f 1972 1975 1982
f 1972 1989 1987
f 1988 1987 1989
f 1989 1972 1982
f 1982 1983 1990
f 1982 1990 1989
f 1991 1989 1990
f 1992 1988 1991
f 1989 1991 1988
f 1993 1988 1994
f 1988 1992 1994
f 1993 1986 1988
f 1986 1987 1988
f 1996 1995 1949
f 1995 1950 1949
f 1949 1956 1996
f 1996 1956 1997
f 1999 1995 1998
f 1995 1996 1998
f 1996 1997 1998
f 2000 1985 1993
f 1985 1986 1993
f 2000 1960 1985
f 1997 1956 2000
f 1956 1960 2000
f 1997 2000 1998
f 2000 2001 1998
f 2000 1993 2001
f 1993 1994 2001
f 1961 2002 2003
f 2004 2003 2005
f 2004 2005 2006
f 2004 1961 2003
f 2005 2003 2007
f 2006 2005 2007
f 1983 1981 2009
f 1981 2008 2009
f 2011 2012 2010
f 2010 2012 2013
f 2011 2014 2012
f 1981 1980 2008
f 1980 2015 2008
f 2008 2015 2010
f 2015 2016 2010
f 2017 2011 2016
f 2016 2011 2010
f 1961 2004 2018
f 2018 2004 2019
f 2021 2020 2019
f 2020 2018 2019
f 1962 1961 1963
f 1963 1961 1964
f 1964 1961 2018
f 1968 1964 2018
f 1968 2018 1977
f 2019 2004 2006
f 2018 2020 1977
f 1977 2020 2022
f 1977 2022 1978
f 2023 1978 2022
f 2024 1979 2023
f 1979 1978 2023
f 1980 1979 2015
f 2024 2015 1979
f 2015 2024 2016
f 2016 2024 2025
f 2026 2025 2023
f 2025 2024 2023
f 2027 2026 2022
f 2023 2022 2026
f 2022 2020 2027
f 2020 2028 2027
f 2017 2016 2025
f 2017 2025 2029
f 2025 2026 2029
f 2030 2021 2006
f 2021 2019 2006
f 2020 2021 2028
f 2028 2021 2031
f 2027 2032 2026
f 2029 2026 2032
f 2032 2027 2033
f 2027 2028 2033
f 2031 2034 2028
f 2033 2028 2034
f 2035 2033 2034
f 2036 2032 2035
f 2032 2033 2035
f 2037 2029 2036
f 2029 2032 2036
f 2029 2037 2017
f 2038 2017 2037
f 2017 2038 2011
f 2014 2011 2038
f 2039 2035 2034
f 2036 2035 2040
f 2040 2035 2039
f 2036 2040 2037
f 2041 2037 2040
f 2037 2041 2038
f 2042 2038 2041
f 2042 2014 2038
f 2040 2039 2043
f 2043 2039 2044
f 2043 2045 2040
f 2045 2041 2040
f 2045 2046 2041
f 2046 2042 2041
f 2046 2047 2042
f 2047 2014 2042
f 2014 2047 2012
f 2048 2012 2047
f 2048 2013 2012
f 2030 2049 2050
f 2051 2050 2052
f 2050 2049 2052
f 2006 2053 2030
f 2049 2030 2053
f 2006 2007 2053
f 2053 2007 2054
f 1998 2050 2055
f 2055 2050 2051
f 2031 2021 2056
f 2021 2057 2056
f 2056 2057 2058
f 2034 2031 2056
f 2056 2044 2034
f 2039 2034 2044
f 2057 2021 2030
f 2057 2030 2058
f 2030 2050 2058
f 2044 2056 2058
v 599.8088 123.1874 -010.7334
v 595.9462 115.7227 -018.7097
v 589.5899 118.2730 -016.4705
f 2059 2060 2061
v 599.8088 123.1874 -010.7334
v 596.1686 111.0978 -009.0324
v 595.0684 108.2725 -017.5648
v 595.9462 115.7227 -018.7097
v 567.2385 100.7694 -034.1778
v 568.1086 105.4964 -035.5860
v 576.3952 106.2109 -033.8641
v 575.5282 100.4149 -030.7505
f 2062 2063 2065
f 2063 2064 2065
f 2068 2069 2067
f 2066 2067 2069
v 583.7875 114.1493 -030.5184
v 577.3410 122.5861 -032.3025
v 584.0665 122.1942 -018.7128
v 584.9792 119.3480 -018.1047
v 553.5184 098.0180 -034.1257
v 557.3803 095.2578 -024.3886
v 554.6347 091.6044 -024.6782
v 548.0649 094.1387 -031.6248
f 2073 2070 2072
f 2070 2071 2072
f 2077 2074 2076
f 2074 2075 2076
v 564.7186 139.4606 -025.7833
v 568.5194 145.2202 -018.8749
v 573.0427 143.5668 -020.9848
v 571.0154 136.0653 -029.0072
v 525.0485 112.3029 -038.5234
v 524.1466 104.0469 -038.3965
v 501.1084 106.6770 -045.8562
v 499.1713 116.3096 -050.4149
v 456.7896 114.9805 -064.2484
v 444.9011 126.0929 -064.7431
v 452.2247 139.8278 -064.4892
v 464.1547 128.5422 -062.2034
v 469.7024 186.2575 -060.4048
v 468.8114 204.6378 -060.4518
v 472.8963 203.6146 -061.4307
v 474.2358 188.2232 -062.1650
v 484.2883 202.1333 -063.8025
v 486.1611 200.1639 -062.1913
v 482.4747 194.6835 -062.6358
v 476.0921 188.1357 -061.3120
f 2081 2078 2080
f 2078 2079 2080
f 2082 2083 2085
f 2083 2084 2085
f 2088 2089 2087
f 2086 2087 2089
f 2091 2092 2090
f 2090 2092 2093
f 2097 2094 2096
f 2094 2095 2096
v 489.7808 194.6794 -062.8057
v 486.1611 200.1639 -062.1913
v 493.5561 201.6016 -058.5700
v 492.5394 195.5229 -061.8837
f 2100 2101 2099
f 2098 2099 2101
v 476.0921 188.1357 -061.3120
v 486.1618 185.4067 -061.8095
v 485.2582 181.6115 -060.3105
v 493.5561 201.6016 -058.5700
v 493.5880 205.1665 -057.2853
v 499.1746 200.9819 -052.3206
v 497.3133 199.2779 -053.3466
v 475.1519 203.9658 -063.4134
v 478.8476 202.8047 -060.8619
v 498.2364 187.3300 -053.6190
v 500.1903 191.4398 -048.6724
v 501.1430 187.5569 -046.3205
v 499.1709 184.4295 -052.0761
v 488.1574 209.4571 -053.9949
v 491.8466 208.4725 -053.2713
v 463.6582 226.3383 -047.1997
v 473.9441 229.9169 -036.9987
v 483.7331 223.5678 -047.9332
v 474.4050 217.9337 -055.6057
v 505.7495 200.2751 -045.1974
v 506.7202 202.7704 -042.2291
v 509.5375 196.1238 -040.1516
v 507.5994 190.0999 -044.3793
v 408.2988 217.5805 -145.0930
v 404.6673 234.1349 -145.2530
v 410.1726 231.2318 -143.8163
v 412.9926 230.8770 -140.2259
v 411.1934 223.4814 -139.9949
v 415.9229 194.9902 -092.3197
v 424.5225 200.8532 -077.2641
v 409.4112 188.9281 -057.8435
v 415.0297 182.0575 -091.7046
v 413.7657 194.4837 -106.1024
v 412.7903 182.8359 -109.0512
v 414.3794 201.3720 -120.1386
v 415.2166 186.8775 -122.5002
v 412.3290 208.6854 -129.5135
v 410.3303 203.8565 -136.3737
v 411.2680 219.5089 -136.6908
f 2102 2103 2104
f 2106 2107 2105
f 2105 2107 2108
f 2109 2110 2102
f 2113 2114 2112
f 2111 2112 2114
f 2107 2113 2112
f 2115 2116 2106
f 2118 2119 2117
f 2117 2119 2120
f 2124 2121 2123
f 2121 2122 2123
f 2125 2126 2127
f 2127 2128 2125
f 2125 2128 2129
f 2133 2130 2132
f 2130 2131 2132
f 2135 2134 2133
f 2134 2130 2133
f 2136 2134 2137
f 2134 2135 2137
f 2137 2139 2136
f 2138 2136 2139
f 2125 2140 2139
f 2140 2138 2139
f 2129 2140 2125
v 485.4957 266.0227 -092.4310
v 486.3709 272.2151 -093.6660
v 509.6148 275.9720 -077.4729
f 2141 2142 2143
v 405.9885 186.0460 -047.0087
v 409.4112 188.9281 -057.8435
v 414.8883 175.9918 -057.3765
v 407.6852 174.6601 -052.7436
v 412.6565 064.2027 000.0000
v 412.0842 062.7141 -018.5461
v 435.9048 070.0414 -016.6651
v 438.0854 070.4574 -000.0130
v 388.1998 176.4428 -047.6337
v 388.6058 155.0141 -050.4830
v 406.7576 157.2668 -053.4997
v 398.8510 129.7806 -053.9537
v 408.5564 128.8885 -054.4406
v 404.1657 103.9756 -049.6922
v 414.1189 100.8775 -049.9342
v 406.8249 079.8926 -040.0813
v 421.6374 085.2328 -040.5873
v 410.5198 067.2581 -030.0001
v 431.9799 073.1007 -029.1212
v 374.5669 226.6001 -024.1930
v 382.8001 235.2540 -023.3341
v 387.0548 229.2106 -036.8964
v 375.8215 220.6683 -032.3051
v 372.7093 230.8406 -015.0049
v 371.6360 234.3387 000.0000
v 378.7342 239.6113 -000.1159
v 392.2437 197.2461 -048.3563
v 381.4876 196.8416 -044.3000
v 382.3349 214.1733 -042.8356
f 2144 2145 2147
f 2145 2146 2147
f 2149 2150 2148
f 2148 2150 2151
f 2152 2144 2147
f 2153 2152 2154
f 2152 2147 2154
f 2154 2156 2153
f 2155 2153 2156
f 2158 2157 2156
f 2157 2155 2156
f 2157 2158 2159
f 2159 2158 2160
f 2162 2161 2160
f 2161 2159 2160
f 2150 2149 2162
f 2149 2161 2162
f 2164 2165 2163
f 2163 2165 2166
f 2164 2167 2169
f 2167 2168 2169
f 2163 2167 2164
f 2170 2144 2152
f 2170 2152 2171
f 2172 2170 2171
f 2172 2171 2166
f 2165 2172 2166
v 482.1336 262.1498 -078.9636
v 482.9566 258.0797 -082.1827
v 509.6148 275.9720 -077.4729
v 485.6249 259.3812 -086.7067
f 2173 2174 2175
f 2174 2176 2175
v 424.5225 200.8532 -077.2641
v 423.2341 190.3079 -053.4362
v 409.4112 188.9281 -057.8435
v 165.5948 -252.0927 -084.4269
v 167.8986 -251.3137 -089.1745
v 171.8315 -277.5468 -092.1796
v 170.0797 -279.4792 -082.4250
v 173.4568 -296.5876 -098.6396
v 170.5953 -300.6628 -083.2630
v -130.5099 -170.8460 -048.4230
v -110.8758 -177.0749 -047.3033
v -097.7375 -179.3126 -049.8747
v -097.2514 -182.2778 -037.2649
v -140.6693 -169.7325 -045.0399
v -139.7474 -169.3815 -057.0541
v -126.6738 -169.1944 -055.7922
f 2177 2178 2179
f 2183 2180 2182
f 2180 2181 2182
f 2184 2185 2182
f 2182 2185 2183
f 2186 2187 2189
f 2187 2188 2189
f 2190 2191 2186
f 2191 2192 2186
v -313.9394 -168.7482 -063.8546
v -300.8323 -175.9271 -065.5672
v -294.1731 -178.7431 -044.2574
v -312.0907 -170.7924 -043.1829
v -270.9403 -187.9947 -050.8775
v -281.1581 -179.8210 -071.2737
v -269.9966 -185.0397 -057.0070
f 2195 2196 2194
f 2193 2194 2196
f 2194 2197 2195
f 2197 2194 2199
f 2194 2198 2199
v -339.2806 176.9365 000.0000
v -341.3372 187.1604 -014.2309
v -335.8510 181.0253 -038.0095
v -334.8274 176.7738 -000.0085
v -338.0836 181.9691 -012.3273
v 414.9438 234.0550 -135.3693
v 412.9926 230.8770 -140.2259
v 410.1726 231.2318 -143.8163
v 414.8927 238.8726 -137.6879
v -281.1581 -179.8210 -071.2737
v -300.8323 -175.9271 -065.5672
v -306.6022 -195.3125 -071.9516
v -296.4215 -197.8727 -077.6572
v -313.9394 -168.7482 -063.8546
v -321.1005 -185.0398 -070.0723
v 240.7309 -097.4980 080.5091
v 241.0367 -077.7999 084.1105
v 229.2449 -087.1852 088.2400
v 222.9345 -099.2723 086.2826
v 252.0417 -095.4785 073.9445
v 253.9200 -072.7778 075.0475
v 263.7655 -076.8176 063.7039
v 251.4167 -107.7721 070.6614
v 266.9281 -093.0664 055.7166
v 238.6465 -111.6066 076.1367
v 218.0012 -113.0557 082.1812
v 215.8051 -120.9613 078.3941
v 235.4287 -119.3746 073.5189
v 212.6237 -133.0172 072.1011
v 231.8787 -129.4090 067.3863
v 227.4533 -143.3487 056.7366
v 245.7060 -140.0958 053.9866
v 248.6533 -127.4971 062.7822
v 254.9322 -133.5209 053.5156
v 261.7970 -123.5597 052.0238
v 267.0253 -110.8365 054.4018
v 251.0841 -115.8786 067.8057
v 271.0721 -083.0091 053.2493
v 275.7946 -109.9958 047.1684
v 285.7666 -093.0625 039.1195
v 280.3736 -125.5869 043.8328
v 284.7364 -110.3812 040.2301
v 274.0886 -133.9225 046.3604
v 266.3024 -144.0487 047.8149
v 251.5314 -150.7063 048.3275
v 242.2296 -151.0915 049.4169
v 224.9663 -149.2705 053.1270
v 207.9600 -147.3377 065.4997
v 292.8787 -110.7467 031.2054
v 296.0118 -094.1827 028.4743
v 289.3096 -130.2168 033.2049
v 282.4356 -140.7256 035.5013
v 272.1135 -152.0418 036.2378
v 254.5261 -159.3300 038.6310
v 239.6607 -159.3239 038.9972
v 224.3492 -158.4783 043.1143
v 204.8200 -158.1983 055.5832
v 293.1756 -112.9655 000.0000
v 297.0902 -095.9664 000.0000
v 289.6234 -131.9560 000.0000
v 282.1376 -143.1534 000.0000
v 270.6963 -152.8854 000.0000
v 253.4227 -161.7078 000.0000
v 234.8182 -162.4595 000.0000
v 216.7167 -159.6326 000.0000
v 192.0432 -156.7396 000.0000
v 283.5437 -023.1101 057.7890
v 273.6198 -034.6225 065.9345
v 288.1063 -049.3146 052.1968
v 298.6408 -041.3503 042.8964
v 291.0769 -063.8444 043.1191
v 282.5540 -056.7578 055.2597
v 268.8131 -051.7509 067.2975
v 264.7368 -061.1550 066.9485
v 261.8307 -054.9092 080.5491
v 299.3075 -070.8434 034.2596
v 304.5715 -076.7786 026.1741
v 306.5544 -078.8768 000.0000
v 311.8124 -070.3925 000.0000
v 310.7533 -069.1019 026.4602
v 305.3144 -060.9681 032.6931
f 2200 2201 2202
f 2201 2200 2204
f 2203 2204 2200
f 2207 2208 2206
f 2205 2206 2208
f 2209 2210 2212
f 2210 2211 2212
f 2210 2213 2211
f 2213 2214 2211
f 2216 2217 2215
f 2215 2217 2218
f 2220 2216 2219
f 2219 2216 2215
f 2221 2220 2219
f 2222 2223 2219
f 2219 2223 2221
f 2224 2222 2215
f 2215 2222 2219
f 2225 2224 2218
f 2218 2224 2215
f 2224 2225 2227
f 2226 2227 2225
f 2226 2228 2227
f 2228 2229 2227
f 2230 2229 2228
f 2230 2231 2229
f 2231 2232 2229
f 2233 2232 2231
f 2234 2232 2233
f 2235 2236 2234
f 2236 2232 2234
f 2229 2232 2227
f 2227 2232 2236
f 2227 2236 2224
f 2236 2222 2224
f 2223 2222 2235
f 2235 2222 2236
f 2237 2221 2223
f 2238 2239 2235
f 2235 2234 2238
f 2234 2240 2238
f 2240 2241 2238
f 2239 2238 2241
f 2242 2240 2234
f 2243 2242 2233
f 2233 2242 2234
f 2244 2243 2231
f 2231 2243 2233
f 2245 2244 2231
f 2231 2230 2245
f 2230 2246 2245
f 2247 2246 2228
f 2228 2246 2230
f 2249 2239 2248
f 2241 2248 2239
f 2248 2241 2250
f 2240 2250 2241
f 2250 2240 2251
f 2242 2251 2240
f 2243 2252 2251
f 2253 2252 2244
f 2244 2252 2243
f 2254 2253 2245
f 2245 2253 2244
f 2246 2255 2245
f 2255 2254 2245
f 2255 2246 2256
f 2247 2256 2246
f 2248 2257 2249
f 2257 2258 2249
f 2259 2257 2250
f 2250 2257 2248
f 2251 2260 2250
f 2260 2259 2250
f 2261 2260 2252
f 2252 2260 2251
f 2262 2261 2253
f 2253 2261 2252
f 2263 2262 2254
f 2254 2262 2253
f 2264 2263 2255
f 2255 2263 2254
f 2256 2265 2255
f 2265 2264 2255
f 2266 2267 2268
f 2268 2269 2266
f 2270 2269 2268
f 2268 2271 2270
f 2272 2271 2268
f 2273 2220 2221
f 2274 2220 2273
f 2273 2272 2274
f 2270 2271 2237
f 2237 2271 2221
f 2239 2270 2237
f 2275 2270 2239
f 2239 2249 2275
f 2249 2276 2275
f 2249 2258 2276
f 2258 2277 2276
f 2279 2276 2278
f 2278 2276 2277
f 2223 2235 2239
f 2223 2239 2237
f 2271 2272 2273
f 2271 2273 2221
f 2269 2270 2280
f 2270 2275 2280
f 2280 2275 2279
f 2276 2279 2275
v -230.6662 -111.6976 096.1238
v -211.9856 -112.8800 097.0960
v -203.3406 -091.0030 096.4220
v -203.1698 -109.7344 096.6701
v -178.2298 -102.0581 094.3381
v -233.7617 -133.4842 096.6761
v -246.2835 -130.5500 096.6395
v -216.1843 -132.5837 095.7465
v -204.2059 -131.2976 094.0911
v -177.6785 -127.5107 091.4703
v -170.9172 -128.3232 089.7427
v -145.6655 -129.5527 089.4240
v -241.7777 -155.3136 088.7222
v -259.1357 -151.0845 088.5470
v -222.3917 -154.1268 087.9260
v -204.9879 -156.2369 082.9319
v -177.8934 -155.0199 077.6454
v -177.7628 -147.3076 084.5827
v -168.6329 -141.4405 086.9373
v -159.2146 -140.8592 083.8483
v -155.2229 -155.5077 073.5708
v -165.9758 -154.4361 078.8181
v -137.6186 -166.1988 071.8954
v -136.6873 -134.0211 090.7567
v -120.0688 -157.7575 079.9188
v -119.8513 -145.6102 088.5435
v -095.3236 -154.5941 089.9180
f 2281 2282 2283
f 2284 2283 2282
f 2285 2283 2284
f 2286 2281 2287
f 2286 2288 2281
f 2288 2282 2281
f 2289 2284 2288
f 2284 2282 2288
f 2285 2284 2290
f 2290 2284 2289
f 2291 2285 2290
f 2292 2285 2291
f 2294 2293 2287
f 2293 2286 2287
f 2295 2288 2293
f 2288 2286 2293
f 2296 2289 2295
f 2289 2288 2295
f 2289 2296 2298
f 2297 2298 2296
f 2290 2289 2298
f 2298 2299 2290
f 2299 2291 2290
f 2292 2291 2300
f 2300 2291 2299
f 2301 2292 2300
f 2300 2302 2301
f 2299 2302 2300
f 2302 2299 2297
f 2298 2297 2299
f 2303 2304 2301
f 2304 2292 2301
f 2303 2305 2304
f 2305 2306 2304
f 2307 2306 2305
v -120.0688 -157.7575 079.9188
v -122.6563 -165.5159 068.7343
v -109.1175 -170.7120 072.7242
v -095.3236 -154.5941 089.9180
v -137.6186 -166.1988 071.8954
v -126.6738 -169.1944 055.7922
v -108.9642 -175.7196 068.5154
v -097.2089 -177.4507 076.8570
v -081.2845 -178.5424 076.8511
v -068.0046 -176.8325 081.9080
v -053.5144 -161.5983 092.0556
v -056.4074 -178.9401 080.3191
v -042.2877 -175.1200 082.3423
v -007.8470 -168.8266 080.0230
v -006.3012 -158.3021 086.5082
v -054.3078 -181.0473 056.3825
v -009.4135 -176.9086 055.6924
v -097.7375 -179.3126 049.8747
v -110.8758 -177.0749 047.3033
v -130.5099 -170.8460 048.4230
v -139.7474 -169.3815 057.0541
f 2311 2308 2310
f 2308 2309 2310
f 2312 2309 2308
f 2313 2314 2309
f 2314 2310 2309
f 2315 2311 2310
f 2316 2311 2315
f 2318 2311 2317
f 2317 2311 2316
f 2319 2318 2317
f 2320 2318 2319
f 2318 2320 2322
f 2321 2322 2320
f 2323 2324 2320
f 2324 2321 2320
f 2320 2319 2323
f 2317 2323 2319
f 2325 2323 2316
f 2316 2323 2317
f 2315 2310 2314
f 2313 2326 2314
f 2326 2325 2314
f 2313 2327 2326
f 2309 2312 2313
f 2328 2313 2312
v -137.6186 -166.1988 071.8954
v -148.0217 -165.6600 060.6638
v -139.7474 -169.3815 057.0541
v -155.2229 -155.5077 073.5708
v -160.1625 -159.3321 060.5607
v -151.9339 -165.3776 050.1741
v -140.6693 -169.7325 045.0399
v -157.6196 -169.6317 035.8146
v -138.6502 -171.8441 035.0823
f 2329 2330 2331
f 2332 2330 2329
f 2333 2330 2332
f 2334 2330 2333
f 2335 2331 2334
f 2331 2330 2334
f 2336 2334 2333
f 2336 2337 2334
f 2337 2335 2334
v -130.5099 -170.8460 048.4230
v -140.6693 -169.7325 045.0399
v -138.6502 -171.8441 035.0823
v -097.2514 -182.2778 037.2649
v -052.3838 -185.0065 038.8007
v -054.3078 -181.0473 056.3825
v -097.7375 -179.3126 049.8747
v -011.2666 -180.6584 038.3324
v -009.4135 -176.9086 055.6924
v 048.0235 -163.1521 040.1961
v 048.9819 -152.4947 067.2392
v -015.5114 -182.8285 000.0000
v 044.6550 -167.2950 000.0000
v -053.0369 -186.0806 000.0000
v -095.6007 -182.5728 000.0000
v -139.5728 -172.3811 000.0000
f 2338 2339 2340
f 2341 2338 2340
f 2343 2344 2342
f 2342 2344 2341
f 2346 2343 2345
f 2345 2343 2342
f 2348 2346 2347
f 2347 2346 2345
f 2347 2345 2350
f 2345 2349 2350
f 2345 2342 2349
f 2342 2351 2349
f 2342 2341 2351
f 2341 2352 2351
f 2352 2341 2353
f 2340 2353 2341
v -157.6196 -169.6317 035.8146
v -161.0025 -171.1571 000.0000
v -139.5728 -172.3811 000.0000
v -138.6502 -171.8441 035.0823
v -176.4045 -176.4987 040.6586
v -179.9827 -175.3136 000.0000
v -160.1625 -159.3321 060.5607
v -174.7790 -166.7608 060.6340
v -177.8934 -155.0199 077.6454
v -165.9758 -154.4361 078.8181
v -155.2229 -155.5077 073.5708
v -250.8885 -171.9933 072.1675
v -241.7777 -155.3136 088.7222
v -259.1357 -151.0845 088.5470
v -273.4184 -171.7948 074.9581
v -226.7049 -175.3901 066.2106
v -222.3917 -154.1268 087.9260
v -203.7371 -173.6360 065.6787
v -204.9879 -156.2369 082.9319
v -193.6032 -182.9617 048.8916
v -188.3160 -182.9718 040.1567
v -202.7242 -181.3012 055.5232
v -212.6375 -186.6497 050.2895
v -231.7557 -187.4200 047.0587
v -217.6551 -187.3816 044.5782
v -246.6779 -185.7679 057.0461
v -244.6375 -189.3261 049.4110
v -254.7737 -183.3025 060.9321
v -264.7220 -184.4010 059.4347
v -281.1581 -179.8210 071.2737
v -269.9966 -185.0397 057.0070
v -289.2162 -178.1087 000.0000
v -268.4452 -189.1207 044.7388
v -270.9403 -187.9947 050.8775
v -294.1731 -178.7431 044.2574
v -265.6867 -185.3045 000.0000
v -261.4084 -190.5005 040.4925
v -234.8005 -186.9142 000.0000
v -250.3818 -190.9806 043.1456
v -214.7113 -190.3198 036.2462
v -209.2921 -183.9622 000.0000
v -206.2725 -188.4246 030.7336
v -194.6306 -187.2735 034.4251
f 2355 2356 2354
f 2354 2356 2357
f 2358 2359 2354
f 2359 2355 2354
f 2360 2361 2354
f 2354 2361 2358
f 2362 2361 2360
f 2360 2363 2362
f 2364 2363 2360
f 2368 2365 2367
f 2365 2366 2367
f 2369 2370 2365
f 2370 2366 2365
f 2369 2371 2370
f 2371 2372 2370
f 2361 2362 2371
f 2362 2372 2371
f 2374 2358 2373
f 2373 2358 2361
f 2371 2375 2361
f 2361 2375 2373
f 2376 2375 2369
f 2369 2375 2371
f 2377 2378 2369
f 2378 2376 2369
f 2377 2369 2380
f 2369 2379 2380
f 2365 2381 2369
f 2381 2379 2369
f 2368 2382 2365
f 2382 2381 2365
f 2383 2384 2368
f 2384 2382 2368
f 2387 2388 2386
f 2385 2386 2388
f 2386 2385 2390
f 2389 2390 2385
f 2389 2391 2390
f 2391 2392 2390
f 2377 2380 2391
f 2380 2392 2391
f 2377 2391 2378
f 2391 2393 2378
f 2395 2393 2394
f 2394 2393 2391
f 2394 2359 2395
f 2359 2396 2395
f 2358 2374 2359
f 2374 2396 2359
v -097.7375 -179.3126 049.8747
v -097.2089 -177.4507 076.8570
v -108.9642 -175.7196 068.5154
v -081.2845 -178.5424 076.8511
f 2397 2398 2399
f 2398 2397 2400
v -330.4804 -158.2192 064.3445
v -331.4868 -159.9081 043.9626
v -312.0907 -170.7924 043.1829
v -313.9394 -168.7482 063.8546
v -338.7254 -148.6027 067.2861
v -344.2085 -148.4120 040.6377
v -353.3910 -133.0455 056.8246
v -355.7869 -132.5941 037.8030
v -363.1179 -115.7838 050.5610
v -363.9586 -114.0102 033.3800
v -366.7859 -096.4867 046.4702
v -368.6518 -095.5181 032.0349
v -366.5774 -073.4080 044.6286
v -367.6599 -072.9578 033.0724
v -359.5973 -034.6391 042.6453
v -361.6627 -035.0374 033.8492
v -352.9709 -006.5998 043.7217
v -357.0243 -006.0093 034.4854
v -351.6840 014.9002 043.0359
v -353.5416 019.1408 033.8478
v -353.6654 044.2277 032.2000
v -354.4507 046.7147 000.0000
v -355.2320 021.9613 000.0000
v -358.3763 -005.2271 000.0000
v -367.3607 -072.0796 000.0000
v -363.7643 -035.6271 000.0000
v -367.8793 -092.6816 000.0000
v -365.0579 -114.2448 000.0000
v -352.2115 -136.6623 000.0000
v -341.7689 -149.4416 000.0000
v -327.1035 -160.9292 000.0000
v -311.0300 -169.1720 000.0000
v -289.2162 -178.1087 000.0000
v -294.1731 -178.7431 044.2574
v -347.0778 -007.8218 054.6398
v -352.6766 -031.7542 056.0837
v -356.9993 -073.1989 064.9435
v -355.0120 -098.4868 067.5228
v -349.2599 -118.0646 069.2282
v -333.5942 -136.5685 072.4590
v -343.8226 -072.1479 072.8141
v -328.3698 -073.0967 079.3898
v -341.5655 -030.8965 067.1045
v -335.5398 -096.9157 076.6213
v -327.9790 -116.2072 078.4602
v -325.1210 -094.8205 081.9868
v -355.6552 070.4883 028.0630
v -356.6995 065.6967 000.0000
v -357.8170 083.7714 028.8502
v -359.9077 079.6217 000.0000
f 2403 2404 2402
f 2401 2402 2404
f 2405 2406 2401
f 2406 2402 2401
f 2406 2405 2408
f 2407 2408 2405
f 2407 2409 2408
f 2409 2410 2408
f 2409 2411 2410
f 2411 2412 2410
f 2412 2411 2414
f 2413 2414 2411
f 2415 2416 2413
f 2416 2414 2413
f 2416 2415 2418
f 2417 2418 2415
f 2420 2418 2419
f 2419 2418 2417
f 2421 2420 2419
f 2420 2421 2423
f 2422 2423 2421
f 2423 2424 2420
f 2424 2418 2420
f 2416 2426 2414
f 2425 2414 2426
f 2414 2425 2412
f 2427 2412 2425
f 2410 2412 2428
f 2428 2412 2427
f 2429 2408 2428
f 2408 2410 2428
f 2406 2408 2430
f 2430 2408 2429
f 2402 2406 2431
f 2431 2406 2430
f 2402 2431 2403
f 2432 2403 2431
f 2433 2434 2432
f 2434 2403 2432
f 2426 2416 2424
f 2416 2418 2424
f 2417 2435 2419
f 2415 2436 2417
f 2436 2435 2417
f 2437 2436 2413
f 2413 2436 2415
f 2438 2437 2411
f 2411 2437 2413
f 2439 2438 2409
f 2409 2438 2411
f 2440 2439 2407
f 2407 2439 2409
f 2405 2440 2407
f 2441 2442 2443
f 2436 2443 2435
f 2436 2437 2443
f 2437 2441 2443
f 2444 2441 2438
f 2438 2441 2437
f 2439 2445 2438
f 2445 2444 2438
f 2440 2445 2439
f 2446 2444 2445
f 2447 2448 2421
f 2448 2422 2421
f 2450 2448 2449
f 2449 2448 2447
f 2444 2446 2441
f 2442 2441 2446
v 180.6371 -294.9735 098.4058
v 177.1416 -276.9024 094.6100
v 171.8315 -277.5468 092.1796
v 173.4568 -296.5876 098.6396
v 202.1366 -288.1725 094.5561
v 196.0643 -271.2860 090.0890
v 188.0971 -273.3242 089.0200
v 191.1792 -289.5773 095.0117
v 205.7496 -288.7282 084.4225
v 199.4078 -271.3047 082.4553
v 173.5077 -302.2732 097.2751
v 172.1745 -311.6887 097.9111
v 180.2387 -308.9615 096.1851
v 181.1797 -313.5641 093.3096
f 2454 2451 2453
f 2451 2452 2453
f 2455 2456 2458
f 2456 2457 2458
f 2459 2460 2455
f 2460 2456 2455
f 2461 2451 2454
f 2462 2463 2461
f 2464 2463 2462
v 203.1262 -325.6709 111.1122
v 214.8880 -322.1616 107.6203
v 211.0033 -314.8257 106.8816
v 197.0051 -314.1862 106.5178
v 213.8771 -339.7683 121.4726
v 224.7981 -334.2804 112.7459
v 225.4361 -355.0931 123.5118
v 234.3303 -350.7846 119.5262
v 198.1186 -344.1282 118.0532
v 202.5468 -355.6842 120.4841
v 192.6176 -328.8880 109.3746
v 188.6443 -319.1742 104.7318
v 220.1939 -322.6457 099.6503
v 228.1229 -333.8250 104.3475
v 217.0039 -313.4504 097.8866
v 221.7369 -315.6093 088.8927
v 211.3587 -301.1851 085.1648
v 209.1539 -303.2437 094.7029
v 186.5135 -335.3827 105.4981
v 184.1888 -324.6003 101.4774
v 191.9391 -348.7078 111.0869
v 198.0621 -304.3895 096.4237
f 2468 2465 2467
f 2465 2466 2467
f 2465 2469 2466
f 2469 2470 2466
f 2470 2469 2472
f 2471 2472 2469
f 2474 2471 2473
f 2469 2473 2471
f 2469 2465 2473
f 2465 2475 2473
f 2465 2468 2475
f 2468 2476 2475
f 2466 2470 2477
f 2477 2470 2478
f 2467 2466 2479
f 2479 2466 2477
f 2480 2481 2479
f 2481 2482 2479
f 2475 2476 2483
f 2483 2476 2484
f 2475 2483 2473
f 2473 2483 2485
f 2485 2474 2473
f 2467 2479 2486
v 209.1539 -303.2437 094.7029
v 211.3587 -301.1851 085.1648
v 205.7496 -288.7282 084.4225
v 202.1366 -288.1725 094.5561
v 188.0971 -273.3242 089.0200
v 183.0669 -273.6121 090.3313
v 184.8272 -292.7260 099.6966
v 191.1792 -289.5773 095.0117
v 177.1416 -276.9024 094.6100
v 180.6371 -294.9735 098.4058
v 170.9173 -313.3145 080.7940
v 172.1745 -311.6887 097.9111
v 173.5077 -302.2732 097.2751
v 170.5953 -300.6628 083.2630
v 180.6407 -317.3343 083.4455
v 181.1797 -313.5641 093.3096
f 2490 2487 2489
f 2487 2488 2489
f 2493 2494 2492
f 2491 2492 2494
f 2492 2495 2493
f 2493 2495 2496
f 2498 2499 2497
f 2497 2499 2500
f 2498 2497 2502
f 2501 2502 2497
v 183.2790 -329.6508 086.5078
v 184.1888 -324.6003 101.4774
v 181.1797 -313.5641 093.3096
v 180.6407 -317.3343 083.4455
v 207.8928 -358.4991 091.7088
v 202.5468 -355.6842 120.4841
v 191.9391 -348.7078 111.0869
v 193.3899 -354.6253 091.2438
v 183.9523 -340.5292 088.3488
v 186.5135 -335.3827 105.4981
f 2504 2505 2503
f 2503 2505 2506
f 2507 2508 2510
f 2508 2509 2510
f 2512 2504 2511
f 2511 2504 2503
f 2510 2509 2511
f 2509 2512 2511
v 190.0481 -313.1932 072.8621
v 180.6407 -317.3343 083.4455
v 170.9173 -313.3145 080.7940
v 174.1854 -311.4181 070.0705
f 2513 2514 2516
f 2514 2515 2516
v 180.6407 -317.3343 083.4455
v 190.0481 -313.1932 072.8621
v 192.9730 -329.8418 068.9538
v 183.2790 -329.6508 086.5078
v 194.1325 -343.4803 070.1314
v 183.9523 -340.5292 088.3488
v 200.2745 -352.3420 068.8103
v 193.3899 -354.6253 091.2438
v 212.6553 -354.9679 070.1005
v 207.8928 -358.4991 091.7088
v 224.4147 -354.5557 073.2888
v 219.7935 -358.3948 093.6437
f 2519 2520 2518
f 2517 2518 2520
f 2519 2521 2520
f 2521 2522 2520
f 2524 2522 2523
f 2523 2522 2521
f 2524 2523 2526
f 2525 2526 2523
f 2526 2525 2528
f 2527 2528 2525
v 177.6024 -298.0086 070.7575
v 174.1854 -311.4181 070.0705
v 170.9173 -313.3145 080.7940
v 170.5953 -300.6628 083.2630
v 170.0797 -279.4792 082.4250
v 173.6425 -274.3683 073.6866
v 191.1792 -289.5773 095.0117
v 198.0621 -304.3895 096.4237
v 209.1539 -303.2437 094.7029
v 202.1366 -288.1725 094.5561
f 2529 2530 2532
f 2530 2531 2532
f 2534 2529 2533
f 2532 2533 2529
f 2537 2538 2536
f 2535 2536 2538
v 197.0051 -314.1862 106.5178
v 211.0033 -314.8257 106.8816
v 198.0621 -304.3895 096.4237
v 189.8573 -306.8274 099.4338
f 2540 2541 2539
f 2539 2541 2542
v 191.1792 -289.5773 095.0117
v 184.8272 -292.7260 099.6966
v 189.8573 -306.8274 099.4338
v 198.0621 -304.3895 096.4237
v 180.6371 -294.9735 098.4058
v 185.5134 -308.3228 098.6129
f 2546 2543 2545
f 2543 2544 2545
f 2544 2547 2545
f 2547 2548 2545
v 188.6443 -319.1742 104.7318
v 197.0051 -314.1862 106.5178
v 189.8573 -306.8274 099.4338
v 185.5134 -308.3228 098.6129
v 184.1888 -324.6003 101.4774
v 181.1797 -313.5641 093.3096
f 2550 2551 2549
f 2549 2551 2552
f 2553 2549 2554
f 2549 2552 2554
v 181.1797 -313.5641 093.3096
v 185.5134 -308.3228 098.6129
v 180.2387 -308.9615 096.1851
v 180.6371 -294.9735 098.4058
v 173.5077 -302.2732 097.2751
v 173.4568 -296.5876 098.6396
v 170.5953 -300.6628 083.2630
f 2555 2556 2557
f 2558 2559 2556
f 2557 2556 2559
f 2560 2561 2559
v 218.7495 -316.1535 080.0285
v 207.3690 -302.0848 078.2654
v 211.3587 -301.1851 085.1648
v 221.7369 -315.6093 088.8927
f 2565 2562 2564
f 2562 2563 2564
v 207.3690 -302.0848 078.2654
v 200.1343 -284.7715 076.2517
v 205.7496 -288.7282 084.4225
v 211.3587 -301.1851 085.1648
f 2567 2568 2566
f 2566 2568 2569
v 220.1939 -322.6457 099.6503
v 223.6407 -322.0054 089.2030
v 221.7369 -315.6093 088.8927
v 217.0039 -313.4504 097.8866
v 234.3303 -350.7846 119.5262
v 238.6827 -346.2222 113.6480
v 228.1229 -333.8250 104.3475
v 224.7981 -334.2804 112.7459
v 244.0236 -350.9564 101.9417
v 232.7021 -335.2317 095.8234
v 237.7814 -348.4109 080.0332
v 230.9358 -334.5468 080.1508
v 223.5942 -324.3103 082.3955
v 218.7495 -316.1535 080.0285
f 2573 2570 2572
f 2570 2571 2572
f 2574 2575 2577
f 2575 2576 2577
f 2578 2579 2575
f 2579 2576 2575
f 2571 2570 2579
f 2570 2576 2579
f 2578 2580 2579
f 2580 2581 2579
f 2581 2582 2579
f 2582 2571 2579
f 2583 2572 2582
f 2572 2571 2582
v 185.7471 -295.0722 066.9988
v 190.0481 -313.1932 072.8621
v 174.1854 -311.4181 070.0705
v 177.6024 -298.0086 070.7575
v 194.5632 -287.6710 070.3118
v 199.8099 -303.9955 071.8855
v 200.1343 -284.7715 076.2517
v 207.3690 -302.0848 078.2654
v 184.1282 -271.6008 070.8009
v 188.4318 -272.4404 070.1999
v 197.2647 -272.8848 077.2496
f 2584 2585 2586
f 2587 2584 2586
f 2585 2584 2589
f 2584 2588 2589
f 2590 2591 2588
f 2588 2591 2589
f 2592 2593 2584
f 2593 2588 2584
f 2593 2594 2588
f 2594 2590 2588
v 199.8099 -303.9955 071.8855
v 205.9222 -323.0076 067.4936
v 192.9730 -329.8418 068.9538
v 190.0481 -313.1932 072.8621
v 207.3690 -302.0848 078.2654
v 218.7495 -316.1535 080.0285
v 210.7985 -336.3571 067.7007
v 194.1325 -343.4803 070.1314
v 223.5942 -324.3103 082.3955
f 2595 2596 2598
f 2596 2597 2598
f 2596 2595 2600
f 2599 2600 2595
f 2602 2597 2601
f 2596 2601 2597
f 2603 2601 2600
f 2600 2601 2596
v 173.6425 -274.3683 073.6866
v 184.1282 -271.6008 070.8009
v 185.7471 -295.0722 066.9988
v 177.6024 -298.0086 070.7575
f 2605 2606 2604
f 2604 2606 2607
v 200.2745 -352.3420 068.8103
v 194.1325 -343.4803 070.1314
v 210.7985 -336.3571 067.7007
v 212.6553 -354.9679 070.1005
v 230.9358 -334.5468 080.1508
v 223.5942 -324.3103 082.3955
v 224.4147 -354.5557 073.2888
v 237.7814 -348.4109 080.0332
v 219.7935 -358.3948 093.6437
v 244.0236 -350.9564 101.9417
v 225.4361 -355.0931 123.5118
v 202.5468 -355.6842 120.4841
v 207.8928 -358.4991 091.7088
f 2608 2609 2610
f 2608 2610 2611
f 2612 2610 2613
f 2610 2614 2611
f 2614 2610 2615
f 2610 2612 2615
f 2616 2614 2617
f 2614 2615 2617
f 2618 2619 2616
f 2616 2619 2620
v -268.7162 -153.9807 098.8048
v -283.7147 -179.1733 092.1563
v -273.4184 -171.7948 074.9581
v -259.1357 -151.0845 088.5470
v -276.5069 -156.1164 108.4313
v -291.8293 -190.4184 100.4659
v -286.2576 -154.6894 111.7139
v -301.0917 -188.4498 108.3510
v -295.5052 -149.6840 112.8812
v -311.7476 -186.6892 110.8034
v -306.3133 -144.0555 109.0926
v -323.2610 -183.4299 108.7832
v -338.7254 -148.6027 067.2861
v -349.8521 -176.2078 076.2472
v -349.0520 -176.0417 090.3104
v -336.5990 -148.5170 088.8076
v -331.9817 -136.5015 088.6015
v -333.5942 -136.5685 072.4590
v -306.8444 -226.0195 103.5070
v -317.7824 -227.9173 104.7580
v -316.2498 -255.6375 105.8409
v -307.8699 -255.3982 104.6834
v -304.7974 -210.9628 106.3497
v -316.9489 -211.0039 107.6796
v -320.7447 -210.3206 107.1366
v -328.1816 -230.5055 100.1878
v -325.1541 -256.4050 102.3627
v -332.7526 -207.5729 100.5328
v -335.7996 -181.1803 097.5625
v -338.9388 -230.5625 095.0348
v -334.7304 -257.3628 095.5211
v -345.1965 -207.7314 093.1974
v -300.7483 -227.0712 098.4279
v -302.2819 -252.2240 097.9148
v -296.9687 -209.7941 098.2836
v -289.2438 -195.0810 087.8120
v -298.1187 -214.2718 085.8353
v -303.0605 -231.1222 088.4330
v -304.6610 -251.0881 090.0772
v -304.0398 -215.6239 080.8208
v -296.4215 -197.8727 077.6572
v -314.4012 -233.3635 082.9994
v -312.0761 -215.7770 076.6432
v -306.6022 -195.3125 071.9516
v -325.3309 -213.7354 076.0713
v -321.1005 -185.0398 070.0723
v -323.5873 -233.5338 082.0588
v -313.2772 -252.8669 084.8639
v -324.0554 -255.5467 085.6262
v -338.1262 -182.8189 069.7034
v -330.4804 -158.2192 064.3445
v -313.9394 -168.7482 063.8546
v -342.2698 -207.0796 077.3898
v -333.9489 -232.8145 082.7572
v -329.7886 -254.9020 086.1657
v -346.3753 -207.9892 084.4667
v -341.2068 -235.6105 086.5813
v -337.2066 -256.9159 090.4785
v -334.2096 -153.3989 092.1628
v 202.4530 -219.5334 081.1284
v 198.5330 -222.1319 089.3145
v 193.0747 -246.3535 089.4743
v 195.3911 -246.2233 083.0594
v 204.7696 -205.0138 081.4712
v 201.3095 -205.1912 091.1043
v 205.3108 -173.8285 082.4853
v 202.1591 -175.5289 091.2093
v 205.9844 -156.1331 085.8957
v 203.6036 -157.9080 096.7151
v 171.8315 -277.5468 092.1796
v 177.1416 -276.9024 094.6100
v 173.7623 -248.5017 091.8334
v 167.8986 -251.3137 089.1745
v 171.0406 -227.2223 095.4296
v 164.8793 -228.0014 092.9365
v 172.0031 -210.5568 097.1354
v 162.4900 -208.7301 096.3391
v 171.7145 -180.9530 100.4092
v 157.2979 -182.7591 098.5823
v 165.0318 -164.5881 105.3347
v 154.1750 -164.3613 101.4190
v 165.5948 -252.0927 084.4269
v 158.6321 -227.3752 088.0969
v 152.9305 -209.2083 088.7353
v 150.8714 -180.8578 093.4359
v 148.0629 -164.0132 095.3447
v 166.3494 -248.5963 079.0773
v 160.1290 -226.7132 078.7696
v 154.4087 -208.0722 078.6432
v 147.3886 -181.8947 079.9576
v 145.1825 -157.6856 070.2758
v 175.6349 -244.6399 070.5428
v 167.7597 -223.7953 069.6318
v 164.3403 -207.6583 068.9565
v 159.6751 -172.2028 068.4655
v 159.9889 -159.5526 062.3185
v 196.0643 -271.2860 090.0890
v 199.4078 -271.3047 082.4553
v 188.0971 -273.3242 089.0200
v 186.4064 -246.9953 093.5601
v 193.7009 -162.5419 102.6843
v 194.1767 -175.9457 099.7454
v 191.8641 -208.3654 100.1275
v 190.6370 -228.2284 096.4887
v 183.0669 -273.6121 090.3313
v 180.1127 -248.4690 093.8593
v 181.8846 -175.6976 102.3593
v 180.4927 -158.1954 108.9198
v 183.9224 -210.9267 099.8351
v 181.8266 -231.3852 096.8652
f 2622 2623 2621
f 2621 2623 2624
f 2625 2626 2621
f 2626 2622 2621
f 2626 2625 2628
f 2627 2628 2625
f 2629 2630 2627
f 2630 2628 2627
f 2631 2632 2629
f 2632 2630 2629
f 2636 2633 2635
f 2633 2634 2635
f 2633 2636 2638
f 2636 2637 2638
f 2642 2639 2641
f 2639 2640 2641
f 2640 2639 2644
f 2643 2644 2639
f 2630 2644 2628
f 2628 2644 2643
f 2644 2645 2640
f 2644 2630 2645
f 2630 2632 2645
f 2641 2640 2647
f 2640 2646 2647
f 2648 2646 2645
f 2645 2646 2640
f 2649 2648 2632
f 2632 2648 2645
f 2650 2651 2646
f 2646 2651 2647
f 2652 2650 2648
f 2648 2650 2646
f 2635 2652 2649
f 2649 2652 2648
f 2639 2642 2653
f 2653 2642 2654
f 2653 2655 2639
f 2655 2643 2639
f 2628 2643 2626
f 2626 2643 2655
f 2622 2626 2656
f 2657 2656 2655
f 2655 2656 2626
f 2655 2653 2657
f 2653 2658 2657
f 2653 2654 2658
f 2654 2659 2658
f 2656 2657 2661
f 2657 2660 2661
f 2658 2660 2657
f 2658 2662 2660
f 2662 2663 2660
f 2664 2661 2663
f 2660 2663 2661
f 2666 2664 2665
f 2663 2665 2664
f 2665 2663 2667
f 2662 2667 2663
f 2669 2667 2668
f 2668 2667 2662
f 2633 2671 2634
f 2670 2634 2671
f 2671 2672 2670
f 2672 2666 2670
f 2665 2673 2666
f 2673 2670 2666
f 2673 2665 2674
f 2667 2674 2665
f 2667 2669 2674
f 2669 2675 2674
f 2676 2634 2673
f 2673 2634 2670
f 2676 2673 2677
f 2674 2677 2673
f 2674 2675 2677
f 2675 2678 2677
f 2676 2677 2652
f 2677 2650 2652
f 2651 2650 2678
f 2678 2650 2677
f 2634 2676 2635
f 2676 2652 2635
f 2636 2635 2679
f 2679 2635 2649
f 2680 2681 2683
f 2681 2682 2683
f 2681 2680 2685
f 2684 2685 2680
f 2684 2686 2685
f 2686 2687 2685
f 2689 2687 2688
f 2688 2687 2686
f 2691 2692 2690
f 2690 2692 2693
f 2693 2692 2695
f 2692 2694 2695
f 2695 2694 2697
f 2694 2696 2697
f 2696 2698 2697
f 2697 2698 2699
f 2698 2700 2699
f 2699 2700 2701
f 2702 2693 2703
f 2693 2695 2703
f 2697 2704 2695
f 2703 2695 2704
f 2704 2697 2705
f 2697 2699 2705
f 2699 2701 2705
f 2705 2701 2706
f 2703 2708 2702
f 2707 2702 2708
f 2708 2703 2709
f 2703 2704 2709
f 2705 2710 2704
f 2709 2704 2710
f 2706 2711 2705
f 2710 2705 2711
f 2712 2707 2713
f 2707 2708 2713
f 2709 2714 2708
f 2713 2708 2714
f 2715 2714 2710
f 2714 2709 2710
f 2711 2716 2710
f 2715 2710 2716
f 2717 2718 2682
f 2718 2683 2682
f 2719 2717 2720
f 2717 2682 2720
f 2689 2721 2687
f 2687 2721 2722
f 2723 2685 2722
f 2685 2687 2722
f 2681 2724 2682
f 2720 2682 2724
f 2724 2681 2723
f 2681 2685 2723
f 2692 2691 2726
f 2725 2726 2691
f 2720 2726 2719
f 2725 2719 2726
f 2728 2700 2727
f 2727 2700 2698
f 2727 2698 2729
f 2729 2698 2696
f 2729 2696 2730
f 2730 2696 2694
f 2694 2692 2730
f 2726 2730 2692
f 2727 2722 2728
f 2722 2721 2728
f 2729 2723 2727
f 2723 2722 2727
f 2730 2724 2729
f 2724 2723 2729
f 2724 2730 2720
f 2720 2730 2726
v 217.0039 -313.4504 097.8866
v 209.1539 -303.2437 094.7029
v 198.0621 -304.3895 096.4237
v 244.0236 -350.9564 101.9417
v 238.6827 -346.2222 113.6480
v 234.3303 -350.7846 119.5262
v 225.4361 -355.0931 123.5118
v 219.7935 -358.3948 093.6437
f 2731 2732 2733
f 2737 2738 2736
f 2736 2738 2735
f 2734 2735 2738
v 173.6425 -274.3683 073.6866
v 166.3494 -248.5963 079.0773
v 175.6349 -244.6399 070.5428
v 184.1282 -271.6008 070.8009
v 159.6751 -172.2028 068.4655
v 159.9889 -159.5526 062.3185
v 172.1211 -159.0185 060.1932
v 174.0323 -167.9830 066.4098
v 164.3403 -207.6583 068.9565
v 174.7671 -206.7518 063.8841
v 167.7597 -223.7953 069.6318
v 177.2999 -223.0292 064.4940
v 170.0797 -279.4792 082.4250
v 165.5948 -252.0927 084.4269
v 200.1343 -284.7715 076.2517
v 197.2647 -272.8848 077.2496
v 199.4078 -271.3047 082.4553
v 205.7496 -288.7282 084.4225
v 194.7264 -244.3232 073.2587
v 188.4318 -272.4404 070.1999
v 182.8658 -247.7348 067.3470
v 192.1881 -215.7616 069.2678
v 195.3911 -246.2233 083.0594
v 196.3153 -158.8839 061.2861
v 199.1892 -174.8400 065.2770
v 194.5206 -201.5769 067.2724
v 205.9844 -156.1331 085.8957
v 205.3108 -173.8285 082.4853
v 204.7696 -205.0138 081.4712
v 202.4530 -219.5334 081.1284
v 212.6237 -133.0172 072.1011
v 215.8051 -120.9613 078.3941
v 214.1273 -123.4642 094.1254
v 211.1557 -137.6942 089.6570
v 209.9566 -125.9996 105.5763
v 207.1448 -141.0118 100.6192
v 196.6698 -122.8160 115.3716
v 197.4215 -146.9208 106.8951
v 180.5207 -126.8427 116.5317
v 180.1794 -146.5464 112.9277
v 160.1721 -126.2359 114.1420
v 161.2396 -148.5728 109.9731
v 149.7480 -128.3201 108.8258
v 151.6700 -145.3050 106.8516
v 143.0817 -130.1205 102.4924
v 145.4817 -143.0228 097.6569
v 134.8219 -128.2064 084.5204
v 132.8862 -135.2627 075.8733
v 218.0012 -113.0557 082.1812
v 217.7450 -112.7765 097.4416
v 214.8553 -110.3067 106.5410
v 202.4692 -107.4646 117.2465
v 183.8895 -108.7204 120.1408
v 164.5819 -108.7442 117.3773
v 152.4407 -112.5312 114.2248
v 143.8439 -114.8029 109.8069
v 131.0865 -113.6322 091.4838
v 204.8200 -158.1983 055.5832
v 207.9600 -147.3377 065.4997
v 165.0318 -164.5881 105.3347
v 180.4927 -158.1954 108.9198
v 193.7009 -162.5419 102.6843
v 203.6036 -157.9080 096.7151
v 222.9345 -099.2723 086.2826
v 222.2082 -095.7342 101.4137
v 186.7657 -092.0633 120.6933
v 163.5139 -096.5221 118.4968
v 205.8189 -093.1238 116.3518
v 215.8585 -095.5809 111.3647
v 145.1825 -157.6856 070.2758
v 148.0629 -164.0132 095.3447
v 142.8883 -098.6690 113.3905
v 133.7875 -094.5716 102.1299
v 154.1750 -164.3613 101.4190
v 153.6037 -098.5876 118.5597
v 324.7406 207.3333 000.0000
v 298.5371 198.2663 000.0000
v 300.9101 197.1604 003.4220
v 323.3975 205.9193 007.2431
v 303.6361 191.3989 016.9838
v 325.2224 202.6347 014.8215
v 305.8366 177.3346 029.7337
v 327.6333 186.3773 029.4266
v 308.6666 163.2991 033.8863
v 333.7545 174.8927 034.0210
v 311.5383 149.2390 038.0228
v 337.7233 158.7800 040.0781
v 316.3181 120.9972 046.2438
v 347.3410 136.6149 045.4658
v 318.9664 090.7503 050.0122
v 352.8445 106.0127 048.9443
v 328.0681 051.0802 049.9434
v 355.9394 070.6516 045.2535
v 332.1825 026.6690 046.5750
v 361.9650 047.2046 039.1742
v 336.0040 016.5487 041.2685
v 364.1195 040.7454 036.2198
v 337.8799 007.3736 035.5362
v 367.4710 033.8839 030.7840
v 343.8950 -008.2580 025.7015
v 370.0363 026.5794 024.0762
v 351.4981 -012.1886 018.7589
v 373.7014 018.1837 017.6819
v 348.6028 -014.1683 000.0000
v 373.1689 018.6391 000.0000
v 345.4971 216.9877 000.0000
v 345.8300 215.1656 010.2662
v 372.7093 230.8406 015.0049
v 371.6360 234.3387 000.0000
v 395.5635 043.2417 019.7586
v 392.9251 041.1689 000.0000
v 412.6565 064.2027 000.0000
v 412.0842 062.7141 018.5461
v 388.9626 047.5277 024.7365
v 386.1841 056.0638 031.1961
v 410.5198 067.2581 030.0001
v 384.9352 066.4451 038.7198
v 406.8249 079.8926 040.0813
v 382.3137 085.3054 046.1519
v 404.1657 103.9756 049.6922
v 374.7724 118.4933 051.8662
v 398.8510 129.7806 053.9537
v 365.0974 146.3740 047.8617
v 388.6058 155.0141 050.4830
v 359.0526 170.1090 041.1994
v 388.1998 176.4428 047.6337
v 354.1188 184.9183 038.6366
v 381.4876 196.8416 044.3000
v 347.9418 197.8250 031.7478
v 375.8215 220.6683 032.3051
v 346.0196 210.3494 018.0368
v 374.5669 226.6001 024.1930
v 333.5210 -037.5755 000.0000
v 334.2159 -038.4674 020.1349
v 310.7533 -069.1019 026.4602
v 311.8124 -070.3925 000.0000
v 271.5712 182.8219 016.7709
v 272.3503 189.8839 000.0000
v 233.9597 180.7702 000.0000
v 236.1089 176.6660 020.2595
v 273.8132 168.7333 029.5046
v 240.6969 164.5328 034.1479
v 277.5680 153.8710 035.2829
v 251.9027 148.5931 042.2962
v 281.5366 137.7583 041.3399
v 255.3871 128.4278 051.2335
v 285.4291 109.3951 049.4650
v 263.7461 101.7260 058.1611
v 294.8387 078.3357 051.5058
v 274.7937 071.2253 061.5674
v 306.1090 039.7226 057.4193
v 281.1504 046.9098 065.7443
v 289.8733 027.1916 065.1298
v 313.6321 017.1237 053.9896
v 291.9870 008.4875 064.2460
v 316.6160 002.1310 045.7261
v 295.3029 -012.7690 052.0499
v 319.9571 -015.3739 038.0150
v 298.6408 -041.3503 042.8964
v 328.6426 -030.0744 027.6331
v 305.3144 -060.9681 032.6931
v 283.5437 -023.1101 057.7890
v 267.9445 068.7427 072.0573
v 275.3156 040.0829 071.3141
v 279.0681 021.9187 071.8263
v 279.0657 004.4324 071.7488
v 274.3995 -012.9852 071.8277
v 273.6198 -034.6225 065.9345
v 239.6355 124.2239 059.7722
v 248.2917 099.7637 070.2425
v 251.4162 098.8713 067.4527
v 254.3372 -054.8031 093.7182
v 241.0367 -077.7999 084.1105
v 253.9200 -072.7778 075.0475
v 261.8307 -054.9092 080.5491
v 259.4499 -042.2948 098.1263
v 269.0576 -036.8057 081.9343
v 260.7430 -020.8248 097.4218
v 270.2577 -019.7406 079.5611
v 264.9413 003.1535 102.4796
v 273.4183 003.8769 086.5810
v 266.8936 020.6182 101.4371
v 273.1512 021.9003 089.1585
v 261.6001 044.7717 096.0748
v 270.6960 039.3597 084.9582
v 257.0400 073.8683 083.0405
v 260.4217 072.8827 076.9671
v 268.8131 -051.7509 067.2975
v 254.2439 099.9928 064.8592
v 212.8139 178.8397 000.0000
v 213.2390 175.5821 018.0271
v 218.3003 165.4070 034.1767
v 230.1359 139.7721 054.6015
v 234.6081 -074.5350 101.3296
v 224.5624 -086.4372 099.5778
v 229.2449 -087.1852 088.2400
v 206.9379 172.7818 021.2746
v 209.6552 167.8482 032.6810
v 218.9848 146.8992 051.7501
v 226.6003 127.3253 066.3332
v 234.7317 106.6114 075.8763
v 239.9389 078.2091 091.5279
v 244.8969 052.9858 103.7335
v 249.5354 025.0522 113.2081
v 250.0490 -003.5029 117.0179
v 245.2588 -024.4072 113.8797
v 243.9827 -039.5385 113.1324
v 238.4638 -059.1919 104.3058
v 201.3534 -066.2303 119.1491
v 210.8912 -035.7128 125.9691
v 179.4465 178.7719 000.0000
v 180.7583 175.6546 017.7627
v 204.2206 177.7154 000.0000
v 213.6269 -018.7666 127.8057
v 214.1790 -005.5306 129.5565
v 208.1700 028.3249 125.9461
v 202.3441 052.9338 114.4399
v 197.5941 082.7957 101.8423
v 195.8254 113.0271 086.1813
v 185.9443 145.0393 063.2222
v 182.1946 161.8209 040.3751
v 179.8719 171.4447 025.9352
v 073.3818 174.0873 000.0000
v 023.4527 173.0117 000.0000
v 022.3642 168.4075 016.0743
v 073.7904 160.4213 028.1713
v 023.7330 159.5746 028.8672
v 072.5959 147.8055 046.1804
v 028.9039 149.6446 043.0055
v 076.0722 120.5036 070.0545
v 030.5671 129.8417 062.9719
v 085.7323 098.5001 087.4029
v 024.3473 113.4082 081.9993
v 092.1312 075.5659 099.9330
v 031.6341 078.5311 108.6260
v 093.9271 037.9986 118.5872
v 053.9252 035.3984 125.4493
v 092.7775 019.5225 123.3043
v 053.9150 014.8262 132.1014
v 095.0215 004.2751 125.6188
v 051.6872 -002.0713 135.6627
v 094.3855 -010.1127 127.4771
v 054.2386 -018.8227 137.0375
v 096.0321 -030.8052 124.3133
v 054.6875 -039.0940 136.3244
v 097.4530 -052.5273 114.0353
v 055.0658 -063.3015 133.1311
v 094.8819 -063.8568 110.2958
v 052.7724 -086.2854 125.3811
v 093.9974 -089.4739 101.9809
v 054.4825 -113.3123 109.6902
v 095.6456 -107.0504 092.1063
v 053.0629 -131.6423 092.9842
v 093.0660 -121.6516 083.1196
v 053.8756 -140.8602 076.4911
v 092.2703 -129.6032 072.8307
v 048.9819 -152.4947 067.2392
v 091.2699 -145.5066 057.6185
v 048.0235 -163.1521 040.1961
v 091.2989 -149.9314 041.9547
v 044.6550 -167.2950 000.0000
v 092.7497 -155.8489 000.0000
v -022.8904 173.4267 000.0000
v -054.7248 174.2126 000.0000
v -055.9706 169.4180 018.6107
v -022.1516 168.6349 015.1403
v -055.7624 164.1278 027.1462
v -026.7035 162.7058 026.6577
v -062.6493 158.5426 044.3136
v -024.7999 156.5146 038.9142
v -059.7781 148.9620 064.1047
v -017.9548 147.1301 054.4513
v -067.4657 133.3008 076.1059
v -019.2546 130.5535 070.0080
v -091.0602 120.4118 083.7740
v -040.6155 100.5088 097.1088
v -096.9076 090.1205 114.6223
v -011.5190 045.8427 134.6197
v -075.2416 043.8132 146.7349
v 000.5537 016.3519 147.2265
v -064.5496 017.9261 158.4316
v 001.8086 000.2865 152.3199
v -053.6767 -014.4454 168.2232
v 003.4087 -022.5059 154.2949
v -053.3528 -058.2280 170.1405
v 001.0486 -050.2317 157.6297
v -050.5045 -091.3827 164.5612
v 002.1051 -083.1931 151.1548
v -048.7217 -119.3519 150.4026
v -004.1570 -114.3825 139.5176
v -052.4231 -139.9266 131.3019
v -007.1941 -134.6991 123.7379
v -052.6127 -149.5000 116.7736
v -007.2300 -145.0245 108.7397
v -053.5144 -161.5983 092.0556
v -006.3012 -158.3021 086.5082
v -086.6132 175.4670 000.0000
v -117.9474 178.6649 000.0000
v -121.5563 175.7097 013.3494
v -089.4132 171.2652 015.1911
v -122.7613 170.9095 027.6029
v -095.4897 167.7544 029.3034
v -129.2756 165.6509 051.4030
v -101.7767 160.7824 054.1965
v -133.8488 161.3735 072.5441
v -104.6070 150.9097 076.1060
v -140.3848 153.3059 090.2827
v -111.5594 139.2380 081.9623
v -155.1526 140.0025 105.0193
v -127.8903 119.2051 094.6843
v -155.2899 112.8654 115.1040
v -120.0768 097.8822 110.3391
v -145.4529 087.5045 123.8858
v -114.7922 080.7955 125.4191
v -140.5685 057.3835 135.2181
v -112.0716 042.4016 145.6990
v -147.9588 029.5746 144.0042
v -107.7307 016.5008 155.3393
v -148.9699 -002.4215 151.0987
v -105.3434 -034.2553 169.0245
v -139.5501 -069.8702 155.3257
v -107.7209 -086.9649 163.3144
v -137.6176 -094.8757 145.1608
v -106.1272 -114.1877 149.6230
v -140.2349 -112.7845 130.9055
v -100.1366 -133.5897 135.3338
v -140.7658 -123.6026 111.2930
v -095.2525 -144.0582 116.8650
v 164.0095 -067.4556 124.6804
v 164.4178 -085.7872 120.8494
v 145.6656 178.5879 000.0000
v 146.2507 174.5481 022.2394
v 148.3832 169.7594 028.8781
v 149.7138 161.8935 040.1108
v 150.4951 148.3493 058.5976
v 151.7126 133.4367 074.1076
v 157.0685 093.8327 098.9108
v 158.2203 077.1083 106.8180
v 163.0080 042.0236 117.2369
v 164.9027 022.4458 121.1969
v 166.0355 001.9397 124.6002
v 166.4159 -018.9659 126.6729
v 167.8622 -041.0061 129.1177
v 192.0432 -156.7396 000.0000
v 160.4939 -155.6997 000.0000
v 119.2040 -133.0605 067.8707
v 121.0555 -146.0061 057.6841
v 122.3415 -153.2658 043.4522
v 128.9448 -154.6597 000.0000
v 121.9163 -121.8342 082.3029
v 137.3216 -056.4620 110.6245
v 125.2961 -092.8825 100.1643
v 123.0116 -108.5439 089.4543
v -007.8470 -168.8266 080.0230
v -009.4135 -176.9086 055.6924
v -095.3236 -154.5941 089.9180
v 288.1063 -049.3146 052.1968
v 282.4356 -140.7256 035.5013
v 274.0886 -133.9225 046.3604
v 266.3024 -144.0487 047.8149
v -135.0950 180.7009 000.0000
v -136.5948 176.9608 013.3901
v -139.6332 172.3782 026.7642
v -141.7595 167.6180 052.9265
v -146.5432 165.5336 072.2125
v -158.2187 156.7542 098.2349
v -172.1806 139.1264 111.3307
v -173.3703 108.3864 118.1489
v -180.7421 065.7142 120.9422
v -179.6156 045.2382 124.3643
v -181.0920 028.7592 129.2257
v -179.5130 003.3439 137.1160
v -180.2864 -028.2523 140.1315
v -183.7859 -054.0871 129.5851
v -178.2928 -077.0786 117.3619
v -175.7573 -094.5337 107.5832
v -167.6510 182.6886 000.0000
v -168.3863 178.9041 012.1501
v -171.4432 174.7956 024.7594
v -174.4732 173.4849 043.3807
v -192.9731 161.7188 080.6390
v -199.6117 138.7891 106.4104
v -198.0388 113.4038 114.3196
v -201.3663 081.0726 115.8827
v -203.0191 054.7622 118.9762
v -202.1159 041.1979 123.4679
v -193.2916 023.2972 130.4589
v -189.7394 003.7852 136.5798
v -195.0547 -027.5573 137.7028
v -203.3655 -052.6012 127.7639
v -205.0292 -075.5566 111.4167
v -204.3593 -087.5823 102.8879
v -203.3406 -091.0030 096.4220
v -178.2298 -102.0581 094.3381
v -119.8513 -145.6102 088.5435
v -145.6655 -129.5527 089.4240
v -136.6873 -134.0211 090.7567
v -205.7387 184.1308 000.0000
v -207.9597 181.7785 013.8375
v -210.0170 178.9980 022.9245
v -213.7524 175.3182 043.3142
v -217.2139 162.3010 080.5318
v -220.5791 135.6023 108.1662
v -229.6056 106.2810 117.1139
v -229.8249 076.8333 120.3884
v -225.6285 054.7326 123.8301
v -215.8400 038.1542 127.2962
v -207.0413 020.7766 133.5106
v -206.4786 001.8789 141.1866
v -218.7634 -037.5454 140.6902
v -227.6341 -068.9823 126.8026
v -229.2049 -093.3921 112.8136
v -229.9356 -102.5449 104.4687
v -230.6662 -111.6976 096.1238
v -262.9466 191.8204 000.0000
v -267.2899 190.5110 006.7168
v -269.7367 187.1291 021.8796
v -270.3112 182.5435 039.5127
v -271.5246 174.6763 060.4653
v -271.7480 157.6797 087.5971
v -268.4930 126.2021 111.0490
v -257.2286 083.5495 125.2192
v -253.6112 065.6633 126.9661
v -252.0947 055.9036 127.3617
v -247.3750 030.0945 131.6695
v -243.3366 007.8222 137.1269
v -241.4730 -010.8377 139.5384
v -238.2920 -041.7450 137.5045
v -243.0508 -082.2313 125.4486
v -256.6746 -121.1312 116.7101
v -303.7562 200.1526 000.0000
v -305.3102 196.8810 005.1104
v -307.7669 187.1112 021.7368
v -307.5310 184.6000 036.3149
v -310.9047 178.9477 056.5323
v -308.5650 165.7340 078.4479
v -302.8932 146.1517 094.1324
v -293.0312 110.3580 112.5876
v -282.5835 075.5899 120.9042
v -279.0630 046.8810 122.4273
v -278.7011 026.4495 123.7352
v -268.7022 007.6781 129.0565
v -264.9338 -024.1719 133.9644
v -261.6467 -051.1373 134.4133
v -262.4856 -088.8200 126.1176
v -272.5776 -121.4862 119.0384
v -286.2576 -154.6894 111.7139
v -276.5069 -156.1164 108.4313
v -339.2806 176.9365 000.0000
v -350.7689 170.0214 000.0000
v -351.9716 168.5231 031.7130
v -335.8510 181.0253 038.0095
v -352.7168 158.3508 051.2679
v -339.5381 172.6325 055.4770
v -351.2997 144.8050 061.1386
v -333.8742 159.8933 068.9636
v -347.6235 128.7798 070.4766
v -327.8080 143.2418 085.3958
v -344.2151 110.5486 076.2934
v -324.4771 119.5540 091.0945
v -337.9131 076.7915 088.5996
v -319.6410 079.7564 098.5913
v -330.6875 037.9713 098.7620
v -311.2555 045.7376 108.4816
v -325.1181 017.5063 105.3445
v -304.4646 022.4321 116.4934
v -316.0225 -001.8852 111.3626
v -297.1546 003.2038 121.5971
v -310.1125 -035.4760 116.2409
v -290.7080 -034.5582 128.1557
v -309.6267 -066.8100 114.0081
v -290.1159 -061.9504 128.4058
v -312.2061 -099.8702 106.5015
v -293.7658 -100.2749 121.9413
v -315.0210 -125.9588 100.1021
v -298.2676 -126.4649 113.3596
v -318.8954 -140.8279 096.3611
v -306.3133 -144.0555 109.0926
v -369.0685 160.2080 000.0000
v -373.4989 158.9433 029.5202
v -369.7974 146.6697 043.3432
v -368.4619 135.0690 050.1428
v -365.5148 119.0938 057.3692
v -363.9878 101.5186 061.5203
v -358.2867 073.4419 069.7787
v -350.4525 040.5574 084.7066
v -342.4258 015.8638 091.8279
v -336.5413 -011.3447 095.2400
v -329.0393 -042.4259 098.4153
v -323.3333 -068.3782 101.5512
v -323.8094 -097.9377 096.1631
v -327.7510 -117.7346 091.5300
v -331.9817 -136.5015 088.6015
v -370.9827 141.7763 000.0000
v -370.9741 135.1194 021.1745
v -370.1634 127.2650 027.0469
v -369.5872 115.6978 031.6829
v -367.2431 104.4224 036.4991
v -366.4355 093.2851 037.0749
v -363.1292 070.1013 042.0276
v -357.0384 038.5564 052.4480
v -352.0188 014.0164 061.8561
v -345.8251 -012.5950 073.1712
v -340.6618 -034.3461 074.6456
v -328.3698 -073.0967 079.3898
v -268.7162 -153.9807 098.8048
v -246.2835 -130.5500 096.6395
v -259.1357 -151.0845 088.5470
v -295.5052 -149.6840 112.8812
v -335.7996 -181.1803 097.5625
v -323.2610 -183.4299 108.7832
v -336.5990 -148.5170 088.8076
v -334.2096 -153.3989 092.1628
v -296.4215 -197.8727 077.6572
v -281.1581 -179.8210 071.2737
v -273.4184 -171.7948 074.9581
v -289.2438 -195.0810 087.8120
v -283.7147 -179.1733 092.1563
v -304.6610 -251.0881 090.0772
v -313.2772 -252.8669 084.8639
v -314.4012 -233.3635 082.9994
v -303.0605 -231.1222 088.4330
v -322.3286 -300.1780 112.6176
v -326.1810 -282.1069 108.8218
v -332.0330 -282.7513 106.3914
v -330.2419 -301.7921 112.8514
v -298.6345 -293.3770 108.7679
v -305.3267 -276.4905 104.3008
v -314.1072 -278.5287 103.2318
v -310.7105 -294.7818 109.2235
v -294.6527 -293.9327 098.6343
v -301.6419 -276.5091 096.6671
v -330.1857 -307.4776 111.4869
v -331.6551 -316.8932 112.1229
v -322.7676 -314.1660 110.3969
v -321.7306 -318.7686 107.5214
f 2741 2742 2740
f 2739 2740 2742
f 2744 2745 2743
f 2743 2745 2746
f 2746 2748 2743
f 2747 2743 2748
f 2748 2750 2747
f 2749 2747 2750
f 2739 2751 2740
f 2751 2752 2740
f 2755 2756 2754
f 2753 2754 2756
f 2754 2758 2757
f 2757 2758 2759
f 2757 2759 2760
f 2760 2759 2750
f 2741 2759 2742
f 2758 2742 2759
f 2759 2741 2750
f 2741 2749 2750
f 2757 2761 2754
f 2755 2754 2761
f 2762 2763 2745
f 2746 2745 2763
f 2748 2746 2764
f 2746 2763 2764
f 2762 2765 2763
f 2763 2765 2766
f 2766 2767 2763
f 2764 2763 2767
f 2764 2767 2760
f 2760 2767 2768
f 2760 2768 2757
f 2757 2768 2761
f 2769 2770 2772
f 2770 2771 2772
f 2773 2774 2771
f 2772 2771 2774
f 2775 2776 2773
f 2774 2773 2776
f 2776 2775 2778
f 2775 2777 2778
f 2779 2780 2777
f 2778 2777 2780
f 2779 2781 2780
f 2780 2781 2782
f 2781 2783 2782
f 2782 2783 2784
f 2784 2783 2786
f 2783 2785 2786
f 2771 2770 2788
f 2770 2787 2788
f 2789 2773 2788
f 2771 2788 2773
f 2773 2789 2775
f 2789 2790 2775
f 2791 2777 2790
f 2775 2790 2777
f 2779 2777 2792
f 2777 2791 2792
f 2792 2793 2779
f 2779 2793 2781
f 2793 2794 2781
f 2781 2794 2783
f 2794 2795 2783
f 2783 2795 2785
f 2765 2762 2797
f 2762 2796 2797
f 2780 2798 2778
f 2778 2798 2799
f 2800 2776 2799
f 2776 2778 2799
f 2801 2774 2800
f 2774 2776 2800
f 2765 2772 2801
f 2772 2774 2801
f 2765 2797 2772
f 2797 2769 2772
f 2788 2787 2803
f 2802 2803 2787
f 2804 2805 2791
f 2805 2792 2791
f 2791 2790 2804
f 2806 2804 2790
f 2789 2807 2790
f 2807 2806 2790
f 2788 2803 2789
f 2803 2807 2789
f 2808 2809 2786
f 2809 2784 2786
f 2795 2794 2811
f 2794 2810 2811
f 2782 2812 2780
f 2812 2798 2780
f 2784 2809 2782
f 2809 2812 2782
f 2793 2792 2813
f 2792 2805 2813
f 2794 2793 2810
f 2793 2813 2810
f 2814 2815 2817
f 2815 2816 2817
f 2816 2818 2817
f 2817 2818 2819
f 2819 2818 2821
f 2818 2820 2821
f 2822 2823 2820
f 2821 2820 2823
f 2823 2822 2825
f 2822 2824 2825
f 2826 2827 2824
f 2825 2824 2827
f 2828 2829 2826
f 2827 2826 2829
f 2830 2831 2828
f 2829 2828 2831
f 2832 2833 2830
f 2831 2830 2833
f 2832 2834 2833
f 2833 2834 2835
f 2836 2837 2834
f 2835 2834 2837
f 2838 2839 2836
f 2837 2836 2839
f 2839 2838 2841
f 2838 2840 2841
f 2842 2843 2840
f 2841 2840 2843
f 2846 2847 2845
f 2844 2845 2847
f 2850 2851 2849
f 2848 2849 2851
f 2852 2848 2851
f 2851 2854 2852
f 2853 2852 2854
f 2854 2856 2853
f 2855 2853 2856
f 2858 2857 2856
f 2857 2855 2856
f 2859 2857 2860
f 2857 2858 2860
f 2861 2859 2862
f 2859 2860 2862
f 2864 2863 2862
f 2863 2861 2862
f 2866 2865 2864
f 2865 2863 2864
f 2868 2867 2866
f 2867 2865 2866
f 2867 2868 2869
f 2869 2868 2870
f 2870 2846 2869
f 2845 2869 2846
f 2873 2874 2872
f 2871 2872 2874
f 2877 2878 2876
f 2875 2876 2878
f 2878 2880 2875
f 2879 2875 2880
f 2880 2882 2879
f 2881 2879 2882
f 2884 2883 2882
f 2883 2881 2882
f 2883 2884 2885
f 2885 2884 2886
f 2885 2886 2887
f 2887 2886 2888
f 2889 2887 2890
f 2887 2888 2890
f 2889 2890 2891
f 2889 2891 2892
f 2892 2891 2893
f 2895 2894 2893
f 2894 2892 2893
f 2897 2896 2895
f 2896 2894 2895
f 2899 2898 2897
f 2898 2896 2897
f 2898 2899 2872
f 2872 2899 2873
f 2817 2845 2814
f 2814 2845 2844
f 2840 2872 2842
f 2842 2872 2871
f 2816 2815 2876
f 2818 2816 2875
f 2816 2876 2875
f 2820 2818 2879
f 2818 2875 2879
f 2879 2881 2820
f 2822 2820 2881
f 2883 2824 2881
f 2824 2822 2881
f 2885 2826 2883
f 2826 2824 2883
f 2826 2885 2828
f 2828 2885 2887
f 2828 2887 2830
f 2830 2887 2889
f 2830 2889 2832
f 2832 2889 2892
f 2894 2834 2892
f 2834 2832 2892
f 2896 2836 2894
f 2836 2834 2894
f 2836 2896 2838
f 2838 2896 2898
f 2840 2838 2872
f 2838 2898 2872
f 2848 2841 2849
f 2841 2843 2849
f 2841 2848 2839
f 2839 2848 2852
f 2853 2837 2852
f 2837 2839 2852
f 2835 2837 2853
f 2853 2855 2835
f 2833 2835 2855
f 2833 2855 2831
f 2831 2855 2857
f 2831 2857 2829
f 2829 2857 2859
f 2829 2859 2827
f 2827 2859 2861
f 2863 2825 2861
f 2825 2827 2861
f 2825 2863 2823
f 2823 2863 2865
f 2867 2821 2865
f 2821 2823 2865
f 2821 2867 2819
f 2819 2867 2869
f 2845 2817 2869
f 2817 2819 2869
f 2895 2900 2897
f 2902 2890 2901
f 2890 2888 2901
f 2891 2890 2903
f 2890 2902 2903
f 2891 2903 2893
f 2893 2903 2904
f 2905 2906 2900
f 2905 2900 2893
f 2900 2895 2893
f 2893 2904 2905
f 2907 2908 2909
f 2911 2912 2910
f 2910 2912 2913
f 2915 2914 2913
f 2914 2910 2913
f 2914 2915 2916
f 2916 2915 2917
f 2917 2919 2916
f 2918 2916 2919
f 2919 2921 2918
f 2920 2918 2921
f 2922 2920 2923
f 2920 2921 2923
f 2923 2925 2922
f 2924 2922 2925
f 2908 2924 2909
f 2924 2925 2909
f 2913 2926 2915
f 2926 2906 2915
f 2927 2907 2909
f 2927 2909 2901
f 2901 2909 2925
f 2923 2902 2925
f 2902 2901 2925
f 2921 2903 2923
f 2903 2902 2923
f 2903 2921 2904
f 2904 2921 2919
f 2917 2905 2919
f 2905 2904 2919
f 2905 2917 2906
f 2906 2917 2915
f 2901 2888 2927
f 2888 2886 2927
f 2878 2877 2929
f 2877 2928 2929
f 2929 2930 2878
f 2880 2878 2930
f 2930 2931 2880
f 2882 2880 2931
f 2882 2931 2884
f 2884 2931 2907
f 2884 2907 2886
f 2886 2907 2927
f 2932 2933 2911
f 2911 2933 2934
f 2930 2929 2936
f 2929 2935 2936
f 2931 2930 2937
f 2930 2936 2937
f 2937 2938 2931
f 2907 2931 2938
f 2908 2907 2939
f 2907 2938 2939
f 2939 2940 2908
f 2924 2908 2940
f 2922 2924 2941
f 2924 2940 2941
f 2941 2942 2922
f 2920 2922 2942
f 2942 2943 2920
f 2918 2920 2943
f 2916 2918 2944
f 2918 2943 2944
f 2916 2944 2914
f 2914 2944 2945
f 2945 2946 2914
f 2910 2914 2946
f 2910 2946 2911
f 2911 2946 2932
f 2934 2933 2802
f 2933 2803 2802
f 2947 2933 2932
f 2948 2947 2946
f 2947 2932 2946
f 2935 2951 2950
f 2949 2950 2951
f 2946 2945 2948
f 2952 2948 2945
f 2952 2945 2944
f 2944 2943 2952
f 2953 2952 2943
f 2954 2953 2942
f 2953 2943 2942
f 2955 2954 2941
f 2954 2942 2941
f 2955 2941 2956
f 2956 2941 2940
f 2940 2939 2956
f 2957 2956 2939
f 2958 2957 2938
f 2957 2939 2938
f 2938 2937 2958
f 2959 2958 2937
f 2937 2936 2959
f 2960 2959 2936
f 2936 2935 2960
f 2950 2960 2935
f 2964 2961 2963
f 2961 2962 2963
f 2963 2965 2964
f 2964 2965 2966
f 2968 2966 2967
f 2966 2965 2967
f 2970 2968 2969
f 2968 2967 2969
f 2972 2970 2971
f 2970 2969 2971
f 2971 2973 2972
f 2972 2973 2974
f 2973 2975 2974
f 2974 2975 2976
f 2978 2976 2977
f 2976 2975 2977
f 2980 2978 2979
f 2978 2977 2979
f 2982 2980 2981
f 2980 2979 2981
f 2984 2982 2983
f 2982 2981 2983
f 2985 2986 2983
f 2984 2983 2986
f 2988 2986 2987
f 2986 2985 2987
f 2989 2990 2987
f 2988 2987 2990
f 2991 2992 2989
f 2990 2989 2992
f 2991 2993 2992
f 2992 2993 2994
f 2995 2996 2993
f 2994 2993 2996
f 2997 2998 2995
f 2996 2995 2998
f 2999 3000 2997
f 2998 2997 3000
f 3002 3003 3001
f 3001 3003 3004
f 3004 3003 3006
f 3003 3005 3006
f 3007 3008 3005
f 3006 3005 3008
f 3010 3008 3009
f 3008 3007 3009
f 3011 3012 3009
f 3010 3009 3012
f 3013 3014 3011
f 3012 3011 3014
f 3016 3014 3015
f 3014 3013 3015
f 3015 3017 3016
f 3016 3017 3018
f 3017 3019 3018
f 3018 3019 3020
f 3019 3021 3020
f 3020 3021 3022
f 3021 3023 3022
f 3022 3023 3024
f 3023 3025 3024
f 3024 3025 3026
f 3026 3025 3028
f 3025 3027 3028
f 3029 3030 3027
f 3028 3027 3030
f 3030 3029 3032
f 3029 3031 3032
f 3034 3032 3033
f 3032 3031 3033
f 3038 3035 3037
f 3035 3036 3037
f 3038 3037 3040
f 3037 3039 3040
f 3040 3039 3042
f 3039 3041 3042
f 3044 3042 3043
f 3042 3041 3043
f 3043 3045 3044
f 3044 3045 3046
f 3046 3045 3048
f 3045 3047 3048
f 3050 3048 3049
f 3048 3047 3049
f 3050 3049 3052
f 3049 3051 3052
f 3052 3051 3054
f 3051 3053 3054
f 3055 3056 3053
f 3054 3053 3056
f 3058 3056 3057
f 3056 3055 3057
f 3057 3059 3058
f 3058 3059 3060
f 3062 3060 3061
f 3060 3059 3061
f 3064 3062 3063
f 3062 3061 3063
f 3066 3064 3065
f 3064 3063 3065
f 2947 3067 3068
f 3070 2950 3069
f 2950 2949 3069
f 2950 3070 2960
f 2960 3070 3071
f 2959 2960 3072
f 2960 3071 3072
f 2958 2959 3073
f 2959 3072 3073
f 2957 2958 3074
f 2958 3073 3074
f 3074 3075 2957
f 2956 2957 3075
f 2956 3075 3076
f 3077 2955 3076
f 2955 2956 3076
f 2955 3077 2954
f 2954 3077 3078
f 2953 2954 3079
f 2954 3078 3079
f 3079 3080 2953
f 2952 2953 3080
f 2952 3080 2948
f 2948 3080 3081
f 2948 3081 2947
f 2947 3081 3067
f 2803 2947 2807
f 2947 2806 2807
f 2947 2803 2933
f 2947 3068 2805
f 2947 2805 2804
f 2947 2804 2806
f 3083 3082 2745
f 3082 2762 2745
f 2808 2786 3085
f 2786 3084 3085
f 2744 2808 3086
f 2808 3085 3086
f 3082 2796 2762
f 2744 3086 3083
f 3086 3087 3083
f 2745 2744 3083
f 3088 3084 2785
f 2786 2785 3084
f 2811 3089 3090
f 2795 2811 3091
f 2811 3090 3091
f 2785 2795 3088
f 2795 3091 3088
f 2813 2805 3068
f 2810 2813 3067
f 2813 3068 3067
f 3067 3081 3089
f 2810 3067 3089
f 2961 3070 3069
f 3087 3086 3000
f 2998 3000 3086
f 3086 3085 2998
f 2996 2998 3085
f 2994 2996 3084
f 2996 3085 3084
f 3084 3088 2994
f 2992 2994 3088
f 2992 3088 2990
f 2990 3088 3091
f 2988 2990 3090
f 2990 3091 3090
f 3089 2986 3090
f 2986 2988 3090
f 2984 2986 3089
f 2982 2984 3081
f 2984 3089 3081
f 2980 2982 3080
f 2982 3081 3080
f 3080 3079 2980
f 2978 2980 3079
f 2976 2978 3078
f 2978 3079 3078
f 3078 3077 2976
f 2974 2976 3077
f 2972 2974 3076
f 2974 3077 3076
f 2970 2972 3075
f 2972 3076 3075
f 2968 2970 3075
f 3075 3074 2968
f 2966 2968 3074
f 3074 3073 2966
f 2964 2966 3073
f 2964 3073 3072
f 2961 2964 3071
f 2964 3072 3071
f 2961 3071 3070
f 3001 3004 2962
f 2962 3004 2963
f 2965 2963 3006
f 2963 3004 3006
f 2967 2965 3008
f 2965 3006 3008
f 3008 3010 2967
f 2967 3010 2969
f 3010 3012 2969
f 2969 3012 2971
f 2973 2971 3014
f 2971 3012 3014
f 3014 3016 2973
f 2973 3016 2975
f 3016 3018 2975
f 2975 3018 2977
f 3018 3020 2977
f 2977 3020 2979
f 3020 3022 2979
f 2979 3022 2981
f 3022 3024 2981
f 2981 3024 2983
f 3024 3026 2983
f 2983 3026 2985
f 3028 2987 3026
f 2985 3026 2987
f 3030 2989 3028
f 2987 3028 2989
f 2989 3030 2991
f 3030 3032 2991
f 3032 3034 2991
f 2991 3034 2993
f 3034 3092 2993
f 2993 3092 2995
f 3092 3093 2995
f 3003 3002 3038
f 3002 3035 3038
f 3040 3005 3038
f 3003 3038 3005
f 3042 3007 3040
f 3005 3040 3007
f 3009 3007 3044
f 3007 3042 3044
f 3009 3044 3011
f 3044 3046 3011
f 3011 3046 3013
f 3046 3048 3013
f 3015 3013 3050
f 3013 3048 3050
f 3017 3015 3052
f 3015 3050 3052
f 3052 3054 3017
f 3017 3054 3019
f 3021 3019 3056
f 3019 3054 3056
f 3056 3058 3021
f 3021 3058 3023
f 3058 3060 3023
f 3023 3060 3025
f 3027 3025 3062
f 3025 3060 3062
f 3027 3062 3029
f 3062 3064 3029
f 3029 3064 3031
f 3064 3066 3031
f 3066 3094 3031
f 3031 3094 3033
f 3095 2906 2926
f 3096 3097 3098
f 2811 2810 3089
f 3036 3099 3037
f 3099 3100 3037
f 3101 3039 3100
f 3037 3100 3039
f 3039 3101 3041
f 3101 3102 3041
f 3043 3041 3103
f 3041 3102 3103
f 3103 3104 3043
f 3043 3104 3045
f 3105 3047 3104
f 3045 3104 3047
f 3106 3049 3105
f 3047 3105 3049
f 3107 3051 3106
f 3049 3106 3051
f 3051 3107 3053
f 3107 3108 3053
f 3053 3108 3055
f 3108 3109 3055
f 3057 3055 3110
f 3055 3109 3110
f 3059 3057 3111
f 3057 3110 3111
f 3061 3059 3112
f 3059 3111 3112
f 3112 3113 3061
f 3061 3113 3063
f 3113 3114 3063
f 3063 3114 3065
f 3099 3115 3100
f 3115 3116 3100
f 3100 3116 3101
f 3116 3117 3101
f 3102 3101 3118
f 3101 3117 3118
f 3119 3103 3118
f 3102 3118 3103
f 3103 3119 3104
f 3119 3120 3104
f 3104 3120 3105
f 3120 3121 3105
f 3122 3106 3121
f 3105 3121 3106
f 3106 3122 3107
f 3122 3123 3107
f 3108 3107 3124
f 3107 3123 3124
f 3124 3125 3108
f 3108 3125 3109
f 3109 3125 3110
f 3125 3126 3110
f 3111 3110 3127
f 3110 3126 3127
f 3128 3112 3127
f 3111 3127 3112
f 3113 3112 3129
f 3112 3128 3129
f 3114 3113 3130
f 3113 3129 3130
f 3114 3130 3132
f 3130 3131 3132
f 3065 3133 3066
f 3094 3066 3133
f 3065 3114 3134
f 3114 3132 3134
f 3065 3134 3135
f 3065 3135 3133
f 3137 3116 3136
f 3115 3136 3116
f 3116 3137 3117
f 3137 3138 3117
f 3139 3118 3138
f 3117 3138 3118
f 3118 3139 3119
f 3139 3140 3119
f 3141 3120 3140
f 3119 3140 3120
f 3142 3121 3141
f 3120 3141 3121
f 3121 3142 3122
f 3142 3143 3122
f 3122 3143 3123
f 3143 3144 3123
f 3144 3145 3123
f 3123 3145 3124
f 3125 3124 3146
f 3124 3145 3146
f 3147 3126 3146
f 3125 3146 3126
f 3147 3148 3126
f 3126 3148 3127
f 3149 3128 3148
f 3127 3148 3128
f 3150 3129 3149
f 3128 3149 3129
f 3129 3150 3130
f 3150 3151 3130
f 3131 3130 3152
f 3130 3151 3152
f 3154 3137 3153
f 3136 3153 3137
f 3155 3138 3154
f 3137 3154 3138
f 3138 3155 3139
f 3155 3156 3139
f 3140 3139 3157
f 3139 3156 3157
f 3141 3140 3158
f 3140 3157 3158
f 3158 3159 3141
f 3141 3159 3142
f 3159 3160 3142
f 3142 3160 3143
f 3144 3143 3161
f 3143 3160 3161
f 3145 3144 3162
f 3144 3161 3162
f 3163 3146 3162
f 3145 3162 3146
f 3146 3163 3147
f 3163 3164 3147
f 3148 3147 3165
f 3147 3164 3165
f 3165 3166 3148
f 3148 3166 3149
f 3166 3167 3149
f 3149 3167 3150
f 3167 3168 3150
f 3150 3168 3151
f 3153 3169 3154
f 3169 3170 3154
f 3170 3171 3154
f 3154 3171 3155
f 3156 3155 3172
f 3155 3171 3172
f 3157 3156 3173
f 3156 3172 3173
f 3157 3173 3158
f 3173 3174 3158
f 3159 3158 3175
f 3158 3174 3175
f 3160 3159 3176
f 3159 3175 3176
f 3176 3177 3160
f 3160 3177 3161
f 3177 3178 3161
f 3161 3178 3162
f 3162 3178 3163
f 3178 3179 3163
f 3163 3179 3164
f 3179 3180 3164
f 3180 3181 3164
f 3164 3181 3165
f 3166 3165 3182
f 3165 3181 3182
f 3182 3183 3166
f 3166 3183 3167
f 3168 3167 3184
f 3167 3183 3184
f 3186 3168 3185
f 3168 3184 3185
f 3190 3187 3189
f 3187 3188 3189
f 3191 3192 3189
f 3190 3189 3192
f 3193 3194 3191
f 3192 3191 3194
f 3195 3196 3193
f 3194 3193 3196
f 3196 3195 3198
f 3195 3197 3198
f 3198 3197 3200
f 3197 3199 3200
f 3199 3201 3200
f 3200 3201 3202
f 3204 3202 3203
f 3202 3201 3203
f 3203 3205 3204
f 3204 3205 3206
f 3206 3205 3208
f 3205 3207 3208
f 3209 3210 3207
f 3208 3207 3210
f 3210 3209 3212
f 3209 3211 3212
f 3212 3211 3214
f 3211 3213 3214
f 3214 3213 3216
f 3213 3215 3216
f 3188 3217 3189
f 3217 3218 3189
f 3189 3218 3191
f 3218 3219 3191
f 3191 3219 3193
f 3219 3220 3193
f 3221 3195 3220
f 3193 3220 3195
f 3222 3197 3221
f 3195 3221 3197
f 3199 3197 3223
f 3197 3222 3223
f 3201 3199 3224
f 3199 3223 3224
f 3224 3225 3201
f 3201 3225 3203
f 3225 3226 3203
f 3203 3226 3205
f 3205 3226 3207
f 3226 3227 3207
f 3207 3227 3209
f 3227 3228 3209
f 3209 3228 3211
f 3228 3229 3211
f 3213 3211 3230
f 3211 3229 3230
f 3230 3231 3213
f 3213 3231 3215
f 3217 3232 3218
f 3232 3233 3218
f 3219 3218 3234
f 3218 3233 3234
f 3220 3219 3235
f 3219 3234 3235
f 3221 3220 3236
f 3220 3235 3236
f 3221 3236 3222
f 3236 3237 3222
f 3222 3237 3223
f 3237 3238 3223
f 3224 3223 3239
f 3223 3238 3239
f 3239 3240 3224
f 3224 3240 3225
f 3240 3241 3225
f 3225 3241 3226
f 3226 3241 3227
f 3241 3242 3227
f 3242 3243 3227
f 3227 3243 3228
f 3183 3212 3184
f 3212 3214 3184
f 3183 3182 3212
f 3210 3212 3182
f 3182 3181 3210
f 3208 3210 3181
f 3208 3181 3206
f 3206 3181 3180
f 3180 3179 3206
f 3204 3206 3179
f 3202 3204 3178
f 3204 3179 3178
f 3200 3202 3177
f 3202 3178 3177
f 3177 3176 3200
f 3198 3200 3176
f 3175 3196 3176
f 3196 3198 3176
f 3174 3194 3175
f 3194 3196 3175
f 3173 3192 3174
f 3192 3194 3174
f 3192 3173 3190
f 3190 3173 3172
f 3244 3168 3186
f 3151 3168 3152
f 3245 3152 3168
f 3244 3246 3168
f 3246 3245 3168
f 2748 2764 2750
f 2750 2764 2760
f 2935 2929 2951
f 2929 2928 2951
f 3185 3184 3247
f 3248 3249 3215
f 3216 3215 3249
f 3184 3214 3247
f 3214 3216 3247
f 3251 3215 3250
f 3215 3231 3250
f 3215 3251 3248
f 3254 3255 3253
f 3252 3253 3255
f 3254 3256 3255
f 3260 3257 3259
f 3257 3258 3259
f 3263 3264 3262
f 3261 3262 3264
f 3265 3266 3268
f 3266 3267 3268
f 3269 3270 3265
f 3270 3266 3265
f 3271 3261 3264
f 3272 3273 3271
f 3274 3273 3272
v -297.5439 -330.8754 125.3240
v -284.5816 -327.3661 121.8321
v -288.8628 -320.0302 121.0934
v -304.2899 -319.3907 120.7296
v -285.6957 -344.9728 135.6844
v -273.6599 -339.4849 126.9577
v -272.9567 -360.2976 137.7236
v -263.1547 -355.9891 133.7380
v -303.0627 -349.3327 132.2650
v -298.1824 -360.8887 134.6959
v -309.1252 -334.0925 123.5864
v -313.5041 -324.3787 118.9436
v -278.7341 -327.8502 113.8621
v -269.9957 -339.0295 118.5593
v -282.2497 -318.6549 112.0984
v -277.0335 -320.8138 103.1045
v -288.4711 -306.3896 099.3766
v -290.9010 -308.4482 108.9147
v -315.8524 -340.5872 119.7099
v -318.4143 -329.8048 115.6892
v -309.8730 -353.9123 125.2987
v -303.1250 -309.5940 110.6355
f 3278 3275 3277
f 3275 3276 3277
f 3275 3279 3276
f 3279 3280 3276
f 3280 3279 3282
f 3281 3282 3279
f 3284 3281 3283
f 3279 3283 3281
f 3279 3275 3283
f 3275 3285 3283
f 3275 3278 3285
f 3278 3286 3285
f 3276 3280 3287
f 3287 3280 3288
f 3277 3276 3289
f 3289 3276 3287
f 3290 3291 3289
f 3291 3292 3289
f 3285 3286 3293
f 3293 3286 3294
f 3285 3293 3283
f 3283 3293 3295
f 3295 3284 3283
f 3277 3289 3296
v -290.9010 -308.4482 108.9147
v -288.4711 -306.3896 099.3766
v -294.6527 -293.9327 098.6343
v -298.6345 -293.3770 108.7679
v -314.1072 -278.5287 103.2318
v -319.6508 -278.8166 104.5431
v -317.7108 -297.9305 113.9084
v -310.7105 -294.7818 109.2235
v -326.1810 -282.1069 108.8218
v -322.3286 -300.1780 112.6176
v -333.0406 -318.5190 095.0058
v -331.6551 -316.8932 112.1229
v -330.1857 -307.4776 111.4869
v -333.3954 -305.8673 097.4748
v -322.3246 -322.5388 097.6573
v -321.7306 -318.7686 107.5214
f 3300 3297 3299
f 3297 3298 3299
f 3303 3304 3302
f 3301 3302 3304
f 3302 3305 3303
f 3303 3305 3306
f 3308 3309 3307
f 3307 3309 3310
f 3308 3307 3312
f 3311 3312 3307
v -319.4170 -334.8553 100.7196
v -318.4143 -329.8048 115.6892
v -321.7306 -318.7686 107.5214
v -322.3246 -322.5388 097.6573
v -292.2908 -363.7036 105.9206
v -298.1824 -360.8887 134.6959
v -309.8730 -353.9123 125.2987
v -308.2741 -359.8298 105.4556
v -318.6750 -345.7336 102.5606
v -315.8524 -340.5872 119.7099
f 3314 3315 3313
f 3313 3315 3316
f 3317 3318 3320
f 3318 3319 3320
f 3321 3322 3313
f 3322 3314 3313
f 3320 3319 3321
f 3319 3322 3321
v -311.9570 -318.3977 087.0739
v -322.3246 -322.5388 097.6573
v -333.0406 -318.5190 095.0058
v -329.4389 -316.6225 084.2823
f 3323 3324 3326
f 3324 3325 3326
v -322.3246 -322.5388 097.6573
v -311.9570 -318.3977 087.0739
v -308.7335 -335.0463 083.1656
v -319.4170 -334.8553 100.7196
v -307.4557 -348.6847 084.3432
v -318.6750 -345.7336 102.5606
v -300.6867 -357.5464 083.0221
v -308.2741 -359.8298 105.4556
v -287.0422 -360.1724 084.3123
v -292.2908 -363.7036 105.9206
v -274.0824 -359.7601 087.5006
v -279.1754 -363.5993 107.8555
f 3329 3330 3328
f 3327 3328 3330
f 3329 3331 3330
f 3331 3332 3330
f 3332 3331 3334
f 3333 3334 3331
f 3334 3333 3336
f 3335 3336 3333
f 3336 3335 3338
f 3337 3338 3335
v -325.6731 -303.2131 084.9693
v -329.4389 -316.6225 084.2823
v -333.0406 -318.5190 095.0058
v -333.3954 -305.8673 097.4748
v -333.9637 -284.6837 096.6368
v -330.0372 -279.5728 087.8984
v -310.7105 -294.7818 109.2235
v -303.1250 -309.5940 110.6355
v -290.9010 -308.4482 108.9147
v -298.6345 -293.3770 108.7679
f 3339 3340 3342
f 3340 3341 3342
f 3344 3339 3343
f 3342 3343 3339
f 3345 3346 3348
f 3346 3347 3348
v -304.2899 -319.3907 120.7296
v -288.8628 -320.0302 121.0934
v -303.1250 -309.5940 110.6355
v -312.1673 -312.0319 113.6456
f 3350 3351 3349
f 3349 3351 3352
v -310.7105 -294.7818 109.2235
v -317.7108 -297.9305 113.9084
v -312.1673 -312.0319 113.6456
v -303.1250 -309.5940 110.6355
v -322.3286 -300.1780 112.6176
v -316.9546 -313.5273 112.8247
f 3356 3353 3355
f 3353 3354 3355
f 3354 3357 3355
f 3357 3358 3355
v -313.5041 -324.3787 118.9436
v -304.2899 -319.3907 120.7296
v -312.1673 -312.0319 113.6456
v -316.9546 -313.5273 112.8247
v -318.4143 -329.8048 115.6892
v -321.7306 -318.7686 107.5214
f 3360 3361 3359
f 3359 3361 3362
f 3363 3359 3364
f 3359 3362 3364
v -321.7306 -318.7686 107.5214
v -316.9546 -313.5273 112.8247
v -322.7676 -314.1660 110.3969
v -322.3286 -300.1780 112.6176
v -330.1857 -307.4776 111.4869
v -330.2419 -301.7921 112.8514
v -333.3954 -305.8673 097.4748
v -332.0330 -282.7513 106.3914
v -333.9637 -284.6837 096.6368
f 3365 3366 3367
f 3368 3369 3366
f 3367 3366 3369
f 3370 3371 3369
f 3370 3372 3371
f 3371 3372 3373
v -280.3260 -321.3580 094.2403
v -292.8681 -307.2892 092.4772
v -288.4711 -306.3896 099.3766
v -277.0335 -320.8138 103.1045
f 3375 3376 3374
f 3374 3376 3377
v -292.8681 -307.2892 092.4772
v -300.8412 -289.9760 090.4635
v -294.6527 -293.9327 098.6343
v -288.4711 -306.3896 099.3766
f 3379 3380 3378
f 3378 3380 3381
v -278.7341 -327.8502 113.8621
v -274.9355 -327.2099 103.4148
v -277.0335 -320.8138 103.1045
v -282.2497 -318.6549 112.0984
v -263.1547 -355.9891 133.7380
v -258.3580 -351.4267 127.8598
v -269.9957 -339.0295 118.5593
v -273.6599 -339.4849 126.9577
v -252.4720 -356.1609 116.1535
v -264.9491 -340.4362 110.0352
v -259.3513 -353.6154 094.2450
v -266.8957 -339.7513 094.3626
v -274.9867 -329.5148 096.6073
v -280.3260 -321.3580 094.2403
f 3385 3382 3384
f 3382 3383 3384
f 3386 3387 3389
f 3387 3388 3389
f 3390 3391 3387
f 3391 3388 3387
f 3383 3382 3391
f 3382 3388 3391
f 3392 3393 3390
f 3393 3391 3390
f 3393 3394 3391
f 3394 3383 3391
f 3395 3384 3394
f 3384 3383 3394
v -316.6971 -300.2766 081.2106
v -311.9570 -318.3977 087.0739
v -329.4389 -316.6225 084.2823
v -325.6731 -303.2131 084.9693
v -306.9810 -292.8755 084.5236
v -301.1987 -309.2000 086.0973
v -300.8412 -289.9760 090.4635
v -292.8681 -307.2892 092.4772
v -318.4812 -276.8053 085.0127
v -313.7383 -277.6449 084.4117
v -304.0038 -278.0893 091.4614
f 3396 3397 3398
f 3399 3396 3398
f 3397 3396 3401
f 3396 3400 3401
f 3402 3403 3400
f 3400 3403 3401
f 3404 3405 3396
f 3405 3400 3396
f 3405 3406 3400
f 3406 3402 3400
v -301.1987 -309.2000 086.0973
v -294.4625 -328.2121 081.7054
v -308.7335 -335.0463 083.1656
v -311.9570 -318.3977 087.0739
v -292.8681 -307.2892 092.4772
v -280.3260 -321.3580 094.2403
v -289.0885 -341.5616 081.9125
v -307.4557 -348.6847 084.3432
v -274.9867 -329.5148 096.6073
f 3407 3408 3410
f 3408 3409 3410
f 3412 3408 3411
f 3411 3408 3407
f 3413 3414 3408
f 3408 3414 3409
f 3415 3413 3412
f 3412 3413 3408
v -330.0372 -279.5728 087.8984
v -318.4812 -276.8053 085.0127
v -316.6971 -300.2766 081.2106
v -325.6731 -303.2131 084.9693
f 3417 3418 3416
f 3416 3418 3419
v -300.6867 -357.5464 083.0221
v -307.4557 -348.6847 084.3432
v -289.0885 -341.5616 081.9125
v -287.0422 -360.1724 084.3123
v -266.8957 -339.7513 094.3626
v -274.9867 -329.5148 096.6073
v -274.0824 -359.7601 087.5006
v -259.3513 -353.6154 094.2450
v -279.1754 -363.5993 107.8555
v -252.4720 -356.1609 116.1535
v -272.9567 -360.2976 137.7236
v -298.1824 -360.8887 134.6959
v -292.2908 -363.7036 105.9206
v -282.2497 -318.6549 112.0984
v -290.9010 -308.4482 108.9147
v -303.1250 -309.5940 110.6355
v -258.3580 -351.4267 127.8598
v -263.1547 -355.9891 133.7380
f 3420 3421 3422
f 3420 3422 3423
f 3424 3422 3425
f 3422 3426 3423
f 3426 3422 3427
f 3422 3424 3427
f 3429 3428 3427
f 3428 3426 3427
f 3431 3432 3430
f 3428 3430 3432
f 3433 3434 3435
f 3430 3428 3437
f 3437 3428 3436
f 3429 3436 3428
v -300.8412 -289.9760 090.4635
v -304.0038 -278.0893 091.4614
v -301.6419 -276.5091 096.6671
v -294.6527 -293.9327 098.6343
v -307.8699 -255.3982 104.6834
v -316.2498 -255.6375 105.8409
v -314.1072 -278.5287 103.2318
v -305.3267 -276.4905 104.3008
v -334.7304 -257.3628 095.5211
v -337.2066 -256.9159 090.4785
v -333.9637 -284.6837 096.6368
v -332.0330 -282.7513 106.3914
v -325.1541 -256.4050 102.3627
v -326.1810 -282.1069 108.8218
v -319.6508 -278.8166 104.5431
v -302.2819 -252.2240 097.9148
v -330.0372 -279.5728 087.8984
v -329.7886 -254.9020 086.1657
v -318.4812 -276.8053 085.0127
v -324.0554 -255.5467 085.6262
v -313.7383 -277.6449 084.4117
v -313.2772 -252.8669 084.8639
v -304.6610 -251.0881 090.0772
v -333.5942 -136.5685 072.4590
v -331.9817 -136.5015 088.6015
v -327.7510 -117.7346 091.5300
v -327.9790 -116.2072 078.4602
v -323.8094 -097.9377 096.1631
v -323.3333 -068.3782 101.5512
v -328.3698 -073.0967 079.3898
v -325.1210 -094.8205 081.9868
v -340.6618 -034.3461 074.6456
v -341.5655 -030.8965 067.1045
v -363.1292 070.1013 042.0276
v -366.4355 093.2851 037.0749
v -357.8170 083.7714 028.8502
v -355.6552 070.4883 028.0630
v -357.0384 038.5564 052.4480
v -353.6654 044.2277 032.2000
v -352.0188 014.0164 061.8561
v -351.6840 014.9002 043.0359
v -345.8251 -012.5950 073.1712
v -347.0778 -007.8218 054.6398
v -359.9077 079.6217 000.0000
v -362.3861 091.1561 000.0000
v -370.9741 135.1194 021.1745
v -370.9827 141.7763 000.0000
v -360.1668 129.3049 000.0000
v -370.1634 127.2650 027.0469
v -369.5872 115.6978 031.6829
v -360.8593 116.3581 000.0000
v -367.2431 104.4224 036.4991
v -362.2326 100.5378 000.0000
f 3441 3438 3440
f 3438 3439 3440
f 3443 3444 3442
f 3442 3444 3445
f 3447 3448 3446
f 3446 3448 3449
f 3446 3449 3450
f 3450 3449 3451
f 3450 3451 3443
f 3443 3451 3452
f 3443 3452 3444
f 3440 3453 3445
f 3445 3453 3442
f 3448 3447 3454
f 3454 3447 3455
f 3454 3455 3456
f 3456 3455 3457
f 3458 3456 3459
f 3456 3457 3459
f 3439 3458 3460
f 3458 3459 3460
f 3439 3460 3440
f 3440 3460 3453
f 3462 3463 3461
f 3461 3463 3464
f 3466 3467 3465
f 3465 3467 3468
f 3464 3463 3468
f 3463 3465 3468
f 3467 3469 3470
f 3472 3473 3471
f 3471 3473 3474
f 3475 3471 3476
f 3471 3474 3476
f 3478 3477 3476
f 3477 3475 3476
f 3477 3478 3479
f 3479 3478 3480
f 3480 3470 3479
f 3469 3479 3470
f 3472 3482 3473
f 3481 3473 3482
f 3483 3484 3485
f 3486 3483 3485
f 3487 3486 3488
f 3486 3485 3488
f 3489 3487 3490
f 3487 3488 3490
f 3489 3490 3472
f 3472 3490 3482
v -367.6450 -055.1317 007.7574
v -374.0631 -055.8176 008.5478
v -372.9470 -086.9371 009.6946
v -369.9784 -075.9901 008.8664
v -369.7889 -095.1955 009.8793
v -373.3767 -114.1917 011.1139
v -366.6536 -114.0372 007.8261
v -374.3747 -136.7219 010.0951
v -363.9696 -124.2349 005.7190
v -382.3638 -155.7534 008.1533
v -358.1963 -141.3947 -010.4371
v -368.3069 -159.1975 -011.5233
v -389.0388 -175.0102 001.7612
v -382.8485 -178.6559 -011.4095
v -377.8908 -054.1975 006.4258
v -380.5841 -079.8961 009.9237
v -384.3256 -098.1402 011.6282
v -388.4588 -126.1469 014.8322
v -391.4006 -148.6854 014.9147
v -401.5306 -165.9952 013.0331
v -410.7191 -183.6520 012.0149
v -381.8598 -052.2690 005.5572
v -390.0964 -078.0883 009.1579
v -394.9814 -096.3797 014.0806
v -397.4499 -116.9600 016.4243
v -401.8866 -141.3191 015.4149
v -415.4334 -167.7827 016.5852
v -420.7566 -192.2824 015.5104
v -389.6204 -062.9183 007.7883
v -397.8115 -082.3440 009.9280
v -402.9726 -104.3238 013.6305
v -412.9295 -122.8786 012.0745
v -418.4154 -159.8080 015.1191
v -429.7769 -188.9903 017.7707
v -393.2489 -055.6566 003.7354
v -407.0739 -094.7648 011.0554
v -422.7645 -122.7895 006.9894
v -422.9164 -147.3093 011.1560
v -430.9744 -174.3848 015.0329
v -440.5365 -192.1443 019.2978
v -397.5337 -055.4961 -001.4407
v -411.2449 -087.5765 001.6326
v -423.3834 -116.6542 002.2074
v -433.3831 -154.8255 005.6938
v -442.4122 -183.1742 013.0839
v -444.5835 -201.5127 018.9702
v -392.1874 -053.8502 -014.5307
v -404.2715 -087.6710 -016.8968
v -421.6296 -116.0854 -010.4034
v -425.2683 -143.7854 -014.5620
v -433.1331 -169.2590 -004.3593
v -438.7148 -196.7814 004.5602
v -391.0546 -060.1719 -016.3159
v -398.8138 -096.2789 -022.3649
v -411.1927 -133.3141 -026.7160
v -420.1904 -166.8554 -021.4859
v -427.3069 -179.8884 -009.9878
v -435.1543 -194.7675 002.5020
v -387.3622 -075.9035 -019.7169
v -391.7882 -108.2831 -028.9171
v -400.1496 -137.5703 -028.5641
v -407.3086 -164.9491 -023.8382
v -417.5757 -180.8223 -014.0659
v -432.1269 -196.3488 002.5072
v -374.2608 -072.9374 -014.9361
v -377.7709 -105.1411 -024.0495
v -382.0370 -123.9135 -026.9807
v -400.0019 -156.7512 -027.5350
v -397.7657 -175.0845 -018.4909
v -407.5028 -190.4403 -004.1324
v -419.2486 -195.3852 001.7313
f 3491 3492 3493
f 3491 3493 3494
f 3494 3493 3495
f 3495 3493 3496
f 3495 3496 3497
f 3497 3496 3498
f 3497 3498 3499
f 3499 3498 3500
f 3499 3500 3501
f 3501 3500 3502
f 3502 3500 3503
f 3502 3503 3504
f 3492 3505 3493
f 3505 3506 3493
f 3493 3506 3496
f 3506 3507 3496
f 3507 3508 3496
f 3496 3508 3498
f 3508 3509 3498
f 3498 3509 3500
f 3509 3510 3500
f 3500 3510 3503
f 3510 3511 3503
f 3505 3512 3513
f 3505 3513 3506
f 3506 3513 3514
f 3506 3514 3507
f 3507 3514 3515
f 3507 3515 3508
f 3508 3515 3516
f 3508 3516 3509
f 3509 3516 3517
f 3509 3517 3510
f 3510 3517 3518
f 3510 3518 3511
f 3512 3519 3520
f 3512 3520 3513
f 3513 3520 3521
f 3513 3521 3514
f 3514 3521 3515
f 3515 3521 3522
f 3515 3522 3516
f 3516 3522 3523
f 3516 3523 3517
f 3517 3523 3524
f 3517 3524 3518
f 3519 3525 3526
f 3519 3526 3520
f 3520 3526 3527
f 3520 3527 3521
f 3521 3527 3528
f 3521 3528 3522
f 3522 3528 3529
f 3522 3529 3523
f 3523 3529 3530
f 3523 3530 3524
f 3525 3531 3532
f 3525 3532 3526
f 3526 3532 3533
f 3526 3533 3527
f 3527 3533 3534
f 3527 3534 3528
f 3528 3534 3535
f 3528 3535 3529
f 3529 3535 3536
f 3529 3536 3530
f 3531 3537 3538
f 3531 3538 3532
f 3532 3538 3539
f 3532 3539 3533
f 3533 3539 3540
f 3533 3540 3534
f 3534 3540 3541
f 3534 3541 3535
f 3535 3541 3542
f 3535 3542 3536
f 3537 3543 3544
f 3537 3544 3538
f 3538 3544 3545
f 3538 3545 3539
f 3539 3545 3546
f 3539 3546 3540
f 3540 3546 3547
f 3540 3547 3541
f 3541 3547 3548
f 3541 3548 3542
f 3543 3549 3550
f 3543 3550 3544
f 3544 3550 3551
f 3544 3551 3545
f 3545 3551 3552
f 3545 3552 3546
f 3546 3552 3553
f 3546 3553 3547
f 3547 3553 3554
f 3547 3554 3548
f 3549 3555 3550
f 3555 3556 3550
f 3550 3556 3551
f 3556 3557 3551
f 3557 3558 3551
f 3551 3558 3552
f 3558 3559 3552
f 3552 3559 3553
f 3559 3560 3553
f 3553 3560 3554
f 3560 3561 3554
v -386.0740 -018.8349 -002.4962
v -384.5990 -018.8820 001.9164
v -381.7430 015.0343 004.8629
v -382.8633 014.9083 000.0000
v -384.4470 049.8176 005.3132
v -385.6649 049.6801 000.0000
v -388.7340 100.3866 005.7635
v -390.0566 100.2504 000.0000
v -386.0820 147.9723 006.2137
v -387.5140 148.0358 000.0000
v -369.8925 178.7941 006.6640
v -371.2832 179.4492 000.0000
v -346.9715 196.1504 007.1141
v -347.8430 197.5409 000.0000
v -323.8225 200.5405 007.5645
v -324.2148 202.1387 000.0000
v -380.5688 -019.0106 005.1472
v -378.6822 015.3783 008.4233
v -381.1194 050.1935 009.2033
v -385.1206 100.7586 009.9831
v -382.1694 147.7989 010.7631
v -366.0928 177.0041 011.5431
v -344.5903 192.3509 012.3229
v -322.7504 196.1738 013.1029
v -375.0630 -019.1863 006.3305
v -374.5007 015.8482 009.7274
v -376.5736 050.7070 010.6281
v -380.1840 101.2668 011.5288
v -376.8245 147.5619 012.4295
v -360.9021 174.5588 013.3304
v -341.3372 187.1604 014.2309
v -369.5565 -019.3620 005.1497
v -370.3185 016.3182 008.4262
v -372.0269 051.2205 009.2064
v -375.2468 101.7751 009.9865
v -371.4787 147.3248 010.7668
v -355.7104 172.1130 011.5470
v -338.0836 181.9691 012.3273
v -365.5240 -019.4907 001.9209
v -367.2559 016.6625 004.8678
v -368.6972 051.5966 005.3185
v -371.6312 102.1474 005.7693
v -367.5638 147.1512 006.2201
v -351.9086 170.3220 006.6709
v -335.7009 178.1675 007.1216
v -364.0457 -019.5379 -002.4909
v -366.1331 016.7886 000.0058
v -367.4766 051.7345 -000.0063
v -370.3058 102.2838 -000.0069
v -366.1286 147.0876 -000.0074
v -350.7689 170.0214 000.0000
v -334.8274 176.7738 -000.0085
v -365.5175 -019.4909 -006.9044
v -367.2510 016.6630 -004.8579
v -368.6972 051.5966 -005.3185
v -369.5452 -019.3624 -010.1369
v -370.3099 016.3192 -008.4205
v -372.0269 051.2205 -009.2064
v -375.0500 -019.1867 -011.3230
v -374.4907 015.8493 -009.7274
v -376.5736 050.7070 -010.6281
v -380.5575 -019.0109 -010.1447
v -378.6736 015.3792 -008.4291
v -381.1194 050.1935 -009.2033
v -384.5923 -018.8822 -006.9180
v -381.7381 015.0348 -004.8728
v -384.4470 049.8176 -005.3132
f 3564 3565 3563
f 3562 3563 3565
f 3564 3566 3565
f 3565 3566 3567
f 3567 3566 3569
f 3566 3568 3569
f 3569 3568 3571
f 3568 3570 3571
f 3573 3571 3572
f 3571 3570 3572
f 3573 3572 3575
f 3572 3574 3575
f 3575 3574 3577
f 3574 3576 3577
f 3578 3579 3563
f 3563 3579 3564
f 3579 3580 3564
f 3564 3580 3566
f 3566 3580 3568
f 3580 3581 3568
f 3568 3581 3570
f 3581 3582 3570
f 3570 3582 3572
f 3582 3583 3572
f 3572 3583 3574
f 3583 3584 3574
f 3576 3574 3585
f 3574 3584 3585
f 3586 3587 3578
f 3578 3587 3579
f 3587 3588 3579
f 3579 3588 3580
f 3580 3588 3581
f 3588 3589 3581
f 3581 3589 3582
f 3589 3590 3582
f 3583 3582 3591
f 3582 3590 3591
f 3584 3583 3592
f 3583 3591 3592
f 3584 3592 3585
f 3594 3587 3593
f 3586 3593 3587
f 3587 3594 3588
f 3594 3595 3588
f 3588 3595 3589
f 3595 3596 3589
f 3589 3596 3590
f 3596 3597 3590
f 3590 3597 3591
f 3597 3598 3591
f 3592 3591 3599
f 3591 3598 3599
f 3601 3594 3600
f 3593 3600 3594
f 3602 3595 3601
f 3594 3601 3595
f 3595 3602 3596
f 3602 3603 3596
f 3596 3603 3597
f 3603 3604 3597
f 3597 3604 3598
f 3604 3605 3598
f 3598 3605 3599
f 3605 3606 3599
f 3607 3608 3600
f 3600 3608 3601
f 3601 3608 3602
f 3608 3609 3602
f 3602 3609 3603
f 3609 3610 3603
f 3603 3610 3604
f 3610 3611 3604
f 3604 3611 3605
f 3611 3612 3605
f 3606 3605 3613
f 3605 3612 3613
f 3608 3607 3615
f 3607 3614 3615
f 3615 3616 3608
f 3608 3616 3609
f 3615 3614 3618
f 3614 3617 3618
f 3616 3615 3619
f 3615 3618 3619
f 3618 3617 3621
f 3617 3620 3621
f 3621 3622 3618
f 3618 3622 3619
f 3620 3623 3621
f 3623 3624 3621
f 3621 3624 3622
f 3624 3625 3622
f 3623 3626 3624
f 3626 3627 3624
f 3624 3627 3625
f 3627 3628 3625
f 3626 3562 3627
f 3562 3565 3627
f 3627 3565 3628
f 3565 3567 3628
v -365.5240 -019.4907 001.9209
v -369.5565 -019.3620 005.1497
v -374.0631 -055.8176 008.5478
v -367.6450 -055.1317 007.7574
v -380.5688 -019.0106 005.1472
v -397.5337 -055.4961 -001.4407
v -393.2489 -055.6566 003.7354
v -389.6204 -062.9183 007.7883
v -381.8598 -052.2690 005.5572
v -375.0630 -019.1863 006.3305
v -377.8908 -054.1975 006.4258
v -384.5990 -018.8820 001.9164
v -386.0740 -018.8349 -002.4962
v -369.5452 -019.3624 -010.1369
v -374.2608 -072.9374 -014.9361
v -387.3622 -075.9035 -019.7169
v -375.0500 -019.1867 -011.3230
v -380.5575 -019.0109 -010.1447
v -391.0546 -060.1719 -016.3159
v -392.1874 -053.8502 -014.5307
v -384.5923 -018.8822 -006.9180
v -365.5175 -019.4909 -006.9044
v -364.0457 -019.5379 -002.4909
v -356.9386 -076.1644 -003.5893
v -369.7889 -095.1955 009.8793
v -366.6536 -114.0372 007.8261
v -382.0370 -123.9135 -026.9807
v -377.7709 -105.1411 -024.0495
v -358.1963 -141.3947 -010.4371
v -363.9696 -124.2349 005.7190
v -397.7657 -175.0845 -018.4909
v -389.0388 -175.0102 001.7612
v -407.5028 -190.4403 -004.1324
v -400.0019 -156.7512 -027.5350
v -368.3069 -159.1975 -011.5233
v -382.8485 -178.6559 -011.4095
v -410.7191 -183.6520 012.0149
v -420.7566 -192.2824 015.5104
v -440.5365 -192.1443 019.2978
v -438.7148 -196.7814 004.5602
v -429.7769 -188.9903 017.7707
v -419.2486 -195.3852 001.7313
v -432.1269 -196.3488 002.5072
v -435.1543 -194.7675 002.5020
v -444.5835 -201.5127 018.9702
f 3631 3632 3630
f 3629 3630 3632
f 3633 3634 3635
f 3633 3635 3636
f 3633 3636 3637
f 3638 3633 3637
f 3638 3637 3639
f 3630 3639 3631
f 3640 3641 3634
f 3642 3643 3644
f 3645 3642 3644
f 3646 3645 3644
f 3646 3644 3647
f 3646 3647 3648
f 3649 3646 3648
f 3641 3648 3634
f 3643 3650 3651
f 3643 3642 3650
f 3629 3632 3652
f 3652 3643 3651
f 3632 3653 3654
f 3655 3656 3657
f 3652 3632 3654
f 3652 3654 3658
f 3652 3658 3657
f 3643 3652 3657
f 3656 3643 3657
f 3659 3660 3661
f 3659 3662 3655
f 3655 3657 3663
f 3655 3663 3664
f 3655 3664 3660
f 3659 3655 3660
f 3660 3665 3661
f 3665 3666 3661
f 3667 3668 3669
f 3670 3661 3666
f 3670 3666 3669
f 3671 3670 3669
f 3672 3671 3669
f 3668 3672 3669
f 3667 3673 3668
f 3630 3638 3639
f 3633 3640 3634
f 3641 3649 3648
f 3652 3651 3629
v -341.3372 187.1604 014.2309
v -307.7669 187.1112 021.7368
v -322.7504 196.1738 013.1029
v -305.3102 196.8810 005.1104
v -303.7562 200.1526 000.0000
v -324.2148 202.1387 000.0000
v -323.8225 200.5405 007.5645
v -335.8510 181.0253 038.0095
v -307.5310 184.6000 036.3149
f 3674 3675 3676
f 3679 3680 3678
f 3677 3678 3680
f 3677 3680 3676
f 3675 3677 3676
f 3674 3681 3675
f 3681 3682 3675
v -193.6032 -182.9617 048.8916
v -197.1059 -199.2958 050.0845
v -193.3565 -199.3029 043.8902
v -188.3160 -182.9718 040.1567
v -202.7242 -181.3012 055.5232
v -203.5740 -198.1182 054.7873
v -212.6375 -186.6497 050.2895
v -210.6039 -201.9111 051.0759
v -217.6551 -187.3816 044.5782
v -214.1621 -202.4301 047.0257
v -214.7113 -190.3198 036.2462
v -212.0746 -204.5137 041.1171
v -206.2725 -188.4246 030.7336
v -206.0902 -203.1698 037.2079
v -194.6306 -187.2735 034.4251
v -197.8344 -202.3535 039.8257
v -246.6779 -185.7679 057.0461
v -251.3608 -201.2858 055.8673
v -249.9138 -203.8090 050.4529
v -244.6375 -189.3261 049.4110
v -254.7737 -183.3025 060.9321
v -257.1019 -199.5375 058.6230
v -264.7220 -184.4010 059.4347
v -264.1567 -200.3164 057.5611
v -269.9966 -185.0397 057.0070
v -267.8971 -200.7694 055.8395
v -270.9403 -187.9947 050.8775
v -268.5663 -202.8649 051.4928
v -268.4452 -189.1207 044.7388
v -266.7969 -203.6634 047.1396
v -261.4084 -190.5005 040.4925
v -261.8068 -204.6419 044.1284
v -250.3818 -190.9806 043.1456
v -253.9874 -204.9824 046.0098
v -198.5123 -211.6661 039.4256
v -206.5655 -212.4623 036.8720
v -212.4030 -213.7733 040.6853
v -214.4393 -211.7408 046.4489
v -210.9684 -211.2345 050.3997
v -204.1110 -207.5348 054.0201
v -197.8016 -208.6834 049.4327
v -194.1442 -208.6904 043.3904
v -251.3187 -213.0859 049.7920
v -255.2923 -214.2304 045.4579
v -262.9199 -213.8983 043.6227
v -267.7875 -212.9439 046.5600
v -269.5135 -212.1650 050.8064
v -268.8607 -210.1208 055.0465
v -265.2120 -209.6790 056.7258
v -258.3303 -208.9191 057.7616
v -252.7301 -210.6246 055.0735
v -204.8681 -216.5282 045.0843
v -260.3284 -217.6802 051.0638
f 3686 3683 3685
f 3683 3684 3685
f 3687 3688 3683
f 3688 3684 3683
f 3687 3689 3688
f 3689 3690 3688
f 3691 3692 3689
f 3692 3690 3689
f 3691 3693 3692
f 3693 3694 3692
f 3695 3696 3693
f 3696 3694 3693
f 3695 3697 3696
f 3697 3698 3696
f 3686 3685 3697
f 3685 3698 3697
f 3702 3699 3701
f 3699 3700 3701
f 3703 3704 3699
f 3704 3700 3699
f 3703 3705 3704
f 3705 3706 3704
f 3707 3708 3705
f 3708 3706 3705
f 3707 3709 3708
f 3709 3710 3708
f 3709 3711 3710
f 3711 3712 3710
f 3711 3713 3712
f 3713 3714 3712
f 3715 3716 3713
f 3716 3714 3713
f 3702 3701 3715
f 3701 3716 3715
f 3698 3717 3696
f 3717 3718 3696
f 3696 3718 3694
f 3718 3719 3694
f 3719 3720 3694
f 3694 3720 3692
f 3720 3721 3692
f 3692 3721 3690
f 3688 3690 3722
f 3690 3721 3722
f 3722 3723 3688
f 3688 3723 3684
f 3684 3723 3685
f 3723 3724 3685
f 3685 3724 3698
f 3724 3717 3698
f 3701 3725 3716
f 3725 3726 3716
f 3716 3726 3714
f 3726 3727 3714
f 3712 3714 3728
f 3714 3727 3728
f 3710 3712 3729
f 3712 3728 3729
f 3729 3730 3710
f 3710 3730 3708
f 3730 3731 3708
f 3708 3731 3706
f 3706 3731 3704
f 3731 3732 3704
f 3732 3733 3704
f 3704 3733 3700
f 3700 3733 3701
f 3733 3725 3701
f 3734 3724 3723
f 3734 3723 3722
f 3734 3722 3721
f 3734 3721 3720
f 3734 3720 3719
f 3734 3719 3718
f 3734 3718 3717
f 3734 3717 3724
f 3735 3725 3733
f 3735 3733 3732
f 3735 3732 3731
f 3735 3731 3730
f 3735 3730 3729
f 3735 3729 3728
f 3735 3728 3727
f 3735 3727 3726
f 3735 3726 3725
v 492.5499 191.7814 061.3413
v 495.3403 190.7939 060.5609
v 497.1872 192.4079 058.6026
v 495.3739 195.2580 059.2256
v 492.5394 195.5229 061.8837
v 489.7808 194.6794 062.8057
v 500.1903 191.4398 048.6724
v 497.3133 199.2779 053.3466
v 498.2364 187.3300 053.6190
v 492.6194 185.9813 058.2137
v 485.2578 188.9721 060.5031
v 482.4747 194.6835 062.6358
v 486.1611 200.1639 062.1913
v 493.5561 201.6016 058.5700
f 3741 3736 3740
f 3740 3736 3739
f 3736 3737 3739
f 3737 3738 3739
f 3739 3738 3743
f 3738 3742 3743
f 3742 3738 3744
f 3737 3744 3738
f 3745 3744 3737
f 3746 3745 3736
f 3745 3737 3736
f 3747 3746 3741
f 3746 3736 3741
f 3748 3747 3741
f 3743 3749 3739
f 3740 3739 3749
v 486.1618 185.4067 061.8095
v 485.2578 188.9721 060.5031
v 482.4747 194.6835 062.6358
v 476.0921 188.1357 061.3120
v 493.5561 201.6016 058.5700
v 493.5880 205.1665 057.2853
v 484.2883 202.1333 063.8025
v 486.1611 200.1639 062.1913
v 497.3133 199.2779 053.3466
v 500.1903 191.4398 048.6724
v 499.1746 200.9819 052.3206
v 494.4706 184.0663 057.5374
v 492.6194 185.9813 058.2137
v 499.1709 184.4295 052.0761
v 498.2364 187.3300 053.6190
v 485.2582 181.6115 060.3105
v 490.8019 179.6041 058.7882
v 496.3546 178.3161 055.3515
v 498.3034 180.6343 050.5779
v 501.1430 187.5569 046.3205
v 496.4945 205.3575 049.9903
v 491.8466 208.4725 053.2713
v 502.0077 197.8170 048.0978
v 488.1574 209.4571 053.9949
v 482.5996 208.9176 057.6083
v 478.8476 202.8047 060.8619
v 479.8297 211.8191 059.1085
v 475.1519 203.9658 063.4134
v 487.2539 215.9259 054.2891
v 492.7885 215.6560 051.6579
v 500.2440 210.5746 046.8233
v 505.7495 200.2751 045.1974
v 507.5994 190.0999 044.3793
v 503.0289 182.7419 044.0803
v 499.1904 176.0829 051.0386
v 493.6066 173.7668 055.7276
v 487.1155 174.1238 059.2326
v 481.6181 179.7860 060.4026
v 508.5813 188.8503 040.8327
v 509.5375 196.1238 040.1516
v 505.8179 178.8186 041.7387
v 501.9836 173.9907 048.5562
v 491.7973 168.1480 054.4201
v 486.2636 168.4144 057.0155
v 475.2337 172.3388 059.1296
v 469.7607 176.8061 057.6663
v 506.7202 202.7704 042.2291
v 503.0641 210.2197 043.2329
v 493.7950 218.1155 048.6939
v 488.1855 219.4544 053.0288
v 480.7794 214.3653 057.0393
v 472.8963 203.6146 061.4307
v 474.2358 188.2232 062.1650
v 468.8114 204.6378 060.4518
v 474.4050 217.9337 055.6057
v 483.7331 223.5678 047.9332
v 489.3850 222.0523 041.7713
v 499.5978 214.8785 034.4534
v 506.0840 205.3335 030.9324
v 509.7062 195.4206 032.8795
v 510.5589 186.4086 034.7113
v 469.7024 186.2575 060.4048
v 483.2890 226.2727 028.3787
v 473.9441 229.9169 036.9987
v 497.1394 214.6686 022.4781
v 507.2165 204.3630 020.9228
v 512.7157 194.2759 021.1214
v 515.2698 183.0661 028.7042
v 513.3171 171.5563 033.4258
v 510.3427 162.4404 043.4275
v 498.2822 150.3071 050.7606
v 492.7282 148.6953 052.6327
v 479.8410 147.3149 057.0618
v 471.5646 150.2195 058.4339
v 461.5408 163.9641 057.7768
v 456.0751 178.5154 056.2428
v 455.1484 184.1749 057.5191
v 453.3113 198.9009 057.8975
v 456.1299 213.3066 054.7248
v 463.6582 226.3383 047.1997
v 504.9690 203.2731 000.0071
v 491.2303 216.2645 -000.0090
v 515.6645 194.2902 011.9993
v 521.8821 180.3552 019.9306
v 521.6855 163.6645 027.9797
v 523.3176 144.2459 036.2988
v 459.6478 151.2987 059.8982
v 467.9116 143.8434 058.9658
v 456.0024 160.4023 058.9333
v 447.7781 168.7858 059.7407
v 445.9682 177.8884 058.8185
v 443.2610 187.8873 057.7888
v 443.3020 202.4714 056.3794
v 474.7988 230.0163 -000.0276
v 463.4996 236.9115 014.0117
v 457.7573 238.9535 025.6196
v 447.2349 232.5133 044.3764
v 438.9484 219.0421 047.3320
v 522.3191 137.1491 038.8069
v 515.8322 123.6770 041.8043
v 495.5360 123.6724 050.5230
v 476.1601 136.3013 057.1370
v 532.1136 179.5562 011.9606
v 517.7545 193.2323 000.0214
v 537.8289 176.8448 000.0441
v 542.1809 168.5349 012.3555
v 542.4281 172.1152 000.0496
v 538.3208 161.9661 020.2452
v 537.3133 154.1142 024.6712
v 533.4328 140.2713 033.2639
v 529.6963 132.2443 035.7984
v 526.0653 118.4173 035.2062
v 525.0485 112.3029 038.5234
v 499.1713 116.3096 050.4149
v 473.3657 122.7371 059.2883
v 464.1547 128.5422 062.2034
v 452.2247 139.8278 064.4892
v 443.0999 153.5753 063.8888
v 440.4221 166.2433 061.6610
v 438.6380 177.0868 059.6666
v 437.7095 187.1713 059.5743
v 560.4888 154.6091 011.3773
v 558.8763 157.3846 000.0686
v 556.6339 149.8677 019.0905
v 552.8186 144.0180 025.0666
v 547.1928 134.5179 031.3899
v 542.5783 126.4372 032.9687
v 539.7967 117.4238 034.6802
v 538.8455 111.9419 035.1883
v 568.5194 145.2202 018.8749
v 573.0427 143.5668 020.9848
v 574.1781 146.3956 012.4891
v 568.7035 149.9636 011.0765
v 564.7186 139.4606 025.7833
v 560.8974 131.7869 031.9719
v 571.0154 136.0653 029.0072
v 556.3253 123.5295 031.7238
v 568.1726 128.2503 033.3871
v 558.0797 117.4135 035.1054
v 567.2187 116.4767 035.4080
v 568.0007 151.0009 000.0786
v 547.9630 111.1310 036.4188
v 581.3217 141.5581 019.5261
v 588.6832 138.5674 017.2365
v 591.5025 138.2159 013.6820
v 584.2092 142.7708 013.0724
v 597.9357 132.5532 012.5337
v 596.3117 130.7775 000.1098
v 590.8842 138.8968 000.1026
v 594.1384 133.0818 017.8936
v 583.5498 143.6280 000.0946
v 574.3997 148.2739 000.0851
v 578.3731 134.1471 028.4590
v 584.7989 131.1569 026.1476
v 593.1474 123.3483 021.5613
v 599.8088 123.1874 010.7334
v 596.3527 123.2407 000.1121
v 596.1686 111.0978 009.0324
v 592.7110 113.1195 000.1118
v 593.4596 105.4796 007.7039
v 590.8782 106.6916 000.1121
f 3750 3751 3753
f 3751 3752 3753
f 3755 3756 3754
f 3754 3756 3757
f 3758 3759 3760
f 3761 3762 3750
f 3751 3750 3762
f 3762 3761 3764
f 3761 3763 3764
f 3761 3750 3766
f 3765 3766 3750
f 3763 3761 3767
f 3766 3767 3761
f 3767 3768 3763
f 3768 3769 3763
f 3760 3770 3755
f 3755 3770 3771
f 3760 3772 3770
f 3769 3772 3760
f 3755 3773 3756
f 3773 3774 3756
f 3753 3756 3775
f 3775 3756 3774
f 3777 3775 3776
f 3775 3774 3776
f 3776 3774 3778
f 3774 3773 3778
f 3779 3778 3771
f 3773 3771 3778
f 3779 3771 3780
f 3771 3770 3780
f 3781 3780 3772
f 3770 3772 3780
f 3769 3782 3772
f 3772 3782 3781
f 3769 3783 3782
f 3784 3783 3768
f 3768 3783 3769
f 3785 3784 3767
f 3767 3784 3768
f 3786 3785 3766
f 3785 3767 3766
f 3787 3786 3765
f 3786 3766 3765
f 3787 3765 3753
f 3788 3789 3782
f 3788 3782 3790
f 3783 3790 3782
f 3784 3791 3783
f 3791 3790 3783
f 3792 3791 3785
f 3785 3791 3784
f 3785 3786 3792
f 3793 3792 3786
f 3794 3793 3787
f 3793 3786 3787
f 3753 3795 3787
f 3795 3794 3787
f 3781 3796 3780
f 3796 3797 3780
f 3797 3798 3780
f 3779 3780 3798
f 3798 3799 3779
f 3778 3779 3799
f 3776 3778 3800
f 3800 3778 3799
f 3800 3801 3776
f 3801 3777 3776
f 3777 3801 3753
f 3753 3801 3802
f 3795 3753 3802
f 3804 3803 3800
f 3803 3801 3800
f 3805 3804 3799
f 3800 3799 3804
f 3806 3805 3798
f 3799 3798 3805
f 3807 3806 3797
f 3798 3797 3806
f 3807 3797 3808
f 3797 3796 3808
f 3808 3796 3809
f 3796 3789 3809
f 3809 3789 3810
f 3788 3810 3789
f 3790 3810 3788
f 3795 3802 3811
f 3812 3813 3806
f 3806 3813 3805
f 3814 3812 3807
f 3806 3807 3812
f 3814 3807 3815
f 3807 3808 3815
f 3809 3816 3808
f 3808 3816 3815
f 3816 3809 3817
f 3809 3810 3817
f 3790 3818 3810
f 3818 3817 3810
f 3818 3790 3819
f 3791 3819 3790
f 3820 3819 3792
f 3792 3819 3791
f 3793 3821 3792
f 3821 3820 3792
f 3822 3821 3793
f 3794 3823 3793
f 3823 3822 3793
f 3823 3794 3824
f 3824 3794 3795
f 3824 3795 3825
f 3825 3795 3811
f 3825 3811 3826
f 3811 3803 3826
f 3826 3803 3827
f 3829 3828 3804
f 3828 3803 3804
f 3827 3803 3828
f 3831 3814 3830
f 3814 3815 3830
f 3830 3815 3832
f 3815 3816 3832
f 3832 3816 3833
f 3816 3817 3833
f 3834 3833 3818
f 3817 3818 3833
f 3835 3834 3818
f 3819 3835 3818
f 3824 3836 3823
f 3836 3837 3823
f 3838 3836 3824
f 3825 3839 3824
f 3839 3838 3824
f 3839 3825 3840
f 3840 3825 3826
f 3827 3841 3826
f 3840 3826 3841
f 3828 3842 3827
f 3841 3827 3842
f 3843 3844 3812
f 3813 3812 3844
f 3844 3845 3813
f 3829 3813 3845
f 3829 3845 3846
f 3847 3828 3846
f 3828 3829 3846
f 3842 3828 3847
f 3848 3835 3820
f 3820 3835 3819
f 3821 3849 3820
f 3849 3848 3820
f 3849 3821 3850
f 3822 3850 3821
f 3850 3822 3851
f 3823 3851 3822
f 3837 3851 3823
f 3853 3832 3852
f 3832 3833 3852
f 3852 3854 3853
f 3855 3856 3852
f 3852 3856 3854
f 3857 3855 3833
f 3855 3852 3833
f 3833 3834 3857
f 3834 3858 3857
f 3834 3835 3858
f 3835 3859 3858
f 3835 3848 3859
f 3848 3860 3859
f 3861 3860 3849
f 3849 3860 3848
f 3862 3861 3849
f 3862 3849 3863
f 3850 3863 3849
f 3863 3850 3864
f 3864 3850 3851
f 3837 3865 3851
f 3865 3864 3851
f 3865 3837 3866
f 3866 3837 3836
f 3866 3836 3867
f 3867 3836 3838
f 3867 3838 3868
f 3868 3838 3839
f 3868 3839 3869
f 3839 3840 3869
f 3840 3841 3869
f 3869 3841 3870
f 3855 3871 3856
f 3871 3872 3856
f 3871 3855 3873
f 3857 3873 3855
f 3857 3858 3873
f 3858 3874 3873
f 3858 3859 3874
f 3859 3875 3874
f 3875 3859 3876
f 3860 3876 3859
f 3860 3861 3876
f 3861 3877 3876
f 3862 3878 3861
f 3878 3877 3861
f 3882 3879 3881
f 3879 3880 3881
f 3883 3884 3885
f 3886 3887 3884
f 3887 3885 3884
f 3889 3887 3888
f 3888 3887 3886
f 3890 3872 3882
f 3872 3871 3882
f 3873 3879 3871
f 3879 3882 3871
f 3883 3879 3874
f 3873 3874 3879
f 3875 3884 3874
f 3884 3883 3874
f 3876 3886 3875
f 3886 3884 3875
f 3888 3886 3877
f 3877 3886 3876
f 3888 3877 3891
f 3878 3891 3877
f 3895 3892 3894
f 3892 3893 3894
f 3894 3896 3898
f 3896 3897 3898
f 3899 3896 3893
f 3893 3896 3894
f 3895 3900 3881
f 3881 3900 3901
f 3881 3880 3895
f 3880 3892 3895
f 3892 3880 3902
f 3885 3902 3880
f 3893 3892 3903
f 3902 3903 3892
f 3904 3899 3903
f 3903 3899 3893
f 3899 3905 3896
f 3896 3905 3897
f 3905 3906 3897
f 3904 3905 3899
f 3905 3907 3906
f 3907 3908 3906
f 3908 3907 3910
f 3907 3909 3910
v 593.4596 105.4796 007.7039
v 589.7758 100.9309 008.0583
v 587.1947 102.1428 000.1102
v 590.8782 106.6916 000.1121
v 592.3808 102.5283 015.3084
v 587.8630 098.6485 012.8292
f 3913 3914 3912
f 3911 3912 3914
f 3911 3915 3912
f 3915 3916 3912
v 595.0684 108.2725 017.5648
v 592.3808 102.5283 015.3084
v 593.4596 105.4796 007.7039
v 596.1686 111.0978 009.0324
v 576.3952 106.2109 033.8641
v 575.5282 100.4149 030.7505
v 585.7750 099.7026 023.6768
v 588.4856 106.2202 024.9545
v 580.0778 107.8596 031.9450
v 595.9462 115.7227 018.7097
v 591.2147 111.7911 025.4197
f 3920 3917 3919
f 3917 3918 3919
f 3923 3924 3922
f 3921 3922 3925
f 3922 3924 3925
f 3917 3926 3924
f 3924 3926 3927
f 3918 3917 3923
f 3923 3917 3924
v 585.7750 099.7026 023.6768
v 575.7506 095.7900 021.0732
v 587.8630 098.6485 012.8292
v 592.3808 102.5283 015.3084
v 567.4999 095.0754 022.7960
v 575.5282 100.4149 030.7505
f 3929 3930 3928
f 3928 3930 3931
f 3928 3933 3929
f 3932 3929 3933
v 588.4856 106.2202 024.9545
v 591.2147 111.7911 025.4197
v 583.7875 114.1493 030.5184
v 580.0778 107.8596 031.9450
v 577.3410 122.5861 032.3025
v 567.2187 116.4767 035.4080
v 576.4774 127.9824 030.8562
v 568.1726 128.2503 033.3871
v 578.3731 134.1471 028.4590
v 571.0154 136.0653 029.0072
f 3937 3934 3936
f 3934 3935 3936
f 3939 3937 3938
f 3937 3936 3938
f 3941 3939 3940
f 3939 3938 3940
f 3941 3940 3943
f 3940 3942 3943
v 591.2147 111.7911 025.4197
v 595.9462 115.7227 018.7097
v 589.5899 118.2730 016.4705
v 583.7875 114.1493 030.5184
v 584.9792 119.3480 018.1047
v 576.4774 127.9824 030.8562
v 577.3410 122.5861 032.3025
v 584.0665 122.1942 018.7128
v 580.3425 126.0787 021.0002
v 578.3731 134.1471 028.4590
v 584.7989 131.1569 026.1476
v 593.1474 123.3483 021.5613
v 599.8088 123.1874 010.7334
v 557.3803 095.2578 024.3886
v 567.4999 095.0754 022.7960
v 575.5282 100.4149 030.7505
v 567.2385 100.7694 034.1778
v 558.0727 099.9330 034.9867
v 553.5184 098.0180 034.1257
f 3944 3945 3946
f 3947 3944 3948
f 3944 3946 3948
f 3951 3952 3950
f 3949 3950 3952
f 3953 3949 3952
f 3954 3953 3952
f 3955 3954 3951
f 3951 3954 3952
f 3948 3955 3951
f 3956 3955 3946
f 3948 3946 3955
f 3957 3958 3960
f 3958 3959 3960
f 3957 3960 3961
f 3962 3957 3961
v 568.1086 105.4964 035.5860
v 576.3952 106.2109 033.8641
v 569.0122 109.2917 037.0850
v 580.0778 107.8596 031.9450
v 567.2187 116.4767 035.4080
v 559.8282 109.4735 038.6994
v 558.0797 117.4135 035.1054
v 547.9630 111.1310 036.4188
v 547.0775 100.9574 035.5371
v 558.0223 104.7470 037.2696
v 558.0727 099.9330 034.9867
v 567.2385 100.7694 034.1778
v 553.5184 098.0180 034.1257
v 542.5352 103.5967 034.2720
v 538.8455 111.9419 035.1883
v 543.4594 097.0412 033.0823
v 548.0649 094.1387 031.6248
v 537.9461 104.5817 034.9748
v 537.0709 098.0272 033.7432
v 537.3646 088.5375 020.8840
f 3963 3964 3965
f 3966 3967 3964
f 3965 3964 3967
f 3969 3968 3967
f 3968 3965 3967
f 3970 3968 3969
f 3971 3968 3970
f 3963 3965 3972
f 3972 3965 3968
f 3972 3973 3963
f 3973 3974 3963
f 3968 3971 3972
f 3971 3975 3972
f 3975 3973 3972
f 3977 3976 3970
f 3976 3971 3970
f 3978 3971 3976
f 3978 3975 3971
f 3978 3979 3975
f 3980 3976 3977
f 3981 3978 3980
f 3978 3976 3980
f 3982 3979 3978
f 3982 3978 3981
v 554.6347 091.6044 024.6782
v 563.8369 090.4402 022.2548
v 567.4999 095.0754 022.7960
v 557.3803 095.2578 024.3886
v 574.8613 092.0490 020.5099
v 575.7506 095.7900 021.0732
f 3985 3986 3984
f 3983 3984 3986
f 3984 3987 3985
f 3987 3988 3985
v 537.3646 088.5375 020.8840
v 551.1556 086.3525 017.7613
v 554.6347 091.6044 024.6782
v 548.0649 094.1387 031.6248
v 560.3370 085.2748 016.2335
v 563.8369 090.4402 022.2548
v 570.4630 084.9158 012.8130
v 574.8613 092.0490 020.5099
v 524.1466 104.0469 038.3965
v 537.9461 104.5817 034.9748
v 538.8455 111.9419 035.1883
v 525.0485 112.3029 038.5234
v 522.3571 097.4029 036.2117
v 537.0709 098.0272 033.7432
v 529.9005 090.8991 026.0177
v 519.7562 092.2406 030.2473
f 3989 3990 3992
f 3990 3991 3992
f 3990 3993 3991
f 3993 3994 3991
f 3995 3996 3993
f 3993 3996 3994
f 3997 3998 4000
f 3998 3999 4000
f 4001 4002 3997
f 4002 3998 3997
f 4003 3989 4002
f 4002 4001 4003
f 4004 4003 4001
v 575.7506 095.7900 021.0732
v 574.8613 092.0490 020.5099
v 585.1404 092.9008 010.5362
v 587.8630 098.6485 012.8292
v 589.7758 100.9309 008.0583
v 583.6005 094.5722 000.1092
v 587.1947 102.1428 000.1102
f 4008 4005 4007
f 4005 4006 4007
f 4009 4010 4011
f 4009 4008 4010
f 4008 4007 4010
v 585.1404 092.9008 010.5362
v 579.7411 088.0032 007.2306
v 578.0790 089.1286 000.1059
v 583.6005 094.5722 000.1092
v 574.8613 092.0490 020.5099
v 570.4630 084.9158 012.8130
v 567.9621 083.9500 000.0985
v 556.8745 083.4653 007.1390
v 557.9253 083.7796 000.0896
v 560.3370 085.2748 016.2335
v 544.9164 084.7535 010.3909
v 513.7075 082.4518 014.4842
v 511.2563 084.0686 000.0480
v 521.3434 085.6784 000.0565
v 524.7762 084.8549 010.8546
v 551.1556 086.3525 017.7613
v 535.6900 085.1120 013.8324
v 537.3646 088.5375 020.8840
v 526.4430 085.5571 018.1694
v 532.3232 086.6039 000.0660
v 546.9641 083.8722 000.0798
v 529.9005 090.8991 026.0177
v 515.3735 083.1575 021.8348
v 519.7562 092.2406 030.2473
v 496.3526 079.7382 014.3440
v 492.0855 081.2339 000.0318
v 499.6710 081.0560 028.0771
v 466.9690 073.8163 018.8296
v 471.2067 077.0512 033.3393
v 465.5453 075.8022 000.0098
v 500.4627 090.8637 034.5273
v 472.8809 087.8731 040.5801
v 502.1254 095.1308 040.5567
v 522.3571 097.4029 036.2117
v 524.1466 104.0469 038.3965
v 501.1084 106.6770 045.8562
v 474.3250 105.9210 056.3421
v 499.1713 116.3096 050.4149
v 473.3657 122.7371 059.2883
v 474.4871 095.0945 049.1082
v 456.7896 114.9805 064.2484
v 464.1547 128.5422 062.2034
v 449.6191 102.4566 057.9491
v 441.6475 092.1264 045.8839
v 429.7891 091.1506 044.7987
v 439.9629 085.0459 039.1855
v 433.3503 095.1176 048.1517
v 435.9048 070.0414 016.6651
v 438.0854 070.4574 -000.0130
v 431.9799 073.1007 029.1212
v 421.6374 085.2328 040.5873
v 436.6867 113.1136 063.0581
v 444.9011 126.0929 064.7431
v 414.1189 100.8775 049.9342
v 427.7227 107.7746 055.0819
v 417.5444 135.0332 061.3988
v 408.5564 128.8885 054.4406
v 424.7733 138.1058 064.9596
v 432.9607 146.4801 066.1485
v 452.2247 139.8278 064.4892
v 443.0999 153.5753 063.8888
v 440.4221 166.2433 061.6610
v 431.2225 168.3392 063.9944
v 438.6380 177.0868 059.6666
v 430.3615 179.9914 061.0388
v 437.7095 187.1713 059.5743
v 430.4562 190.6537 057.2242
v 422.1814 166.0769 059.4090
v 424.0116 177.0049 058.3946
v 412.1121 161.4451 058.7188
v 406.7576 157.2668 053.4997
v 414.8883 175.9918 057.3765
v 407.6852 174.6601 052.7436
v 483.2890 226.2727 028.3787
v 497.1394 214.6686 022.4781
v 491.2303 216.2645 -000.0090
v 474.7988 230.0163 -000.0276
v 515.6645 194.2902 011.9993
v 517.7545 193.2323 000.0214
v 504.9690 203.2731 000.0071
v 568.7035 149.9636 011.0765
v 574.1781 146.3956 012.4891
v 574.3997 148.2739 000.0851
v 568.0007 151.0009 000.0786
v 584.2092 142.7708 013.0724
v 591.5025 138.2159 013.6820
v 590.8842 138.8968 000.1026
v 583.5498 143.6280 000.0946
v 445.2383 252.4558 013.0255
v 445.4962 252.3303 -000.0603
v 431.7602 258.8926 -000.0745
v 434.2351 258.1176 014.0317
v 444.0143 251.0529 026.9164
v 433.2083 258.6481 019.4917
v 442.9895 249.5758 030.6894
v 433.9601 259.2642 025.8891
v 418.9883 260.6916 -000.0863
v 418.7258 259.0221 013.5844
v 420.3325 258.9186 021.9164
v 421.1652 260.2538 026.4011
v 432.8606 256.3996 034.3892
v 420.9941 260.0612 033.7597
v 441.0844 250.0167 035.1972
f 4012 4013 4015
f 4013 4014 4015
f 4016 4017 4012
f 4017 4013 4012
f 4018 4014 4013
f 4019 4018 4017
f 4017 4018 4013
f 4019 4020 4018
f 4022 4019 4021
f 4021 4019 4017
f 4023 4024 4026
f 4024 4025 4026
f 4021 4027 4022
f 4027 4028 4022
f 4027 4029 4028
f 4029 4030 4028
f 4026 4025 4031
f 4022 4032 4019
f 4032 4020 4019
f 4026 4031 4022
f 4031 4032 4022
f 4026 4022 4028
f 4030 4026 4028
f 4030 4029 4033
f 4035 4034 4033
f 4034 4030 4033
f 4034 4023 4030
f 4023 4026 4030
f 4037 4024 4036
f 4036 4024 4023
f 4038 4036 4034
f 4036 4023 4034
f 4036 4038 4039
f 4039 4038 4040
f 4039 4041 4036
f 4041 4037 4036
f 4042 4038 4035
f 4038 4034 4035
f 4038 4042 4040
f 4040 4042 4043
f 4046 4047 4045
f 4044 4045 4047
f 4044 4042 4045
f 4042 4035 4045
f 4050 4048 4049
f 4048 4047 4049
f 4051 4044 4048
f 4044 4047 4048
f 4051 4043 4044
f 4043 4042 4044
f 4048 4050 4052
f 4052 4050 4053
f 4051 4048 4054
f 4054 4048 4052
f 4055 4043 4054
f 4043 4051 4054
f 4057 4055 4056
f 4056 4055 4058
f 4039 4059 4041
f 4059 4060 4041
f 4061 4059 4040
f 4059 4039 4040
f 4061 4040 4057
f 4061 4057 4062
f 4056 4062 4057
f 4040 4043 4057
f 4043 4055 4057
f 4054 4052 4063
f 4063 4052 4064
f 4062 4056 4065
f 4066 4065 4058
f 4056 4058 4065
f 4065 4066 4068
f 4066 4067 4068
f 4055 4054 4058
f 4058 4054 4066
f 4054 4063 4066
f 4066 4063 4067
f 4063 4069 4067
f 4063 4064 4069
f 4064 4070 4069
f 4064 4071 4070
f 4071 4072 4070
f 4070 4072 4074
f 4072 4073 4074
f 4076 4074 4075
f 4074 4073 4075
f 4078 4076 4077
f 4076 4075 4077
f 4079 4074 4080
f 4074 4076 4080
f 4069 4070 4079
f 4070 4074 4079
f 4079 4081 4069
f 4067 4069 4081
f 4068 4067 4082
f 4067 4081 4082
f 4081 4079 4083
f 4079 4080 4083
f 4082 4081 4084
f 4081 4083 4084
f 4088 4085 4087
f 4085 4086 4087
f 4089 4090 4091
f 4093 4094 4092
f 4092 4094 4095
f 4097 4098 4096
f 4096 4098 4099
f 4102 4103 4101
f 4100 4101 4103
f 4104 4100 4105
f 4100 4103 4105
f 4105 4107 4104
f 4106 4104 4107
f 4103 4102 4109
f 4102 4108 4109
f 4103 4109 4105
f 4105 4109 4110
f 4107 4105 4111
f 4105 4110 4111
f 4112 4107 4113
f 4107 4111 4113
f 4107 4112 4106
f 4114 4106 4112
v 434.4028 258.5635 047.0949
v 432.8606 256.3996 034.3892
v 420.9941 260.0612 033.7597
v 422.4730 262.4525 049.1916
v 440.7729 253.1640 048.6692
v 441.0844 250.0167 035.1972
v 435.9483 261.5839 059.6817
v 427.7169 265.2435 059.1369
v 442.3033 256.1337 060.3562
v 441.1541 266.3824 071.3132
v 435.6680 268.2996 071.9050
v 447.6090 260.6654 069.2301
v 446.5268 269.5425 075.7267
v 441.8954 270.7401 078.2531
v 452.0603 263.9162 074.5542
v 454.6655 270.9095 080.3780
v 450.9555 271.9807 081.9972
v 457.4545 266.9863 078.0363
f 4117 4118 4116
f 4115 4116 4118
f 4116 4115 4120
f 4119 4120 4115
f 4118 4122 4115
f 4121 4115 4122
f 4115 4121 4119
f 4123 4119 4121
f 4122 4125 4121
f 4124 4121 4125
f 4121 4124 4123
f 4126 4123 4124
f 4128 4127 4125
f 4127 4124 4125
f 4126 4124 4129
f 4127 4129 4124
f 4127 4128 4130
f 4130 4128 4131
f 4130 4132 4127
f 4132 4129 4127
v 463.4996 236.9115 014.0117
v 474.7988 230.0163 -000.0276
v 452.8082 246.7537 -000.0521
v 457.7573 238.9535 025.6196
v 445.4962 252.3303 -000.0603
v 445.2383 252.4558 013.0255
v 444.0143 251.0529 026.9164
v 442.9895 249.5758 030.6894
v 441.0844 250.0167 035.1972
v 447.4318 241.8432 036.1347
f 4133 4134 4135
f 4136 4133 4138
f 4133 4135 4138
f 4135 4137 4138
f 4136 4138 4139
f 4136 4139 4140
f 4140 4141 4142
v 444.3850 244.9921 049.5432
v 447.4318 241.8432 036.1347
v 441.0844 250.0167 035.1972
v 440.7729 253.1640 048.6692
v 444.0760 249.0353 062.9287
v 442.3033 256.1337 060.3562
v 448.4667 253.4451 070.8888
v 447.6090 260.6654 069.2301
v 452.0165 255.7971 076.2427
v 452.0603 263.9162 074.5542
v 459.2620 256.9879 079.0452
v 457.4545 266.9863 078.0363
v 467.4691 259.8833 080.8006
v 465.6565 268.0542 079.9684
v 454.6655 270.9095 080.3780
v 464.6703 272.8688 082.2295
v 450.9555 271.9807 081.9972
v 463.6909 275.0501 085.6859
v 472.9447 260.6204 080.7513
v 474.8031 268.3805 080.0044
v 472.8931 272.1892 083.2625
v 471.9171 275.1091 086.5965
v 482.1336 262.1498 078.9636
v 482.1325 269.1794 079.1887
v 481.1798 272.8680 081.5406
v 480.1436 275.0224 085.8918
v 509.6148 275.9720 077.4729
f 4144 4145 4143
f 4143 4145 4146
f 4147 4143 4148
f 4143 4146 4148
f 4148 4150 4147
f 4149 4147 4150
f 4152 4151 4150
f 4151 4149 4150
f 4154 4153 4152
f 4153 4151 4152
f 4153 4154 4155
f 4155 4154 4156
f 4157 4158 4154
f 4156 4154 4158
f 4159 4160 4157
f 4158 4157 4160
f 4156 4162 4155
f 4161 4155 4162
f 4156 4158 4162
f 4162 4158 4163
f 4164 4163 4160
f 4163 4158 4160
f 4161 4162 4165
f 4165 4162 4166
f 4167 4166 4163
f 4166 4162 4163
f 4168 4167 4164
f 4167 4163 4164
f 4167 4168 4169
f 4166 4167 4169
f 4165 4166 4169
v 457.7573 238.9535 025.6196
v 442.9895 249.5758 030.6894
v 447.4318 241.8432 036.1347
v 447.2349 232.5133 044.3764
f 4170 4171 4172
f 4173 4170 4172
v 447.2349 232.5133 044.3764
v 447.4318 241.8432 036.1347
v 444.3850 244.9921 049.5432
v 444.2912 234.3263 053.3220
v 444.0760 249.0353 062.9287
v 444.0713 239.8472 062.9128
v 447.4625 246.5214 075.1890
v 448.4667 253.4451 070.8888
v 432.0630 238.5528 068.2583
v 431.4039 232.9460 057.7510
v 429.6769 226.0422 052.8796
v 438.2053 243.3474 079.8757
v 453.8177 251.3353 077.6566
v 452.0165 255.7971 076.2427
v 444.4739 247.5795 086.0515
v 460.1515 253.3324 079.4193
v 459.2620 256.9879 079.0452
v 455.4459 251.1417 085.0571
v 468.3344 255.4221 082.1927
v 467.4691 259.8833 080.8006
v 468.1847 255.1036 088.6235
v 475.5192 256.8818 087.6311
v 473.7893 256.4648 083.0389
v 485.6249 259.3812 086.7067
v 482.9566 258.0797 082.1827
v 472.9447 260.6204 080.7513
v 482.1336 262.1498 078.9636
v 449.7719 254.7480 093.7659
v 466.2221 255.6346 094.0618
v 476.3337 259.0834 092.9248
v 488.3022 261.3658 089.3163
v 435.2603 252.4888 089.0532
v 426.2798 249.0674 081.8316
v 419.2789 241.1967 066.8016
v 419.3959 237.0476 061.6705
v 411.3935 233.4131 052.6471
v 509.6148 275.9720 077.4729
v 485.4957 266.0227 092.4310
v 473.5139 264.5464 095.0890
v 461.5662 263.3870 097.7986
v 446.0582 262.2875 095.7002
v 434.3217 258.9542 089.3106
v 424.4622 255.4467 081.1726
v 413.8687 247.4013 064.2311
v 412.1994 245.8034 057.0029
v 407.8510 241.1810 047.2193
v 434.2998 266.4049 090.4347
v 423.5494 263.6171 080.3613
v 446.0786 269.5616 094.9972
v 462.4800 270.8372 098.9445
v 413.8494 255.7838 065.2651
v 410.4292 253.7976 054.3437
v 408.8356 251.0913 045.3793
f 4175 4176 4174
f 4174 4176 4177
f 4176 4178 4177
f 4177 4178 4179
f 4179 4178 4180
f 4180 4178 4181
f 4182 4183 4179
f 4183 4177 4179
f 4174 4177 4184
f 4184 4177 4183
f 4182 4179 4185
f 4185 4179 4180
f 4180 4181 4186
f 4186 4181 4187
f 4186 4188 4180
f 4188 4185 4180
f 4190 4189 4187
f 4189 4186 4187
f 4188 4186 4191
f 4191 4186 4189
f 4192 4189 4193
f 4189 4190 4193
f 4191 4189 4194
f 4194 4189 4192
f 4195 4194 4196
f 4194 4192 4196
f 4195 4196 4197
f 4197 4196 4198
f 4196 4192 4199
f 4192 4193 4199
f 4200 4198 4199
f 4198 4196 4199
f 4201 4191 4202
f 4191 4194 4202
f 4203 4202 4195
f 4195 4202 4194
f 4204 4203 4197
f 4203 4195 4197
f 4205 4188 4201
f 4201 4188 4191
f 4206 4185 4205
f 4185 4188 4205
f 4206 4207 4185
f 4207 4182 4185
f 4183 4182 4208
f 4208 4182 4207
f 4184 4183 4209
f 4183 4208 4209
f 4197 4210 4204
f 4204 4211 4203
f 4211 4212 4203
f 4213 4202 4212
f 4203 4212 4202
f 4202 4213 4201
f 4213 4214 4201
f 4201 4214 4205
f 4214 4215 4205
f 4216 4206 4215
f 4205 4215 4206
f 4216 4217 4206
f 4206 4217 4207
f 4210 4211 4204
f 4218 4208 4217
f 4208 4207 4217
f 4208 4218 4209
f 4219 4209 4218
f 4221 4216 4220
f 4215 4220 4216
f 4215 4214 4220
f 4214 4222 4220
f 4222 4214 4223
f 4213 4223 4214
f 4217 4216 4224
f 4216 4221 4224
f 4225 4218 4224
f 4218 4217 4224
f 4218 4225 4219
f 4219 4225 4226
v 404.3796 238.6524 040.0392
v 407.8510 241.1810 047.2193
v 408.8356 251.0913 045.3793
v 406.3205 250.9679 034.2987
v 403.5753 239.9538 034.3957
v 405.5262 250.5284 029.7282
f 4230 4227 4229
f 4227 4228 4229
f 4230 4232 4227
f 4231 4227 4232
v 461.5662 263.3870 097.7986
v 473.5139 264.5464 095.0890
v 475.3015 269.9695 097.3279
v 462.4800 270.8372 098.9445
v 485.4957 266.0227 092.4310
v 486.3709 272.2151 093.6660
f 4233 4234 4236
f 4234 4235 4236
f 4234 4237 4235
f 4237 4238 4235
v 418.9883 260.6916 -000.0863
v 407.9812 257.1649 -000.0951
v 408.4506 257.0978 021.8168
v 418.7258 259.0221 013.5844
v 410.1754 255.7092 026.5856
v 420.3325 258.9186 021.9164
v 410.0907 256.0626 030.2396
v 421.1652 260.2538 026.4011
v 411.7367 256.8514 038.4500
v 420.9941 260.0612 033.7597
f 4241 4242 4240
f 4239 4240 4242
f 4242 4241 4244
f 4241 4243 4244
f 4245 4246 4243
f 4244 4243 4246
f 4245 4247 4246
f 4246 4247 4248
v 420.9941 260.0612 033.7597
v 411.7367 256.8514 038.4500
v 415.1183 257.9059 049.4606
v 422.4730 262.4525 049.1916
v 450.9555 271.9807 081.9972
v 446.2368 272.5999 088.2675
v 461.6626 274.9486 093.9333
v 463.6909 275.0501 085.6859
v 441.8954 270.7401 078.2531
v 435.4196 271.1836 082.6545
v 435.6680 268.2996 071.9050
v 427.3414 268.6575 075.3674
v 417.6065 263.6883 061.8384
v 427.7169 265.2435 059.1369
f 4249 4250 4252
f 4250 4251 4252
f 4255 4256 4254
f 4253 4254 4256
f 4254 4253 4258
f 4257 4258 4253
f 4260 4258 4259
f 4259 4258 4257
f 4251 4261 4252
f 4261 4262 4252
v 405.5262 250.5284 029.7282
v 402.9016 251.9175 024.9385
v 400.0110 242.4158 031.3254
v 403.5753 239.9538 034.3957
v 398.8172 248.9642 -000.1008
v 402.4214 252.7933 -000.0987
v 408.4506 257.0978 021.8168
v 407.9812 257.1649 -000.0951
v 410.1754 255.7092 026.5856
v 406.3205 250.9679 034.2987
v 410.0907 256.0626 030.2396
v 408.8356 251.0913 045.3793
v 411.7367 256.8514 038.4500
f 4264 4265 4263
f 4263 4265 4266
f 4265 4264 4267
f 4267 4264 4268
f 4268 4264 4270
f 4264 4269 4270
f 4269 4264 4271
f 4263 4271 4264
f 4272 4273 4263
f 4273 4271 4263
f 4274 4275 4272
f 4275 4273 4272
v 410.4292 253.7976 054.3437
v 415.1183 257.9059 049.4606
v 411.7367 256.8514 038.4500
v 408.8356 251.0913 045.3793
v 427.3414 268.6575 075.3674
v 435.6680 268.2996 071.9050
v 427.7169 265.2435 059.1369
v 417.6065 263.6883 061.8384
v 413.8494 255.7838 065.2651
v 423.5494 263.6171 080.3613
v 434.2998 266.4049 090.4347
v 435.4196 271.1836 082.6545
v 446.0786 269.5616 094.9972
v 446.2368 272.5999 088.2675
v 461.6626 274.9486 093.9333
v 473.5445 274.9285 094.0329
v 471.9171 275.1091 086.5965
v 463.6909 275.0501 085.6859
v 482.7733 275.4390 090.5049
v 480.1436 275.0224 085.8918
v 509.6148 275.9720 077.4729
v 462.4800 270.8372 098.9445
v 475.3015 269.9695 097.3279
v 486.3709 272.2151 093.6660
f 4278 4279 4277
f 4276 4277 4279
f 4283 4280 4282
f 4280 4281 4282
f 4277 4276 4283
f 4284 4283 4276
f 4284 4285 4283
f 4285 4280 4283
f 4285 4286 4280
f 4286 4287 4280
f 4286 4288 4287
f 4288 4289 4287
f 4291 4292 4290
f 4290 4292 4293
f 4291 4294 4292
f 4292 4294 4295
f 4296 4295 4294
f 4288 4297 4289
f 4297 4290 4289
f 4298 4291 4297
f 4297 4291 4290
f 4298 4299 4291
f 4294 4291 4299
f 4296 4294 4299
v 382.8001 235.2540 023.3341
v 400.0110 242.4158 031.3254
v 398.8172 248.9642 -000.1008
v 378.7342 239.6113 -000.1159
v 387.0548 229.2106 036.8964
v 396.1908 234.7745 037.4747
v 402.5364 235.9300 040.2597
v 404.3796 238.6524 040.0392
v 403.5753 239.9538 034.3957
v 396.7085 228.0648 053.7643
v 407.7563 230.5187 051.0338
v 390.3911 224.1501 051.2468
v 382.3349 214.1733 042.8356
v 385.7922 214.1554 052.1067
v 411.3935 233.4131 052.6471
v 407.8510 241.1810 047.2193
v 401.0847 227.0246 062.2149
v 411.2302 228.5832 059.5500
v 392.8869 222.3919 061.5683
v 389.2378 214.9432 060.3589
v 404.4730 225.4459 074.4209
v 414.6067 227.8102 070.7372
v 399.0744 220.5448 071.0795
v 394.5464 213.0100 068.9536
v 421.2974 230.3184 058.7113
v 429.6769 226.0422 052.8796
v 421.2058 227.9450 062.5927
v 417.2143 230.3394 077.8972
v 422.9332 227.4522 067.2749
v 407.9122 226.4104 084.5010
v 402.4700 218.7859 081.4219
v 421.5419 235.0484 088.5764
v 427.3005 231.0529 076.2172
v 410.4864 229.8353 091.5735
v 405.9714 219.4906 088.8152
v 409.7362 236.6600 123.9986
v 415.5551 238.8662 109.1960
v 410.2304 229.9960 102.5862
v 406.1989 223.1988 117.8382
v 419.4233 240.8334 100.8471
v 430.7092 236.7482 087.7202
v 426.6263 242.1651 105.4799
v 422.8523 243.5029 109.8575
v 417.0470 245.8441 124.1846
v 405.8311 229.3363 133.8054
v 409.4116 242.6172 138.1032
v 404.6673 234.1349 145.2530
v 404.7406 220.7209 101.5108
v 398.9434 211.8832 076.5086
v 402.2592 212.3052 090.3284
v 402.0299 214.1675 100.2365
v 402.4858 210.6568 120.8099
v 403.6947 199.2167 107.2561
v 408.2988 217.5805 145.0930
v 410.3303 203.8565 136.3737
v 415.2166 186.8775 122.5002
v 412.7903 182.8359 109.0512
v 403.1515 196.8248 091.8460
v 396.6639 196.9285 054.9291
v 392.2437 197.2461 048.3563
v 398.2910 198.7391 063.9809
v 405.9885 186.0460 047.0087
v 409.4112 188.9281 057.8435
v 401.7509 199.6169 073.1654
v 415.0297 182.0575 091.7046
v 438.9484 219.0421 047.3320
v 447.2349 232.5133 044.3764
v 434.2700 211.2281 051.6692
v 431.4791 214.2163 054.0650
v 430.5411 205.9245 053.9407
v 443.3020 202.4714 056.3794
v 410.1726 231.2318 143.8163
v 414.8927 238.8726 137.6879
v 412.9926 230.8770 140.2259
v 414.0097 229.5949 136.7196
v 416.9404 230.6276 128.4031
v 414.9438 234.0550 135.3693
v 414.1759 227.9958 129.5340
v 419.7644 239.4643 124.8646
v 419.7516 234.9135 125.3043
v 419.9317 230.4652 117.4540
v 426.7320 212.1987 061.4940
v 427.4886 222.0030 067.9075
v 435.4411 210.2985 080.2580
v 438.0990 220.7701 083.9016
v 436.9751 229.8204 092.1894
v 430.3193 234.7123 104.4413
v 424.5861 237.5093 114.1312
v 421.8457 235.6834 114.2444
v 427.5405 231.9905 104.6400
v 429.6538 224.3779 092.5459
v 428.9048 217.2969 085.8693
v 421.1815 228.2490 103.9137
v 427.8045 197.6660 053.7351
v 429.0375 211.2337 080.0190
v 422.2795 222.8178 095.2752
v 419.7609 216.4063 085.7433
v 415.3175 208.4823 079.9668
v 415.1090 210.2939 088.9759
v 414.8865 214.8829 098.6567
v 415.4566 219.0480 112.9552
v 415.2557 223.5471 121.7046
v 413.1949 205.0757 092.1856
v 411.9993 206.3095 104.9178
v 412.6160 212.0930 117.2520
v 413.3175 217.5231 125.9323
v 415.9229 194.9902 092.3197
v 413.7657 194.4837 106.1024
v 414.3794 201.3720 120.1386
v 412.3290 208.6854 129.5135
v 411.2680 219.5089 136.6908
v 411.1934 223.4814 139.9949
v 423.2341 190.3079 053.4362
v 430.4562 190.6537 057.2242
v 430.3615 179.9914 061.0388
v 424.0116 177.0049 058.3946
v 437.7095 187.1713 059.5743
v 443.2610 187.8873 057.7888
v 414.8883 175.9918 057.3765
v 428.1287 205.5751 078.7000
v 435.4941 206.4161 077.8851
v 424.5225 200.8532 077.2641
f 4301 4302 4300
f 4300 4302 4303
f 4301 4300 4305
f 4300 4304 4305
f 4301 4306 4308
f 4306 4307 4308
f 4305 4306 4301
f 4309 4310 4305
f 4310 4306 4305
f 4309 4305 4311
f 4311 4305 4304
f 4304 4312 4311
f 4312 4313 4311
f 4314 4315 4307
f 4307 4306 4314
f 4306 4310 4314
f 4309 4316 4310
f 4316 4317 4310
f 4318 4316 4311
f 4311 4316 4309
f 4311 4313 4318
f 4313 4319 4318
f 4320 4321 4316
f 4316 4321 4317
f 4316 4318 4320
f 4322 4320 4318
f 4318 4319 4322
f 4319 4323 4322
f 4324 4325 4314
f 4317 4324 4310
f 4324 4314 4310
f 4321 4326 4317
f 4317 4326 4324
f 4327 4328 4321
f 4321 4328 4326
f 4329 4327 4320
f 4320 4327 4321
f 4330 4329 4322
f 4322 4329 4320
f 4331 4332 4327
f 4327 4332 4328
f 4327 4329 4331
f 4329 4333 4331
f 4333 4329 4334
f 4330 4334 4329
f 4338 4335 4337
f 4335 4336 4337
f 4331 4333 4339
f 4337 4339 4333
f 4336 4339 4337
f 4340 4332 4331
f 4340 4331 4341
f 4339 4341 4331
f 4336 4342 4339
f 4342 4341 4339
f 4335 4343 4336
f 4343 4342 4336
f 4343 4335 4345
f 4344 4345 4335
f 4346 4345 4344
f 4334 4347 4333
f 4347 4337 4333
f 4338 4337 4347
f 4330 4322 4348
f 4348 4322 4323
f 4348 4349 4330
f 4349 4334 4330
f 4347 4334 4350
f 4350 4334 4349
f 4338 4347 4350
f 4344 4335 4338
f 4338 4350 4351
f 4351 4350 4352
f 4344 4338 4351
f 4353 4346 4344
f 4344 4351 4353
f 4353 4351 4354
f 4355 4354 4352
f 4352 4354 4351
f 4357 4356 4352
f 4356 4355 4352
f 4357 4352 4349
f 4352 4350 4349
f 4358 4313 4359
f 4313 4312 4359
f 4313 4358 4319
f 4360 4319 4358
f 4361 4362 4359
f 4362 4358 4359
f 4362 4360 4358
f 4363 4357 4348
f 4357 4349 4348
f 4348 4323 4363
f 4360 4363 4319
f 4363 4323 4319
f 4362 4363 4360
f 4362 4364 4363
f 4363 4364 4357
f 4364 4356 4357
f 4365 4366 4325
f 4367 4365 4368
f 4369 4367 4368
f 4365 4325 4368
f 4370 4365 4367
f 4370 4367 4369
f 4346 4371 4345
f 4371 4372 4345
f 4375 4376 4374
f 4373 4374 4376
f 4374 4377 4375
f 4345 4372 4343
f 4372 4378 4343
f 4372 4376 4378
f 4376 4379 4378
f 4376 4375 4379
f 4375 4380 4379
f 4325 4382 4368
f 4381 4368 4382
f 4383 4381 4384
f 4381 4382 4384
f 4326 4325 4324
f 4328 4325 4326
f 4382 4325 4328
f 4382 4328 4332
f 4340 4382 4332
f 4369 4368 4381
f 4382 4340 4384
f 4385 4384 4340
f 4340 4341 4385
f 4385 4341 4386
f 4387 4386 4342
f 4386 4341 4342
f 4343 4378 4342
f 4342 4378 4387
f 4378 4379 4387
f 4388 4387 4379
f 4389 4386 4388
f 4386 4387 4388
f 4390 4385 4389
f 4389 4385 4386
f 4385 4390 4384
f 4390 4391 4384
f 4388 4379 4380
f 4380 4392 4388
f 4392 4389 4388
f 4393 4369 4383
f 4369 4381 4383
f 4384 4391 4383
f 4394 4383 4391
f 4390 4389 4395
f 4395 4389 4392
f 4395 4396 4390
f 4396 4391 4390
f 4394 4391 4397
f 4397 4391 4396
f 4397 4396 4398
f 4399 4398 4395
f 4398 4396 4395
f 4400 4399 4392
f 4399 4395 4392
f 4392 4380 4400
f 4400 4380 4401
f 4380 4375 4401
f 4401 4375 4377
f 4397 4398 4402
f 4399 4403 4398
f 4402 4398 4403
f 4399 4400 4403
f 4403 4400 4404
f 4400 4401 4404
f 4404 4401 4405
f 4401 4377 4405
f 4403 4407 4402
f 4406 4402 4407
f 4407 4403 4408
f 4403 4404 4408
f 4408 4404 4409
f 4404 4405 4409
f 4409 4405 4410
f 4405 4377 4410
f 4377 4374 4410
f 4410 4374 4411
f 4374 4373 4411
f 4412 4413 4393
f 4415 4414 4412
f 4414 4413 4412
f 4369 4393 4416
f 4416 4393 4413
f 4369 4416 4370
f 4417 4370 4416
f 4362 4418 4412
f 4415 4412 4418
f 4419 4383 4394
f 4419 4420 4383
f 4421 4420 4419
f 4419 4394 4397
f 4419 4397 4406
f 4406 4397 4402
f 4393 4383 4420
f 4420 4421 4393
f 4421 4412 4393
f 4421 4419 4406
v 589.5899 118.2730 016.4705
v 595.9462 115.7227 018.7097
v 599.8088 123.1874 010.7334
f 4422 4423 4424
v 595.9462 115.7227 018.7097
v 595.0684 108.2725 017.5648
v 596.1686 111.0978 009.0324
v 599.8088 123.1874 010.7334
v 575.5282 100.4149 030.7505
v 576.3952 106.2109 033.8641
v 568.1086 105.4964 035.5860
v 567.2385 100.7694 034.1778
f 4428 4425 4427
f 4425 4426 4427
f 4430 4431 4429
f 4429 4431 4432
v 584.9792 119.3480 018.1047
v 584.0665 122.1942 018.7128
v 577.3410 122.5861 032.3025
v 583.7875 114.1493 030.5184
v 548.0649 094.1387 031.6248
v 554.6347 091.6044 024.6782
v 557.3803 095.2578 024.3886
v 553.5184 098.0180 034.1257
f 4433 4434 4436
f 4434 4435 4436
f 4437 4438 4440
f 4438 4439 4440
v 571.0154 136.0653 029.0072
v 573.0427 143.5668 020.9848
v 568.5194 145.2202 018.8749
v 564.7186 139.4606 025.7833
v 499.1713 116.3096 050.4149
v 501.1084 106.6770 045.8562
v 524.1466 104.0469 038.3965
v 525.0485 112.3029 038.5234
v 464.1547 128.5422 062.2034
v 452.2247 139.8278 064.4892
v 444.9011 126.0929 064.7431
v 456.7896 114.9805 064.2484
v 474.2358 188.2232 062.1650
v 472.8963 203.6146 061.4307
v 468.8114 204.6378 060.4518
v 469.7024 186.2575 060.4048
v 476.0921 188.1357 061.3120
v 482.4747 194.6835 062.6358
v 486.1611 200.1639 062.1913
v 484.2883 202.1333 063.8025
f 4441 4442 4444
f 4442 4443 4444
f 4448 4445 4447
f 4445 4446 4447
f 4450 4451 4449
f 4449 4451 4452
f 4455 4456 4454
f 4453 4454 4456
f 4457 4458 4460
f 4458 4459 4460
v 492.5394 195.5229 061.8837
v 493.5561 201.6016 058.5700
v 486.1611 200.1639 062.1913
v 489.7808 194.6794 062.8057
f 4462 4463 4461
f 4461 4463 4464
v 485.2582 181.6115 060.3105
v 486.1618 185.4067 061.8095
v 476.0921 188.1357 061.3120
v 497.3133 199.2779 053.3466
v 499.1746 200.9819 052.3206
v 493.5880 205.1665 057.2853
v 493.5561 201.6016 058.5700
v 478.8476 202.8047 060.8619
v 475.1519 203.9658 063.4134
v 499.1709 184.4295 052.0761
v 501.1430 187.5569 046.3205
v 500.1903 191.4398 048.6724
v 498.2364 187.3300 053.6190
v 491.8466 208.4725 053.2713
v 488.1574 209.4571 053.9949
v 474.4050 217.9337 055.6057
v 483.7331 223.5678 047.9332
v 473.9441 229.9169 036.9987
v 463.6582 226.3383 047.1997
v 507.5994 190.0999 044.3793
v 509.5375 196.1238 040.1516
v 506.7202 202.7704 042.2291
v 505.7495 200.2751 045.1974
v 410.1726 231.2318 143.8163
v 404.6673 234.1349 145.2530
v 408.2988 217.5805 145.0930
v 411.1934 223.4814 139.9949
v 412.9926 230.8770 140.2259
v 415.0297 182.0575 091.7046
v 409.4112 188.9281 057.8435
v 424.5225 200.8532 077.2641
v 415.9229 194.9902 092.3197
v 412.7903 182.8359 109.0512
v 413.7657 194.4837 106.1024
v 415.2166 186.8775 122.5002
v 414.3794 201.3720 120.1386
v 410.3303 203.8565 136.3737
v 412.3290 208.6854 129.5135
v 411.2680 219.5089 136.6908
f 4465 4466 4467
f 4470 4471 4469
f 4468 4469 4471
f 4467 4472 4473
f 4475 4476 4474
f 4474 4476 4477
f 4476 4475 4469
f 4470 4478 4479
f 4482 4483 4481
f 4480 4481 4483
f 4484 4485 4487
f 4485 4486 4487
f 4488 4489 4490
f 4488 4490 4492
f 4491 4492 4490
f 4493 4494 4496
f 4494 4495 4496
f 4497 4493 4498
f 4493 4496 4498
f 4500 4499 4498
f 4499 4497 4498
f 4499 4500 4501
f 4501 4500 4502
f 4490 4501 4503
f 4501 4502 4503
f 4490 4503 4491
v 509.6148 275.9720 077.4729
v 486.3709 272.2151 093.6660
v 485.4957 266.0227 092.4310
f 4504 4505 4506
v 407.6852 174.6601 052.7436
v 414.8883 175.9918 057.3765
v 409.4112 188.9281 057.8435
v 405.9885 186.0460 047.0087
v 438.0854 070.4574 -000.0130
v 435.9048 070.0414 016.6651
v 412.0842 062.7141 018.5461
v 412.6565 064.2027 000.0000
v 388.1998 176.4428 047.6337
v 406.7576 157.2668 053.4997
v 388.6058 155.0141 050.4830
v 408.5564 128.8885 054.4406
v 398.8510 129.7806 053.9537
v 414.1189 100.8775 049.9342
v 404.1657 103.9756 049.6922
v 421.6374 085.2328 040.5873
v 406.8249 079.8926 040.0813
v 431.9799 073.1007 029.1212
v 410.5198 067.2581 030.0001
v 375.8215 220.6683 032.3051
v 387.0548 229.2106 036.8964
v 382.8001 235.2540 023.3341
v 374.5669 226.6001 024.1930
v 378.7342 239.6113 -000.1159
v 371.6360 234.3387 000.0000
v 372.7093 230.8406 015.0049
v 392.2437 197.2461 048.3563
v 381.4876 196.8416 044.3000
v 382.3349 214.1733 042.8356
f 4510 4507 4509
f 4507 4508 4509
f 4511 4512 4514
f 4512 4513 4514
f 4507 4510 4515
f 4517 4516 4515
f 4516 4507 4515
f 4516 4517 4518
f 4518 4517 4519
f 4520 4518 4521
f 4518 4519 4521
f 4521 4523 4520
f 4522 4520 4523
f 4524 4522 4525
f 4522 4523 4525
f 4512 4524 4513
f 4524 4525 4513
f 4528 4529 4527
f 4526 4527 4529
f 4528 4530 4532
f 4530 4531 4532
f 4528 4532 4529
f 4515 4510 4533
f 4534 4515 4533
f 4534 4533 4535
f 4526 4534 4535
f 4526 4535 4527
v 509.6148 275.9720 077.4729
v 482.9566 258.0797 082.1827
v 482.1336 262.1498 078.9636
v 485.6249 259.3812 086.7067
f 4536 4537 4538
f 4536 4539 4537
v 409.4112 188.9281 057.8435
v 423.2341 190.3079 053.4362
v 424.5225 200.8532 077.2641
v 170.0797 -279.4792 082.4250
v 171.8315 -277.5468 092.1796
v 167.8986 -251.3137 089.1745
v 165.5948 -252.0927 084.4269
v 170.5953 -300.6628 083.2630
v 173.4568 -296.5876 098.6396
v -097.2514 -182.2778 037.2649
v -097.7375 -179.3126 049.8747
v -110.8758 -177.0749 047.3033
v -130.5099 -170.8460 048.4230
v -126.6738 -169.1944 055.7922
v -139.7474 -169.3815 057.0541
v -140.6693 -169.7325 045.0399
f 4540 4541 4542
f 4543 4544 4546
f 4544 4545 4546
f 4548 4544 4547
f 4543 4547 4544
f 4552 4549 4551
f 4549 4550 4551
f 4555 4552 4554
f 4552 4553 4554
v -312.0907 -170.7924 043.1829
v -294.1731 -178.7431 044.2574
v -300.8323 -175.9271 065.5672
v -313.9394 -168.7482 063.8546
v -270.9403 -187.9947 050.8775
v -269.9966 -185.0397 057.0070
v -281.1581 -179.8210 071.2737
v -369.7889 -095.1955 009.8793
v -367.6450 -055.1317 007.7574
v -369.9784 -075.9901 008.8664
f 4557 4558 4556
f 4556 4558 4559
f 4557 4560 4558
f 4560 4561 4558
f 4561 4562 4558
f 4563 4564 4565
v -335.8510 181.0253 038.0095
v -341.3372 187.1604 014.2309
v -339.2806 176.9365 000.0000
v -338.0836 181.9691 012.3273
v -334.8274 176.7738 -000.0085
v 414.8927 238.8726 137.6879
v 410.1726 231.2318 143.8163
v 412.9926 230.8770 140.2259
v 414.9438 234.0550 135.3693
v -296.4215 -197.8727 077.6572
v -306.6022 -195.3125 071.9516
v -300.8323 -175.9271 065.5672
v -281.1581 -179.8210 071.2737
v -321.1005 -185.0398 070.0723
v -313.9394 -168.7482 063.8546
v -335.7009 178.1675 007.1216
v -335.7009 178.1675 -007.1216
v -338.0836 181.9691 -012.3273
f 4566 4567 4568
f 4567 4569 4568
f 4568 4569 4570
f 4572 4573 4571
f 4571 4573 4574
f 4578 4575 4577
f 4575 4576 4577
f 4579 4580 4576
f 4576 4580 4577
f 4569 4581 4570
f 4582 4583 4570
