v -300.0000 180.0000 000.0000
v -299.1600 180.0000 -008.1000
v -299.1600 180.0000 008.1000
v -298.9450 166.6162 000.0000
v -298.5000 192.1950 000.0000
v -298.5000 192.1950 000.0000
v -298.1175 166.7844 -008.1000
v -298.1175 166.7844 008.1000
v -297.6687 192.0243 -008.1000
v -297.6687 192.0243 008.1000
v -296.8800 180.0000 -014.4000
v -296.8800 180.0000 014.4000
v -295.8713 167.2406 -014.4000
v -295.8713 167.2406 014.4000
v -295.7600 153.4800 000.0000
v -295.7600 153.4800 000.0000
v -295.4122 191.5609 -014.4000
v -295.4122 191.5609 014.4000
v -294.9693 153.7790 -008.1000
v -294.9693 153.7790 008.1000
v -294.0000 201.9600 000.0000
v -293.5200 180.0000 -018.9000
v -293.5200 180.0000 018.9000
v -293.1958 201.6526 008.1000
v -293.1958 201.6526 -008.1000
v -292.8230 154.5907 -014.4000
v -292.8230 154.5907 014.4000
v -292.5611 167.9131 -018.9000
v -292.5611 167.9131 018.9000
v -292.0870 190.8779 -018.9000
v -292.0870 190.8779 018.9000
v -291.0131 200.8181 -014.4000
v -291.0131 200.8181 014.4000
v -290.4150 140.6137 000.0000
v -290.4150 140.6137 000.0000
v -289.6846 141.0135 008.1000
v -289.6846 141.0135 -008.1000
v -289.6602 155.7869 -018.9000
v -289.6602 155.7869 018.9000
v -289.4400 180.0000 -021.6000
v -289.4400 180.0000 021.6000
v -288.5416 168.7296 -021.6000
v -288.5416 168.7296 021.6000
v -288.0491 190.0487 -021.6000
v -288.0491 190.0487 021.6000
v -287.7965 199.5883 -018.9000
v -287.7965 199.5883 018.9000
v -287.7022 142.0985 -014.4000
v -287.7022 142.0985 014.4000
v -286.5000 209.5650 000.0000
v -285.8195 157.2394 021.6000
v -285.8195 157.2394 -021.6000
v -285.7432 209.1511 -008.1000
v -285.7432 209.1511 008.1000
v -285.0000 180.0000 -022.5000
v -285.0000 180.0000 022.5000
v -284.7806 143.6974 018.9000
v -284.7806 143.6974 -018.9000
v -284.1675 169.6181 022.5000
v -284.1675 169.6181 -022.5000
v -283.8906 198.0950 -021.6000
v -283.8906 198.0950 021.6000
v -283.6889 208.0276 -014.4000
v -283.6889 208.0276 014.4000
v -283.6550 189.1463 -022.5000
v -283.6550 189.1463 022.5000
v -282.8800 128.0400 000.0000
v -282.2326 128.5171 -008.1000
v -282.2326 128.5171 008.1000
v -281.6400 158.8200 -022.5000
v -281.6400 158.8200 022.5000
v -281.2331 145.6390 021.6000
v -281.2331 145.6390 -021.6000
v -280.6615 206.3720 -018.9000
v -280.6615 206.3720 018.9000
v -280.5600 180.0000 -021.6000
v -280.5600 180.0000 021.6000
v -280.4755 129.8122 -014.4000
v -280.4755 129.8122 014.4000
v -279.7934 170.5067 -021.6000
v -279.7934 170.5067 021.6000
v -279.6400 196.4700 022.5000
v -279.6400 196.4700 -022.5000
v -279.2609 188.2438 -021.6000
v -279.2609 188.2438 021.6000
v -277.8861 131.7206 -018.9000
v -277.8861 131.7206 018.9000
v -277.4605 160.4006 021.6000
v -277.4605 160.4006 -021.6000
v -277.3725 147.7519 022.5000
v -277.3725 147.7519 -022.5000
v -276.9854 204.3616 -021.6000
v -276.9854 204.3616 021.6000
v -276.4800 180.0000 -018.9000
v -276.4800 180.0000 018.9000
v -276.0000 215.2800 000.0000
v -276.0000 215.2800 000.0000
v -275.7739 171.3232 -018.9000
v -275.7739 171.3232 018.9000
v -275.3894 194.8450 -021.6000
v -275.3894 194.8450 021.6000
v -275.3123 214.7861 -008.1000
v -275.3123 214.7861 008.1000
v -275.2230 187.4146 -018.9000
v -275.2230 187.4146 018.9000
v -274.7418 134.0381 -021.6000
v -274.7418 134.0381 021.6000
v -273.6198 161.8531 -018.9000
v -273.6198 161.8531 018.9000
v -273.5119 149.8648 021.6000
v -273.5119 149.8648 -021.6000
v -273.4458 213.4454 -014.4000
v -273.4458 213.4454 014.4000
v -273.1250 115.7813 000.0000
v -273.1250 115.7813 000.0000
v -273.1200 180.0000 -014.4000
v -273.1200 180.0000 014.4000
v -272.9850 202.1737 -022.5000
v -272.9850 202.1737 022.5000
v -272.5825 116.3194 008.1000
v -272.5825 116.3194 -008.1000
v -272.4637 171.9956 -014.4000
v -272.4637 171.9956 014.4000
v -271.8978 186.7316 -014.4000
v -271.8978 186.7316 014.4000
v -271.4835 193.3517 -018.9000
v -271.4835 193.3517 018.9000
v -271.3200 136.5600 -022.5000
v -271.3200 136.5600 022.5000
v -271.1100 117.7800 -014.4000
v -271.1100 117.7800 014.4000
v -270.8400 180.0000 -008.1000
v -270.8400 180.0000 008.1000
v -270.6950 211.4698 -018.9000
v -270.6950 211.4698 018.9000
v -270.4570 163.0493 -014.4000
v -270.4570 163.0493 014.4000
v -270.2175 172.4519 -008.1000
v -270.2175 172.4519 008.1000
v -270.0000 180.0000 000.0000
v -269.9644 151.8063 018.9000
v -269.9644 151.8063 -018.9000
v -269.6413 186.2682 -008.1000
v -269.6413 186.2682 008.1000
v -269.3900 172.6200 000.0000
v -268.9846 199.9859 -021.6000
v -268.9846 199.9859 021.6000
v -268.9400 119.9325 -018.9000
v -268.9400 119.9325 018.9000
v -268.8100 186.0975 000.0000
v -268.8100 186.0975 000.0000
v -268.3107 163.8610 -008.1000
v -268.3107 163.8610 008.1000
v -268.2669 192.1219 -014.4000
v -268.2669 192.1219 014.4000
v -267.8982 139.0819 -021.6000
v -267.8982 139.0819 021.6000
v -267.5200 164.1600 000.0000
v -267.5200 164.1600 000.0000
v -267.3549 209.0707 -021.6000
v -267.3549 209.0707 021.6000
v -267.0428 153.4053 -014.4000
v -267.0428 153.4053 014.4000
v -266.3050 122.5463 -021.6000
v -266.3050 122.5463 021.6000
v -266.0842 191.2874 008.1000
v -266.0842 191.2874 -008.1000
v -265.3085 197.9755 -018.9000
v -265.3085 197.9755 018.9000
v -265.2800 190.9800 000.0000
v -265.2800 190.9800 000.0000
v -265.0604 154.4903 008.1000
v -265.0604 154.4903 -008.1000
v -264.7539 141.3994 -018.9000
v -264.7539 141.3994 018.9000
v -264.3300 154.8900 000.0000
v -263.7200 206.4600 -022.5000
v -263.7200 206.4600 022.5000
v -263.4375 125.3906 022.5000
v -263.4375 125.3906 -022.5000
v -262.5000 219.3750 000.0000
v -262.2811 196.3199 -014.4000
v -262.2811 196.3199 014.4000
v -262.1645 143.3078 -014.4000
v -262.1645 143.3078 014.4000
v -261.9050 218.8238 -008.1000
v -261.9050 218.8238 008.1000
v -261.1200 103.8600 000.0000
v -261.1200 103.8600 000.0000
v -260.7034 104.4497 008.1000
v -260.7034 104.4497 -008.1000
v -260.5700 128.2350 -021.6000
v -260.5700 128.2350 021.6000
v -260.4074 144.6029 -008.1000
v -260.4074 144.6029 008.1000
v -260.2900 217.3275 -014.4000
v -260.2900 217.3275 014.4000
v -260.2268 195.1964 -008.1000
v -260.2268 195.1964 008.1000
v -260.0851 203.8493 -021.6000
v -260.0851 203.8493 021.6000
v -259.7600 145.0800 000.0000
v -259.5725 106.0502 -014.4000
v -259.5725 106.0502 014.4000
v -259.4700 194.7825 000.0000
v -257.9350 130.8488 -018.9000
v -257.9350 130.8488 018.9000
v -257.9100 215.1225 -018.9000
v -257.9100 215.1225 018.9000
v -257.9059 108.4090 -018.9000
v -257.9059 108.4090 018.9000
v -256.7450 201.4502 -018.9000
v -256.7450 201.4502 018.9000
v -255.8822 111.2731 021.6000
v -255.8822 111.2731 -021.6000
v -255.7650 133.0013 -014.4000
v -255.7650 133.0013 014.4000
v -255.0200 212.4450 -021.6000
v -255.0200 212.4450 021.6000
v -254.2925 134.4619 008.1000
v -254.2925 134.4619 -008.1000
v -253.9942 199.4746 -014.4000
v -253.9942 199.4746 014.4000
v -253.7500 135.0000 000.0000
v -253.7500 135.0000 000.0000
v -253.6800 114.3900 022.5000
v -253.6800 114.3900 -022.5000
v -252.1277 198.1339 -008.1000
v -252.1277 198.1339 008.1000
v -251.8750 209.5312 -022.5000
v -251.8750 209.5312 022.5000
v -251.4778 117.5069 021.6000
v -251.4778 117.5069 -021.6000
v -251.4400 197.6400 000.0000
v -251.4400 197.6400 000.0000
v -249.4541 120.3710 -018.9000
v -249.4541 120.3710 018.9000
v -248.7300 206.6175 -021.6000
v -248.7300 206.6175 021.6000
v -247.7875 122.7298 -014.4000
v -247.7875 122.7298 014.4000
v -246.8350 092.2987 000.0000
v -246.6566 124.3303 008.1000
v -246.6566 124.3303 -008.1000
v -246.5644 092.9375 -008.1000
v -246.5644 092.9375 008.1000
v -246.2400 124.9200 000.0000
v -246.2400 124.9200 000.0000
v -246.0000 222.1200 000.0000
v -246.0000 222.1200 000.0000
v -245.8400 203.9400 -018.9000
v -245.8400 203.9400 018.9000
v -245.8298 094.6711 -014.4000
v -245.8298 094.6711 014.4000
v -245.5229 221.5303 -008.1000
v -245.5229 221.5303 008.1000
v -244.7474 097.2260 018.9000
v -244.7474 097.2260 -018.9000
v -244.2278 219.9298 -014.4000
v -244.2278 219.9298 014.4000
v -243.4600 201.7350 -014.4000
v -243.4600 201.7350 014.4000
v -243.4329 100.3283 -021.6000
v -243.4329 100.3283 021.6000
v -242.3194 217.5710 -018.9000
v -242.3194 217.5710 018.9000
v -242.0025 103.7044 -022.5000
v -242.0025 103.7044 022.5000
v -241.8450 200.2387 -008.1000
v -241.8450 200.2388 008.1000
v -241.2500 199.6875 000.0000
v -241.2500 199.6875 000.0000
v -240.5721 107.0804 -021.6000
v -240.5721 107.0804 021.6000
v -240.0019 214.7069 -021.6000
v -240.0019 214.7069 021.6000
v -239.2576 110.1828 -018.9000
v -239.2576 110.1828 018.9000
v -238.1752 112.7376 -014.4000
v -238.1752 112.7376 014.4000
v -237.4800 211.5900 -022.5000
v -237.4800 211.5900 022.5000
v -237.4406 114.4713 008.1000
v -237.4406 114.4713 -008.1000
v -237.1700 115.1100 000.0000
v -234.9581 208.4731 -021.6000
v -234.9581 208.4731 021.6000
v -232.6406 205.6090 -018.9000
v -232.6406 205.6090 018.9000
v -230.7322 203.2502 -014.4000
v -230.7322 203.2502 014.4000
v -230.2400 081.1200 000.0000
v -230.2400 081.1200 000.0000
v -230.1347 081.8122 008.1000
v -230.1347 081.8122 -008.1000
v -229.8490 083.6909 014.4000
v -229.8490 083.6909 -014.4000
v -229.4371 201.6497 -008.1000
v -229.4371 201.6497 008.1000
v -229.4278 086.4595 018.9000
v -229.4278 086.4595 -018.9000
v -228.9600 201.0600 000.0000
v -228.9600 201.0600 000.0000
v -228.9165 089.8214 021.6000
v -228.9165 089.8214 -021.6000
v -228.3600 093.4800 022.5000
v -228.3600 093.4800 -022.5000
v -227.8035 097.1386 021.6000
v -227.8035 097.1386 -021.6000
v -227.2922 100.5005 018.9000
v -227.2922 100.5005 -018.9000
v -226.8710 103.2691 -014.4000
v -226.8710 103.2691 014.4000
v -226.5853 105.1478 008.1000
v -226.5853 105.1478 -008.1000
v -226.5000 223.7850 000.0000
v -226.4800 105.8400 000.0000
v -226.4800 105.8400 000.0000
v -226.1676 223.1720 -008.1000
v -226.1676 223.1720 008.1000
v -225.2655 221.5082 -014.4000
v -225.2655 221.5082 014.4000
v -223.9361 219.0562 -018.9000
v -223.9361 219.0562 018.9000
v -222.3218 216.0788 -021.6000
v -222.3218 216.0788 021.6000
v -220.5650 212.8387 022.5000
v -220.5650 212.8388 -022.5000
v -218.8082 209.5987 -021.6000
v -218.8082 209.5987 021.6000
v -217.1939 206.6213 -018.9000
v -217.1939 206.6213 018.9000
v -215.8645 204.1693 -014.4000
v -215.8645 204.1693 014.4000
v -214.9624 202.5055 -008.1000
v -214.9624 202.5055 008.1000
v -214.6300 201.8925 000.0000
v -214.1100 097.3800 000.0000
v -214.1100 097.3800 000.0000
v -214.0315 096.6231 008.1000
v -214.0315 096.6231 -008.1000
v -213.8183 094.5685 014.4000
v -213.8183 094.5685 -014.4000
v -213.5041 091.5407 018.9000
v -213.5041 091.5407 -018.9000
v -213.1226 087.8641 021.6000
v -213.1226 087.8641 -021.6000
v -212.7075 083.8631 022.5000
v -212.7075 083.8631 -022.5000
v -212.2924 079.8621 021.6000
v -212.2924 079.8621 -021.6000
v -211.9109 076.1855 018.9000
v -211.9109 076.1855 -018.9000
v -211.5967 073.1578 014.4000
v -211.5967 073.1578 -014.4000
v -211.3835 071.1032 008.1000
v -211.3835 071.1032 -008.1000
v -211.3050 070.3463 000.0000
v -211.3050 070.3463 000.0000
v -204.0000 224.6400 000.0000
v -204.0000 224.6400 000.0000
v -203.8410 224.0150 -008.1000
v -203.8410 224.0150 008.1000
v -203.4093 222.3187 -014.4000
v -203.4093 222.3187 014.4000
v -202.7731 219.8189 -018.9000
v -202.7731 219.8189 018.9000
v -202.0006 216.7834 021.6000
v -202.0006 216.7834 -021.6000
v -201.1600 213.4800 022.5000
v -201.1600 213.4800 -022.5000
v -200.3194 210.1766 021.6000
v -200.3194 210.1766 -021.6000
v -200.0000 090.0000 000.0000
v -200.0000 090.0000 000.0000
v -200.0000 090.0000 000.0000
v -199.7200 089.1600 008.1000
v -199.7200 089.1600 -008.1000
v -199.5469 207.1411 -018.9000
v -199.5469 207.1411 018.9000
v -199.2750 103.7175 -000.0000
v -199.2750 103.7175 000.0000
v -198.9600 086.8800 014.4000
v -198.9600 086.8800 -014.4000
v -198.9107 204.6413 014.4000
v -198.9107 204.6413 -014.4000
v -198.6000 077.1675 000.0000
v -198.6000 077.1675 000.0000
v -198.4790 202.9450 -008.1000
v -198.4790 202.9450 008.1000
v -198.3200 202.3200 000.0000
v -198.3200 202.3200 000.0000
v -197.8400 083.5200 018.9000
v -197.8400 083.5200 -018.9000
v -197.4240 090.0000 -032.8160
v -197.4240 090.0000 -032.8160
v -197.4240 090.0000 032.8160
v -197.2000 117.8400 -000.0000
v -197.2000 117.8400 000.0000
v -196.7083 103.7175 -032.6970
v -196.7083 103.7175 032.6970
v -196.4800 079.4400 021.6000
v -196.4800 079.4400 -021.6000
v -196.0420 077.1675 -032.5863
v -196.0420 077.1675 032.5863
v -195.0000 075.0000 -022.5000
v -195.0000 075.0000 022.5000
v -194.8000 065.6400 000.0000
v -194.8000 065.6400 000.0000
v -194.6601 117.8400 -032.3566
v -194.6601 117.8400 032.3566
v -193.9250 132.3225 000.0000
v -193.9250 132.3225 000.0000
v -193.5200 070.5600 021.6000
v -193.5200 070.5600 -021.6000
v -192.2910 065.6400 -031.9628
v -192.2910 065.6400 031.9628
v -192.1600 066.4800 018.9000
v -192.1600 066.4800 -018.9000
v -191.4272 132.3225 -031.8192
v -191.4272 132.3225 031.8192
v -191.0400 063.1200 014.4000
v -191.0400 063.1200 -014.4000
v -190.2800 060.8400 008.1000
v -190.2800 060.8400 -008.1000
v -190.0000 060.0000 000.0000
v -190.0000 060.0000 000.0000
v -189.9520 090.0000 -063.8080
v -189.9520 090.0000 -063.8080
v -189.9520 090.0000 063.8080
v -189.9520 090.0000 063.8080
v -189.6000 147.1200 000.0000
v -189.6000 147.1200 000.0000
v -189.2634 103.7175 -063.5767
v -189.2634 103.7175 063.5767
v -189.2000 055.3725 000.0000
v -189.2000 055.3725 000.0000
v -188.6223 077.1675 -063.3613
v -188.6223 077.1675 063.3613
v -187.2927 117.8400 -062.9147
v -187.2927 117.8400 062.9147
v -187.1580 147.1200 -031.1096
v -187.1580 147.1200 031.1096
v -186.7631 055.3725 -031.0439
v -186.7631 055.3725 031.0439
v -185.0132 065.6400 -062.1490
v -185.0132 065.6400 062.1490
v -184.3750 162.1875 000.0000
v -184.3750 162.1875 000.0000
v -184.1822 132.3225 -061.8698
v -184.1822 132.3225 061.8698
v -182.4000 046.3200 -000.0000
v -182.4000 046.3200 000.0000
v -182.0003 162.1875 -030.2522
v -182.0003 162.1875 030.2523
v -180.0900 202.4775 000.0000
v -180.0745 147.1200 -060.4900
v -180.0745 147.1200 060.4900
v -180.0507 046.3200 -029.9282
v -180.0507 046.3200 029.9282
v -180.0455 203.1069 -008.1000
v -180.0455 203.1069 008.1000
v -179.9246 204.8152 -014.4000
v -179.9246 204.8152 014.4000
v -179.7466 207.3326 -018.9000
v -179.7466 207.3326 018.9000
v -179.6946 055.3725 -060.3624
v -179.6946 055.3725 060.3624
v -179.5303 210.3896 -021.6000
v -179.5303 210.3896 021.6000
v -179.2950 213.7163 -022.5000
v -179.2950 213.7163 022.5000
v -179.0597 217.0429 -021.6000
v -179.0597 217.0429 021.6000
v -178.8434 220.0999 -018.9000
v -178.8434 220.0999 018.9000
v -178.6654 222.6173 -014.4000
v -178.6654 222.6173 014.4000
v -178.5445 224.3256 -008.1000
v -178.5445 224.3256 008.1000
v -178.5000 224.9550 000.0000
v -178.4000 177.4800 -000.0000
v -178.4000 177.4800 000.0000
v -177.9680 090.0000 -092.5920
v -177.9680 090.0000 -092.5920
v -177.9680 090.0000 092.5920
v -177.9680 090.0000 092.5920
v -177.3229 103.7175 -092.2564
v -177.3229 103.7175 092.2564
v -176.7222 077.1675 -091.9439
v -176.7222 077.1675 091.9439
v -176.1022 177.4800 -029.2719
v -176.1022 177.4800 029.2719
v -175.4764 117.8400 -091.2957
v -175.4764 117.8400 091.2957
v -175.1120 162.1875 -058.8230
v -175.1120 162.1875 058.8230
v -175.0000 038.4375 -000.0000
v -175.0000 038.4375 000.0000
v -173.3408 065.6400 -090.1846
v -173.3408 065.6400 090.1846
v -173.2362 046.3200 -058.1929
v -173.2362 046.3200 058.1929
v -172.7460 038.4375 -028.7140
v -172.7460 038.4375 028.7140
v -172.5622 132.3225 -089.7795
v -172.5622 132.3225 089.7795
v -171.8250 192.9525 -000.0000
v -171.8250 192.9525 000.0000
v -169.6119 192.9525 -028.1930
v -169.6119 192.9525 028.1930
v -169.4372 177.4800 -056.9167
v -169.4372 177.4800 056.9167
v -168.7137 147.1200 -087.7772
v -168.7137 147.1200 087.7772
v -168.3577 055.3725 -087.5920
v -168.3577 055.3725 087.5920
v -167.6000 031.6800 000.0000
v -167.6000 031.6800 000.0000
v -166.2080 038.4375 -055.8320
v -166.2080 038.4375 055.8320
v -165.4413 031.6800 -027.4998
v -165.4413 031.6800 027.4998
v -164.8000 208.5600 000.0000
v -164.8000 208.5600 000.0000
v -164.0643 162.1875 -085.3583
v -164.0643 162.1875 085.3583
v -163.1925 192.9525 -054.8190
v -163.1925 192.9525 054.8190
v -162.6774 208.5600 -027.0404
v -162.6774 208.5600 027.0404
v -162.3068 046.3200 -084.4439
v -162.3068 046.3200 084.4439
v -161.8560 090.0000 -118.7840
v -161.8560 090.0000 -118.7840
v -161.8560 090.0000 118.7840
v -161.8560 090.0000 118.7840
v -161.2693 103.7175 -118.3534
v -161.2693 103.7175 118.3534
v -160.8000 026.0025 -000.0000
v -160.8000 026.0025 000.0000
v -160.7230 077.1675 -117.9525
v -160.7230 077.1675 117.9525
v -160.0000 202.5000 000.0000
v -159.7200 203.1300 -008.1000
v -159.7200 203.1300 008.1000
v -159.5900 117.8400 -117.1210
v -159.5900 117.8400 117.1210
v -159.1798 031.6800 -053.4711
v -159.1798 031.6800 053.4711
v -158.9600 204.8400 -014.4000
v -158.9600 204.8400 014.4000
v -158.7475 177.4800 -082.5921
v -158.7475 177.4800 082.5921
v -158.7289 026.0025 026.3841
v -158.7289 026.0025 -026.3841
v -157.8400 207.3600 -018.9000
v -157.8400 207.3600 018.9000
v -157.6477 065.6400 -115.6956
v -157.6477 065.6400 115.6956
v -157.4750 224.2575 000.0000
v -157.4750 224.2575 000.0000
v -156.9396 132.3225 -115.1759
v -156.9396 132.3225 115.1759
v -156.5204 208.5600 -052.5778
v -156.5204 208.5600 052.5778
v -156.4800 210.4200 -021.6000
v -156.4800 210.4200 021.6000
v -155.7220 038.4375 -081.0180
v -155.7220 038.4375 081.0180
v -155.4467 224.2575 -025.8385
v -155.4467 224.2575 025.8385
v -155.2000 021.3600 000.0000
v -155.2000 021.3600 000.0000
v -155.0000 213.7500 -022.5000
v -155.0000 213.7500 022.5000
v -153.5200 217.0800 -021.6000
v -153.5200 217.0800 021.6000
v -153.4395 147.1200 -112.6072
v -153.4395 147.1200 112.6072
v -153.2010 021.3600 025.4652
v -153.2010 021.3600 -025.4652
v -153.1158 055.3725 -112.3697
v -153.1158 055.3725 112.3697
v -152.8968 192.9525 -079.5481
v -152.8968 192.9525 079.5481
v -152.7214 026.0025 -051.3016
v -152.7214 026.0025 051.3016
v -152.1600 220.1400 -018.9000
v -152.1600 220.1400 018.9000
v -151.4000 017.7075 000.0000
v -151.4000 017.7075 000.0000
v -151.0400 222.6600 -014.4000
v -151.0400 222.6600 014.4000
v -150.2800 224.3700 -008.1000
v -150.2800 224.3700 008.1000
v -150.0000 240.0000 000.0000
v -150.0000 015.0000 000.0000
v -150.0000 225.0000 000.0000
v -150.0000 240.0000 000.0000
v -150.0000 015.0000 000.0000
v -149.6475 012.7575 -000.0000
v -149.6475 012.7575 000.0000
v -149.5635 224.2575 -050.2408
v -149.5635 224.2575 050.2408
v -149.4500 017.7075 024.8417
v -149.4500 017.7075 -024.8417
v -149.2110 162.1875 -109.5040
v -149.2110 162.1875 109.5040
v -149.1372 031.6800 -077.5921
v -149.1372 031.6800 077.5921
v -148.0800 010.5600 000.0000
v -148.0800 010.5600 -000.0000
v -148.0680 240.0000 -024.6120
v -148.0680 015.0000 024.6120
v -148.0680 240.0000 024.6120
v -148.0680 015.0000 -024.6120
v -148.0680 015.0000 -024.6120
v -148.0680 015.0000 024.6120
v -148.0325 243.5437 000.0000
v -148.0325 243.5437 000.0000
v -147.7200 012.7575 024.5542
v -147.7200 012.7575 -024.5542
v -147.6127 046.3200 -108.3310
v -147.6127 046.3200 108.3310
v -147.4028 021.3600 049.5150
v -147.4028 021.3600 -049.5150
v -146.6456 208.5600 -076.2958
v -146.6456 208.5600 076.2958
v -146.1727 010.5600 -024.2970
v -146.1727 010.5600 024.2970
v -146.1258 243.5437 -024.2892
v -146.1258 243.5437 024.2892
v -145.9600 246.3000 000.0000
v -145.9600 246.3000 000.0000
v -144.5325 008.4525 000.0000
v -144.5325 008.4525 000.0000
v -144.3756 177.4800 -105.9553
v -144.3756 177.4800 105.9553
v -144.0800 246.3000 -023.9491
v -144.0800 246.3000 023.9491
v -143.9025 248.2687 000.0000
v -143.7937 017.7075 048.3027
v -143.7937 017.7075 -048.3027
v -143.0863 026.0025 074.4440
v -143.0863 026.0025 -074.4440
v -142.6709 008.4525 -023.7149
v -142.6709 008.4525 023.7149
v -142.4640 240.0000 -047.8560
v -142.4640 015.0000 -047.8560
v -142.4640 015.0000 -047.8560
v -142.4640 015.0000 047.8560
v -142.4640 015.0000 047.8560
v -142.4640 240.0000 047.8560
v -142.1292 012.7575 047.7435
v -142.1292 012.7575 -047.7435
v -142.0490 248.2687 -023.6115
v -142.0490 248.2687 023.6115
v -142.0000 090.0000 -142.0000
v -142.0000 090.0000 -142.0000
v -142.0000 090.0000 142.0000
v -142.0000 090.0000 142.0000
v -141.9800 249.4500 000.0000
v -141.9800 249.4500 000.0000
v -141.6240 038.4375 -103.9360
v -141.6240 038.4375 103.9360
v -141.4853 103.7175 -141.4853
v -141.4853 103.7175 141.4853
v -141.0060 077.1675 -141.0060
v -141.0060 077.1675 141.0060
v -140.6405 010.5600 -047.2434
v -140.6405 010.5600 047.2434
v -140.5953 243.5437 -047.2283
v -140.5953 243.5437 047.2283
v -140.3125 249.8438 000.0000
v -140.3125 249.8438 000.0000
v -140.1513 249.4500 -023.2961
v -140.1513 249.4500 023.2961
v -140.1276 224.2575 -072.9046
v -140.1276 224.2575 072.9046
v -140.0120 117.8400 -140.0120
v -140.0120 117.8400 140.0120
v -140.0000 240.0000 000.0000
v -140.0000 240.0000 000.0000
v -139.0545 192.9525 -102.0503
v -139.0545 192.9525 102.0503
v -139.0200 249.4500 000.0000
v -139.0200 249.4500 000.0000
v -138.6270 246.3000 -046.5671
v -138.6270 246.3000 046.5671
v -138.5925 243.5437 000.0000
v -138.5925 243.5437 000.0000
v -138.5053 249.8438 -023.0225
v -138.5053 249.8438 023.0225
v -138.3080 065.6400 -138.3080
v -138.3080 065.6400 138.3080
v -138.2400 006.4800 -000.0000
v -138.2400 006.4800 000.0000
v -138.2225 248.2687 -000.0000
v -138.2225 248.2687 000.0000
v -138.1968 240.0000 -022.9712
v -138.1968 240.0000 022.9712
v -138.1032 021.3600 071.8514
v -138.1032 021.3600 -071.8514
v -138.0400 246.3000 000.0000
v -138.0400 246.3000 000.0000
v -137.6868 132.3225 -137.6867
v -137.6867 132.3225 137.6868
v -137.2712 008.4525 -046.1116
v -137.2712 008.4525 046.1116
v -137.2294 249.4500 -022.8104
v -137.2294 249.4500 022.8104
v -136.8074 243.5437 -022.7403
v -136.8074 243.5437 022.7403
v -136.6728 248.2687 -045.9107
v -136.6728 248.2687 045.9107
v -136.4595 006.4800 -022.6824
v -136.4595 006.4800 022.6824
v -136.4422 248.2687 -022.6795
v -136.4422 248.2687 022.6795
v -136.2620 246.3000 -022.6496
v -136.2620 246.3000 022.6496
v -135.6353 031.6800 -099.5410
v -135.6353 031.6800 099.5410
v -134.8469 249.4500 -045.2973
v -134.8469 249.4500 045.2973
v -134.7218 017.7075 070.0921
v -134.7218 017.7075 -070.0921
v -134.6160 147.1200 -134.6160
v -134.6160 147.1200 134.6160
v -134.3320 055.3725 -134.3320
v -134.3320 055.3725 134.3320
v -133.4760 240.0000 -069.4440
v -133.4760 015.0000 -069.4440
v -133.4760 015.0000 069.4440
v -133.4760 015.0000 069.4440
v -133.4760 240.0000 069.4440
v -133.4760 015.0000 -069.4440
v -133.3693 208.5600 -097.8780
v -133.3693 208.5600 097.8780
v -133.2632 249.8438 -044.7653
v -133.2632 249.8438 044.7653
v -133.1623 012.7575 069.2808
v -133.1623 012.7575 -069.2808
v -132.9664 240.0000 -044.6656
v -132.9664 240.0000 044.6656
v -132.0356 249.4500 -044.3529
v -132.0356 249.4500 044.3529
v -131.7675 010.5600 -068.5551
v -131.7675 010.5600 068.5551
v -131.7252 243.5437 -068.5331
v -131.7252 243.5437 068.5331
v -131.6296 243.5437 -044.2166
v -131.6296 243.5437 044.2166
v -131.2948 006.4800 044.1041
v -131.2948 006.4800 -044.1041
v -131.2782 248.2687 -044.0985
v -131.2782 248.2687 044.0985
v -131.1049 246.3000 -044.0403
v -131.1049 246.3000 044.0403
v -130.9063 162.1875 -130.9063
v -130.9063 162.1875 130.9063
v -130.1322 026.0025 095.5023
v -130.1322 026.0025 -095.5023
v -130.0000 240.0000 000.0000
v -130.0000 240.0000 000.0000
v -129.8810 246.3000 -067.5736
v -129.8810 246.3000 067.5736
v -129.5040 046.3200 -129.5040
v -129.5040 046.3200 129.5040
v -128.6108 008.4525 -066.9128
v -128.6108 008.4525 066.9128
v -128.4375 004.6875 000.0000
v -128.4375 004.6875 000.0000
v -128.3256 240.0000 -021.3304
v -128.3256 240.0000 021.3304
v -128.0502 248.2687 -066.6211
v -128.0502 248.2687 066.6211
v -127.4600 244.0800 000.0000
v -127.4600 244.0800 000.0000
v -127.4414 224.2575 -093.5276
v -127.4414 224.2575 093.5276
v -126.7832 004.6875 -021.0740
v -126.7832 004.6875 021.0740
v -126.6640 177.4800 -126.6640
v -126.6640 177.4800 126.6640
v -126.3395 249.4500 -065.7311
v -126.3395 249.4500 065.7311
v -125.8183 244.0800 020.9136
v -125.8183 244.0800 -020.9136
v -125.6003 021.3600 092.1764
v -125.6003 021.3600 -092.1764
v -124.8557 249.8438 -064.9591
v -124.8557 249.8438 064.9591
v -124.5776 240.0000 -064.8144
v -124.5776 240.0000 064.8144
v -124.2500 038.4375 -124.2500
v -124.2500 038.4375 124.2500
v -123.7056 249.4500 -064.3607
v -123.7056 249.4500 064.3607
v -123.4688 240.0000 -041.4752
v -123.4688 240.0000 041.4752
v -123.3252 243.5437 -064.1628
v -123.3252 243.5437 064.1628
v -123.0115 006.4800 -063.9996
v -123.0115 006.4800 063.9996
v -122.9959 248.2687 -063.9915
v -122.9959 248.2687 063.9915
v -122.8335 246.3000 -063.9070
v -122.8335 246.3000 063.9070
v -122.5250 017.7075 089.9195
v -122.5250 017.7075 -089.9195
v -121.9958 192.9525 121.9958
v -121.9958 192.9525 -121.9958
v -121.9848 004.6875 -040.9767
v -121.9848 004.6875 040.9767
v -121.3920 240.0000 -089.0880
v -121.3920 015.0000 -089.0880
v -121.3920 015.0000 -089.0880
v -121.3920 015.0000 089.0880
v -121.3920 015.0000 089.0880
v -121.3920 240.0000 089.0880
v -121.1067 012.7575 088.8786
v -121.1067 012.7575 -088.8786
v -121.0564 244.0800 040.6648
v -121.0564 244.0800 -040.6648
v -120.4800 247.4400 000.0000
v -120.4800 247.4400 000.0000
v -119.8382 010.5600 -087.9477
v -119.8382 010.5600 087.9477
v -119.7997 243.5437 -087.9195
v -119.7997 243.5437 087.9195
v -118.9960 031.6800 -118.9960
v -118.9960 031.6800 118.9960
v -118.9282 247.4400 -019.7684
v -118.9282 247.4400 019.7684
v -118.7840 090.0000 -161.8560
v -118.7840 090.0000 -161.8560
v -118.7840 090.0000 161.8560
v -118.7840 090.0000 161.8560
v -118.3534 103.7175 -161.2693
v -118.3534 103.7175 161.2693
v -118.1225 246.3000 -086.6886
v -118.1225 246.3000 086.6886
v -117.9525 077.1675 -160.7230
v -117.9525 077.1675 160.7230
v -117.1210 117.8400 -159.5900
v -117.1210 117.8400 159.5900
v -117.0080 208.5600 -117.0080
v -117.0080 208.5600 117.0080
v -116.9673 008.4525 -085.8407
v -116.9673 008.4525 085.8407
v -116.4574 248.2687 -085.4666
v -116.4574 248.2687 085.4666
v -115.6956 065.6400 -157.6477
v -115.6956 065.6400 157.6477
v -115.6792 240.0000 -060.1848
v -115.6792 240.0000 060.1848
v -115.1759 132.3225 -156.9396
v -115.1759 132.3225 156.9396
v -114.9016 249.4500 -084.3248
v -114.9016 249.4500 084.3248
v -114.4271 247.4400 -038.4379
v -114.4271 247.4400 038.4379
v -114.3600 003.1200 000.0000
v -114.3600 003.1200 000.0000
v -114.2888 004.6875 -059.4614
v -114.2888 004.6875 059.4614
v -114.1680 026.0025 114.1680
v -114.1680 026.0025 -114.1680
v -113.5521 249.8438 -083.3344
v -113.5521 249.8438 083.3344
v -113.4190 244.0800 059.0089
v -113.4190 244.0800 -059.0089
v -113.2992 240.0000 -083.1488
v -113.2992 240.0000 083.1488
v -112.8870 003.1200 -018.7642
v -112.8870 003.1200 018.7642
v -112.6072 147.1200 -153.4395
v -112.6072 147.1200 153.4395
v -112.5061 249.4500 -082.5668
v -112.5061 249.4500 082.5668
v -112.3697 055.3725 -153.1158
v -112.3697 055.3725 153.1158
v -112.1601 243.5437 -082.3129
v -112.1601 243.5437 082.3129
v -111.8749 006.4800 -082.1035
v -111.8749 006.4800 082.1035
v -111.8607 248.2687 -082.0931
v -111.8607 248.2687 082.0931
v -111.8073 224.2575 -111.8073
v -111.8073 224.2575 111.8073
v -111.7130 246.3000 -081.9847
v -111.7130 246.3000 081.9847
v -110.1920 021.3600 110.1920
v -110.1920 021.3600 -110.1920
v -110.0200 250.2600 000.0000
v -110.0200 250.2600 000.0000
v -109.5040 162.1875 -149.2110
v -109.5040 162.1875 149.2110
v -108.6146 003.1200 036.4854
v -108.6146 003.1200 -036.4854
v -108.6029 250.2600 018.0521
v -108.6029 250.2600 -018.0521
v -108.3310 046.3200 -147.6127
v -108.3310 046.3200 147.6127
v -107.4940 017.7075 -107.4940
v -107.4940 017.7075 107.4940
v -107.2079 247.4400 -055.7774
v -107.2079 247.4400 055.7774
v -106.5000 240.0000 -106.5000
v -106.5000 015.0000 -106.5000
v -106.5000 015.0000 106.5000
v -106.5000 240.0000 106.5000
v -106.2497 012.7575 106.2497
v -106.2497 012.7575 -106.2497
v -105.9553 177.4800 -144.3756
v -105.9553 177.4800 144.3756
v -105.2064 240.0000 -077.2096
v -105.2064 240.0000 077.2096
v -105.1368 010.5600 -105.1368
v -105.1368 010.5600 105.1368
v -105.1031 243.5437 -105.1031
v -105.1031 243.5437 105.1031
v -104.4926 250.2600 -035.1008
v -104.4926 250.2600 035.1008
v -103.9419 004.6875 -076.2816
v -103.9419 004.6875 076.2816
v -103.9360 038.4375 -141.6240
v -103.9360 038.4375 141.6240
v -103.6316 246.3000 -103.6316
v -103.6316 246.3000 103.6316
v -103.1508 244.0800 075.7010
v -103.1508 244.0800 -075.7010
v -102.6181 008.4525 -102.6181
v -102.6181 008.4525 102.6181
v -102.1708 248.2687 -102.1708
v -102.1708 248.2687 102.1708
v -102.0503 192.9525 -139.0545
v -102.0503 192.9525 139.0545
v -101.7621 003.1200 052.9441
v -101.7621 003.1200 -052.9441
v -100.8058 249.4500 -100.8058
v -100.8058 249.4500 100.8058
v -099.6219 249.8438 -099.6219
v -099.6219 249.8438 099.6219
v -099.5410 031.6800 -135.6353
v -099.5410 031.6800 135.6353
v -099.4000 240.0000 -099.4000
v -099.4000 240.0000 099.4000
v -098.7042 249.4500 -098.7042
v -098.7042 249.4500 098.7042
v -098.4007 243.5437 -098.4007
v -098.4007 243.5437 098.4007
v -098.1504 006.4800 098.1504
v -098.1504 006.4800 -098.1504
v -098.1380 248.2687 -098.1380
v -098.1380 248.2687 098.1380
v -098.0084 246.3000 -098.0084
v -098.0084 246.3000 098.0084
v -097.9002 250.2600 050.9349
v -097.9002 250.2600 -050.9349
v -097.8780 208.5600 -133.3693
v -097.8780 208.5600 133.3693
v -097.5021 247.4400 -071.5555
v -097.5021 247.4400 071.5555
v -097.0400 252.7200 000.0000
v -097.0400 252.7200 000.0000
v -095.7901 252.7200 -015.9223
v -095.7901 252.7200 015.9223
v -095.5023 026.0025 130.1322
v -095.5023 026.0025 -130.1322
v -095.2425 001.8225 -000.0000
v -095.2425 001.8225 000.0000
v -094.0158 001.8225 015.6274
v -094.0158 001.8225 -015.6274
v -093.5276 224.2575 -127.4414
v -093.5276 224.2575 127.4414
v -092.5920 090.0000 -177.9680
v -092.5920 090.0000 177.9680
v -092.5920 090.0000 177.9680
v -092.5920 090.0000 -177.9680
v -092.5493 003.1200 067.9207
v -092.5493 003.1200 -067.9207
v -092.3000 240.0000 -092.3000
v -092.3000 240.0000 092.3000
v -092.2564 103.7175 177.3229
v -092.2564 103.7175 -177.3229
v -092.1764 021.3600 125.6003
v -092.1764 021.3600 -125.6003
v -092.1647 252.7200 -030.9596
v -092.1647 252.7200 030.9596
v -091.9439 077.1675 -176.7222
v -091.9439 077.1675 176.7222
v -091.2957 117.8400 -175.4764
v -091.2957 117.8400 175.4764
v -091.1906 004.6875 -091.1906
v -091.1906 004.6875 091.1906
v -090.4966 244.0800 090.4966
v -090.4966 244.0800 -090.4966
v -090.4575 001.8225 030.3862
v -090.4575 001.8225 -030.3862
v -090.1846 065.6400 -173.3408
v -090.1846 065.6400 173.3408
v -089.9195 017.7075 122.5250
v -089.9195 017.7075 -122.5250
v -089.7795 132.3225 -172.5622
v -089.7795 132.3225 172.5622
v -089.0880 015.0000 -121.3920
v -089.0880 015.0000 121.3920
v -089.0880 240.0000 -121.3920
v -089.0880 015.0000 -121.3920
v -089.0880 015.0000 121.3920
v -089.0880 240.0000 121.3920
v -089.0370 250.2600 -065.3431
v -089.0370 250.2600 065.3431
v -088.8786 012.7575 121.1067
v -088.8786 012.7575 -121.1067
v -087.9477 010.5600 -119.8382
v -087.9477 010.5600 119.8382
v -087.9195 243.5437 -119.7997
v -087.9195 243.5437 119.7997
v -087.7772 147.1200 -168.7137
v -087.7772 147.1200 168.7137
v -087.5920 055.3725 -168.3577
v -087.5920 055.3725 168.3577
v -086.6886 246.3000 -118.1225
v -086.6886 246.3000 118.1225
v -086.3501 252.7200 -044.9256
v -086.3501 252.7200 044.9256
v -085.8407 008.4525 -116.9673
v -085.8407 008.4525 116.9673
v -085.5408 247.4400 -085.5408
v -085.5408 247.4400 085.5408
v -085.4666 248.2687 -116.4574
v -085.4666 248.2687 116.4574
v -085.3583 162.1875 -164.0643
v -085.3583 162.1875 164.0643
v -084.7506 001.8225 -044.0935
v -084.7506 001.8225 044.0935
v -084.4439 046.3200 162.3068
v -084.4439 046.3200 -162.3068
v -084.3248 249.4500 -114.9016
v -084.3248 249.4500 114.9016
v -083.3344 249.8438 -113.5521
v -083.3344 249.8438 113.5521
v -083.1488 240.0000 -113.2992
v -083.1488 240.0000 113.2992
v -082.5921 177.4800 158.7475
v -082.5921 177.4800 -158.7475
v -082.5668 249.4500 -112.5061
v -082.5668 249.4500 112.5061
v -082.5000 255.0000 000.0000
v -082.5000 255.0000 000.0000
v -082.3129 243.5437 -112.1601
v -082.3129 243.5437 112.1601
v -082.1035 006.4800 111.8749
v -082.1035 006.4800 -111.8749
v -082.0931 248.2687 111.8607
v -082.0931 248.2687 -111.8607
v -081.9847 246.3000 -111.7130
v -081.9847 246.3000 111.7130
v -081.4374 255.0000 -013.5366
v -081.4374 255.0000 013.5366
v -081.1956 003.1200 081.1956
v -081.1956 003.1200 -081.1956
v -081.0180 038.4375 155.7220
v -081.0180 038.4375 -155.7220
v -079.5481 192.9525 152.8968
v -079.5481 192.9525 -152.8968
v -078.5325 252.7200 -057.6340
v -078.5325 252.7200 057.6340
v -078.3552 255.0000 -026.3208
v -078.3552 255.0000 026.3208
v -078.1142 250.2600 -078.1142
v -078.1142 250.2600 078.1142
v -077.5921 031.6800 -149.1372
v -077.5921 031.6800 149.1372
v -077.2096 240.0000 -105.2064
v -077.2096 240.0000 105.2064
v -077.0779 001.8225 056.5664
v -077.0779 001.8225 -056.5664
v -076.2958 208.5600 -146.6456
v -076.2958 208.5600 146.6456
v -076.2816 004.6875 -103.9419
v -076.2816 004.6875 103.9419
v -075.7010 244.0800 103.1508
v -075.7010 244.0800 -103.1508
v -074.4440 026.0025 143.0863
v -074.4440 026.0025 -143.0863
v -073.4118 255.0000 -038.1942
v -073.4118 255.0000 038.1942
v -072.9046 224.2575 -140.1276
v -072.9046 224.2575 140.1276
v -071.8514 021.3600 138.1032
v -071.8514 021.3600 -138.1032
v -071.5555 247.4400 -097.5021
v -071.5555 247.4400 097.5021
v -070.3200 000.8400 000.0000
v -070.0921 017.7075 134.7218
v -070.0921 017.7075 -134.7218
v -069.4440 015.0000 -133.4760
v -069.4440 015.0000 133.4760
v -069.4440 240.0000 133.4760
v -069.4440 015.0000 133.4760
v -069.4440 240.0000 -133.4760
v -069.4440 015.0000 -133.4760
v -069.4143 000.8400 -011.5381
v -069.4143 000.8400 011.5381
v -069.2808 012.7575 133.1623
v -069.2808 012.7575 -133.1623
v -068.8984 252.7200 -068.8984
v -068.8984 252.7200 068.8984
v -068.5551 010.5600 -131.7675
v -068.5551 010.5600 131.7675
v -068.5331 243.5437 -131.7252
v -068.5331 243.5437 131.7252
v -067.9207 003.1200 -092.5493
v -067.9207 003.1200 092.5493
v -067.6222 001.8225 067.6222
v -067.6222 001.8225 -067.6222
v -067.5736 246.3000 -129.8810
v -067.5736 246.3000 129.8810
v -067.3600 257.2800 000.0000
v -067.3600 257.2800 000.0000
v -066.9128 008.4525 -128.6108
v -066.9128 008.4525 128.6108
v -066.7871 000.8400 -022.4349
v -066.7871 000.8400 022.4349
v -066.7656 255.0000 -048.9984
v -066.7656 255.0000 048.9984
v -066.6211 248.2687 128.0502
v -066.6211 248.2687 -128.0502
v -066.4924 257.2800 -011.0524
v -066.4924 257.2800 011.0524
v -065.7311 249.4500 -126.3395
v -065.7311 249.4500 126.3395
v -065.3431 250.2600 -089.0370
v -065.3431 250.2600 089.0370
v -064.9591 249.8438 -124.8557
v -064.9591 249.8438 124.8557
v -064.8144 240.0000 -124.5776
v -064.8144 240.0000 124.5776
v -064.3607 249.4500 -123.7056
v -064.3607 249.4500 123.7056
v -064.1628 243.5437 -123.3252
v -064.1628 243.5437 123.3252
v -063.9996 006.4800 -123.0115
v -063.9996 006.4800 123.0115
v -063.9915 248.2687 122.9959
v -063.9915 248.2687 -122.9959
v -063.9758 257.2800 -021.4905
v -063.9758 257.2800 021.4905
v -063.9070 246.3000 -122.8335
v -063.9070 246.3000 122.8335
v -063.8080 090.0000 -189.9520
v -063.8080 090.0000 -189.9520
v -063.8080 090.0000 189.9520
v -063.8080 090.0000 189.9520
v -063.5767 103.7175 -189.2634
v -063.5767 103.7175 189.2634
v -063.3613 077.1675 -188.6223
v -063.3613 077.1675 188.6223
v -062.9147 117.8400 -187.2927
v -062.9147 117.8400 187.2927
v -062.5735 000.8400 032.5553
v -062.5735 000.8400 -032.5553
v -062.1490 065.6400 -185.0132
v -062.1490 065.6400 185.0132
v -061.8698 132.3225 -184.1822
v -061.8698 132.3225 184.1822
v -060.4900 147.1200 -180.0745
v -060.4900 147.1200 180.0745
v -060.3624 055.3725 -179.6946
v -060.3624 055.3725 179.6946
v -060.1848 240.0000 -115.6792
v -060.1848 240.0000 115.6792
v -059.9396 257.2800 -031.1850
v -059.9396 257.2800 031.1850
v -059.4614 004.6875 -114.2888
v -059.4614 004.6875 114.2888
v -059.0089 244.0800 113.4190
v -059.0089 244.0800 -113.4190
v -058.8230 162.1875 -175.1120
v -058.8230 162.1875 175.1120
v -058.5750 255.0000 -058.5750
v -058.5750 255.0000 058.5750
v -058.1929 046.3200 -173.2362
v -058.1929 046.3200 173.2362
v -057.6340 252.7200 -078.5325
v -057.6340 252.7200 078.5325
v -056.9167 177.4800 -169.4372
v -056.9167 177.4800 169.4372
v -056.9086 000.8400 -041.7645
v -056.9086 000.8400 041.7645
v -056.5664 001.8225 077.0779
v -056.5664 001.8225 -077.0779
v -055.8320 038.4375 -166.2080
v -055.8320 038.4375 166.2080
v -055.7774 247.4400 -107.2079
v -055.7774 247.4400 107.2079
v -054.8190 192.9525 -163.1925
v -054.8190 192.9525 163.1925
v -054.5131 257.2800 -040.0065
v -054.5131 257.2800 040.0065
v -053.4711 031.6800 -159.1798
v -053.4711 031.6800 159.1798
v -052.9441 003.1200 -101.7621
v -052.9441 003.1200 101.7621
v -052.5800 259.7400 000.0000
v -052.5800 259.7400 000.0000
v -052.5778 208.5600 -156.5204
v -052.5778 208.5600 156.5204
v -051.9028 259.7400 008.6273
v -051.9028 259.7400 -008.6273
v -051.3016 026.0025 -152.7214
v -051.3016 026.0025 152.7214
v -050.9349 250.2600 097.9002
v -050.9349 250.2600 -097.9002
v -050.2408 224.2575 -149.5635
v -050.2408 224.2575 149.5635
v -049.9384 259.7400 -016.7751
v -049.9384 259.7400 016.7751
v -049.9272 000.8400 -049.9272
v -049.9272 000.8400 049.9272
v -049.5150 021.3600 -147.4028
v -049.5150 021.3600 147.4028
v -048.9984 255.0000 -066.7656
v -048.9984 255.0000 066.7656
v -048.3027 017.7075 -143.7937
v -048.3027 017.7075 143.7937
v -047.8560 015.0000 142.4640
v -047.8560 240.0000 -142.4640
v -047.8560 015.0000 -142.4640
v -047.8560 015.0000 -142.4640
v -047.8560 015.0000 142.4640
v -047.8560 240.0000 142.4640
v -047.8256 257.2800 -047.8256
v -047.8256 257.2800 047.8256
v -047.7435 012.7575 142.1292
v -047.7435 012.7575 -142.1292
v -047.2434 010.5600 140.6405
v -047.2434 010.5600 -140.6405
v -047.2283 243.5437 -140.5953
v -047.2283 243.5437 140.5953
v -046.7878 259.7400 -024.3424
v -046.7878 259.7400 024.3424
v -046.5671 246.3000 -138.6270
v -046.5671 246.3000 138.6270
v -046.1116 008.4525 137.2712
v -046.1116 008.4525 -137.2712
v -045.9107 248.2687 -136.6728
v -045.9107 248.2687 136.6728
v -045.2973 249.4500 -134.8469
v -045.2973 249.4500 134.8469
v -044.9256 252.7200 -086.3501
v -044.9256 252.7200 086.3501
v -044.7653 249.8438 -133.2632
v -044.7653 249.8438 133.2632
v -044.6656 240.0000 -132.9664
v -044.6656 240.0000 132.9664
v -044.3529 249.4500 -132.0356
v -044.3529 249.4500 132.0356
v -044.2166 243.5437 -131.6296
v -044.2166 243.5437 131.6296
v -044.1041 006.4800 131.2948
v -044.1041 006.4800 -131.2948
v -044.0985 248.2687 -131.2782
v -044.0985 248.2687 131.2782
v -044.0935 001.8225 084.7506
v -044.0935 001.8225 -084.7506
v -044.0403 246.3000 -131.1049
v -044.0403 246.3000 131.1049
v -042.5519 259.7400 031.2283
v -042.5519 259.7400 -031.2283
v -041.7645 000.8400 -056.9086
v -041.7645 000.8400 056.9086
v -041.4752 240.0000 -123.4688
v -041.4752 240.0000 123.4688
v -040.9767 004.6875 121.9848
v -040.9767 004.6875 -121.9848
v -040.6648 244.0800 -121.0564
v -040.6648 244.0800 121.0564
v -040.0065 257.2800 -054.5131
v -040.0065 257.2800 054.5131
v -039.1200 262.5600 000.0000
v -039.1200 262.5600 000.0000
v -038.8275 000.2175 -000.0000
v -038.8275 000.2175 000.0000
v -038.6161 262.5600 -006.4188
v -038.6161 262.5600 006.4188
v -038.4379 247.4400 -114.4271
v -038.4379 247.4400 114.4271
v -038.3274 000.2175 -006.3708
v -038.3274 000.2175 006.3708
v -038.1942 255.0000 -073.4118
v -038.1942 255.0000 073.4118
v -037.3318 259.7400 -037.3318
v -037.3318 259.7400 037.3318
v -037.1546 262.5600 -012.4808
v -037.1546 262.5600 012.4808
v -036.8768 000.2175 -012.3875
v -036.8768 000.2175 012.3875
v -036.4854 003.1200 108.6146
v -036.4854 003.1200 -108.6146
v -035.8400 303.4800 000.0000
v -035.8400 303.4800 000.0000
v -035.8200 308.1150 000.0000
v -035.8200 308.1150 000.0000
v -035.3807 303.4800 -005.9016
v -035.3807 303.4800 005.9016
v -035.3610 308.1150 -005.8988
v -035.3610 308.1150 005.8988
v -035.1008 250.2600 -104.4926
v -035.1008 250.2600 104.4926
v -034.8105 262.5600 -018.1110
v -034.8105 262.5600 018.1110
v -034.5503 000.2175 -017.9756
v -034.5503 000.2175 017.9756
v -034.0477 303.4800 -011.4676
v -034.0477 303.4800 011.4676
v -034.0289 308.1150 -011.4619
v -034.0289 308.1150 011.4619
v -032.8160 090.0000 -197.4240
v -032.8160 090.0000 197.4240
v -032.8160 090.0000 197.4240
v -032.6970 103.7175 -196.7083
v -032.6970 103.7175 196.7083
v -032.5863 077.1675 -196.0420
v -032.5863 077.1675 196.0420
v -032.5553 000.8400 -062.5735
v -032.5553 000.8400 062.5735
v -032.5000 298.1250 000.0000
v -032.5000 298.1250 000.0000
v -032.3566 117.8400 -194.6601
v -032.3566 117.8400 194.6601
v -032.0834 298.1250 -005.3508
v -032.0834 298.1250 005.3508
v -031.9628 065.6400 -192.2910
v -031.9628 065.6400 192.2910
v -031.9082 303.4800 -016.6306
v -031.9082 303.4800 016.6306
v -031.8907 308.1150 -016.6221
v -031.8907 308.1150 016.6221
v -031.8192 132.3225 -191.4272
v -031.8192 132.3225 191.4272
v -031.6590 262.5600 -023.2342
v -031.6590 262.5600 023.2342
v -031.4223 000.2175 -023.0604
v -031.4223 000.2175 023.0604
v -031.2283 259.7400 -042.5519
v -031.2283 259.7400 042.5519
v -031.1850 257.2800 -059.9396
v -031.1850 257.2800 059.9396
v -031.1096 147.1200 -187.1580
v -031.1096 147.1200 187.1580
v -031.0439 055.3725 -186.7631
v -031.0439 055.3725 186.7631
v -030.9596 252.7200 -092.1647
v -030.9596 252.7200 092.1647
v -030.8800 311.7600 000.0000
v -030.8800 311.7600 000.0000
v -030.8744 298.1250 -010.3976
v -030.8744 298.1250 010.3976
v -030.4843 311.7600 -005.0855
v -030.4843 311.7600 005.0855
v -030.3862 001.8225 090.4575
v -030.3862 001.8225 -090.4575
v -030.2523 162.1875 -182.0003
v -030.2522 162.1875 182.0003
v -029.9282 046.3200 -180.0507
v -029.9282 046.3200 180.0507
v -029.3360 311.7600 -009.8814
v -029.3360 311.7600 009.8814
v -029.2719 177.4800 -176.1022
v -029.2719 177.4800 176.1022
v -029.0295 303.4800 -021.3234
v -029.0295 303.4800 021.3234
v -029.0138 308.1150 -021.3123
v -029.0138 308.1150 021.3123
v -028.9340 298.1250 -015.0793
v -028.9340 298.1250 015.0793
v -028.7140 038.4375 -172.7460
v -028.7140 038.4375 172.7460
v -028.1930 192.9525 169.6119
v -028.1930 192.9525 -169.6119
v -027.9400 265.9200 000.0000
v -027.7752 262.5600 -027.7752
v -027.7752 262.5600 027.7752
v -027.5801 265.9200 -004.5844
v -027.5801 265.9200 004.5844
v -027.5675 000.2175 -027.5675
v -027.5675 000.2175 027.5675
v -027.4998 031.6800 -165.4413
v -027.4998 031.6800 165.4413
v -027.4928 311.7600 -014.3301
v -027.4928 311.7600 014.3301
v -027.3600 292.3200 000.0000
v -027.3600 292.3200 000.0000
v -027.0404 208.5600 -162.6774
v -027.0404 208.5600 162.6774
v -027.0092 292.3200 -004.5032
v -027.0092 292.3200 004.5032
v -026.5363 265.9200 -008.9140
v -026.5363 265.9200 008.9140
v -026.3841 026.0025 158.7289
v -026.3841 026.0025 -158.7289
v -026.3232 298.1250 -019.3348
v -026.3232 298.1250 019.3348
v -026.3208 255.0000 -078.3552
v -026.3208 255.0000 078.3552
v -025.9910 292.3200 -008.7511
v -025.9910 292.3200 008.7511
v -025.8385 224.2575 -155.4467
v -025.8385 224.2575 155.4467
v -025.4788 303.4800 -025.4788
v -025.4788 303.4800 025.4788
v -025.4653 308.1150 -025.4653
v -025.4653 308.1150 025.4653
v -025.4652 021.3600 -153.2010
v -025.4652 021.3600 153.2010
v -025.0127 311.7600 -018.3734
v -025.0127 311.7600 018.3734
v -024.8621 265.9200 012.9351
v -024.8621 265.9200 -012.9351
v -024.8417 017.7075 -149.4500
v -024.8417 017.7075 149.4500
v -024.6120 015.0000 148.0680
v -024.6120 240.0000 -148.0680
v -024.6120 015.0000 -148.0680
v -024.6120 015.0000 -148.0680
v -024.6120 015.0000 148.0680
v -024.6120 240.0000 148.0680
v -024.5542 012.7575 147.7200
v -024.5542 012.7575 -147.7200
v -024.3569 292.3200 -012.6920
v -024.3569 292.3200 012.6920
v -024.3424 259.7400 046.7878
v -024.3424 259.7400 -046.7878
v -024.2970 010.5600 146.1727
v -024.2970 010.5600 -146.1727
v -024.2892 243.5437 -146.1258
v -024.2892 243.5437 146.1258
v -023.9491 246.3000 -144.0800
v -023.9491 246.3000 144.0800
v -023.7149 008.4525 142.6709
v -023.7149 008.4525 -142.6709
v -023.6115 248.2687 -142.0490
v -023.6115 248.2687 142.0490
v -023.2961 249.4500 -140.1513
v -023.2961 249.4500 140.1513
v -023.2342 262.5600 -031.6590
v -023.2342 262.5600 031.6590
v -023.1031 298.1250 -023.1031
v -023.1031 298.1250 023.1031
v -023.0604 000.2175 -031.4223
v -023.0604 000.2175 031.4223
v -023.0225 249.8438 -138.5053
v -023.0225 249.8438 138.5053
v -022.9712 240.0000 -138.1968
v -022.9712 240.0000 138.1968
v -022.8104 249.4500 -137.2294
v -022.8104 249.4500 137.2294
v -022.7403 243.5437 -136.8074
v -022.7403 243.5437 136.8074
v -022.6824 006.4800 136.4595
v -022.6824 006.4800 -136.4595
v -022.6795 248.2687 136.4422
v -022.6795 248.2687 -136.4422
v -022.6496 246.3000 -136.2620
v -022.6496 246.3000 136.2620
v -022.6113 265.9200 -016.5941
v -022.6113 265.9200 016.5941
v -022.4349 000.8400 066.7871
v -022.4349 000.8400 -066.7871
v -022.1585 292.3200 -016.2745
v -022.1585 292.3200 016.2745
v -021.9800 286.3350 000.0000
v -021.9800 286.3350 000.0000
v -021.9536 311.7600 -021.9536
v -021.9536 311.7600 021.9536
v -021.6979 286.3350 003.6157
v -021.6979 286.3350 -003.6157
v -021.4905 257.2800 -063.9758
v -021.4905 257.2800 063.9758
v -021.3304 240.0000 -128.3256
v -021.3304 240.0000 128.3256
v -021.3234 303.4800 -029.0295
v -021.3234 303.4800 029.0295
v -021.3123 308.1150 -029.0138
v -021.3123 308.1150 029.0138
v -021.0740 004.6875 -126.7832
v -021.0740 004.6875 126.7832
v -020.9136 244.0800 -125.8183
v -020.9136 244.0800 125.8183
v -020.8794 286.3350 007.0270
v -020.8794 286.3350 -007.0270
v -020.0000 270.0000 000.0000
v -020.0000 270.0000 000.0000
v -020.0000 270.0000 000.0000
v -020.0000 270.0000 000.0000
v -019.8374 265.9200 -019.8374
v -019.8374 265.9200 019.8374
v -019.7684 247.4400 -118.9282
v -019.7684 247.4400 118.9282
v -019.7424 270.0000 -003.2816
v -019.7424 270.0000 003.2816
v -019.7424 270.0000 003.2816
v -019.7424 270.0000 -003.2816
v -019.5658 286.3350 -010.1925
v -019.5658 286.3350 010.1925
v -019.4600 314.1450 000.0000
v -019.4600 314.1450 000.0000
v -019.4472 292.3200 -019.4472
v -019.4472 292.3200 019.4472
v -019.3348 298.1250 -026.3232
v -019.3348 298.1250 026.3232
v -019.2107 314.1450 -003.2048
v -019.2107 314.1450 003.2048
v -018.9952 270.0000 -006.3808
v -018.9952 270.0000 006.3808
v -018.9952 270.0000 006.3808
v -018.9952 270.0000 -006.3808
v -018.7642 003.1200 112.8870
v -018.7642 003.1200 -112.8870
v -018.4870 314.1450 -006.2272
v -018.4870 314.1450 006.2272
v -018.3734 311.7600 -025.0127
v -018.3734 311.7600 025.0127
v -018.1110 262.5600 034.8105
v -018.1110 262.5600 -034.8105
v -018.0521 250.2600 -108.6029
v -018.0521 250.2600 108.6029
v -017.9756 000.2175 -034.5503
v -017.9756 000.2175 034.5503
v -017.9200 280.4400 000.0000
v -017.9200 280.4400 000.0000
v -017.7989 286.3350 -013.0707
v -017.7989 286.3350 013.0707
v -017.7968 270.0000 -009.2592
v -017.7968 270.0000 009.2592
v -017.7968 270.0000 009.2592
v -017.7968 270.0000 -009.2592
v -017.6897 280.4400 002.9450
v -017.6897 280.4400 -002.9450
v -017.3255 314.1450 -009.0306
v -017.3255 314.1450 009.0306
v -017.0215 280.4400 005.7246
v -017.0215 280.4400 -005.7246
v -016.7751 259.7400 -049.9384
v -016.7751 259.7400 049.9384
v -016.7400 274.9050 000.0000
v -016.7400 274.9050 000.0000
v -016.6306 303.4800 -031.9082
v -016.6306 303.4800 031.9082
v -016.6221 308.1150 031.8907
v -016.6221 308.1150 -031.8907
v -016.5941 265.9200 -022.6113
v -016.5941 265.9200 022.6113
v -016.5245 274.9050 002.7480
v -016.5245 274.9050 -002.7480
v -016.2745 292.3200 -022.1585
v -016.2745 292.3200 022.1585
v -016.1856 270.0000 -011.8784
v -016.1856 270.0000 011.8784
v -016.1856 270.0000 011.8784
v -016.1856 270.0000 -011.8784
v -015.9496 280.4400 008.3047
v -015.9496 280.4400 -008.3047
v -015.9223 252.7200 -095.7901
v -015.9223 252.7200 095.7901
v -015.8995 274.9050 005.3428
v -015.8995 274.9050 -005.3428
v -015.7626 314.1450 -011.5787
v -015.7626 314.1450 011.5787
v -015.6274 001.8225 094.0158
v -015.6274 001.8225 -094.0158
v -015.6200 286.3350 -015.6200
v -015.6200 286.3350 015.6200
v -015.0793 298.1250 -028.9340
v -015.0793 298.1250 028.9340
v -014.8969 274.9050 007.7523
v -014.8969 274.9050 -007.7523
v -014.5078 280.4400 010.6513
v -014.5078 280.4400 -010.6513
v -014.3301 311.7600 -027.4928
v -014.3301 311.7600 027.4928
v -014.2000 270.0000 -014.2000
v -014.2000 270.0000 014.2000
v -014.2000 270.0000 014.2000
v -014.2000 270.0000 -014.2000
v -013.8348 314.1450 -013.8348
v -013.8348 314.1450 013.8348
v -013.5489 274.9050 009.9446
v -013.5489 274.9050 -009.9446
v -013.5366 255.0000 -081.4374
v -013.5366 255.0000 081.4374
v -013.0707 286.3350 -017.7989
v -013.0707 286.3350 017.7989
v -012.9351 265.9200 024.8621
v -012.9351 265.9200 -024.8621
v -012.7304 280.4400 012.7304
v -012.7304 280.4400 -012.7304
v -012.6920 292.3200 -024.3569
v -012.6920 292.3200 024.3569
v -012.4808 262.5600 -037.1546
v -012.4808 262.5600 037.1546
v -012.3875 000.2175 036.8768
v -012.3875 000.2175 -036.8768
v -011.8874 274.9050 011.8874
v -011.8874 274.9050 -011.8874
v -011.8784 270.0000 -016.1856
v -011.8784 270.0000 016.1856
v -011.8784 270.0000 016.1856
v -011.8784 270.0000 -016.1856
v -011.5787 314.1450 -015.7626
v -011.5787 314.1450 015.7626
v -011.5381 000.8400 069.4143
v -011.5381 000.8400 -069.4143
v -011.4676 303.4800 -034.0477
v -011.4676 303.4800 034.0477
v -011.4619 308.1150 -034.0289
v -011.4619 308.1150 034.0289
v -011.0524 257.2800 -066.4924
v -011.0524 257.2800 066.4924
v -010.6513 280.4400 -014.5078
v -010.6513 280.4400 014.5078
v -010.3976 298.1250 -030.8744
v -010.3976 298.1250 030.8744
v -010.1925 286.3350 -019.5658
v -010.1925 286.3350 019.5658
v -009.9446 274.9050 013.5489
v -009.9446 274.9050 -013.5489
v -009.8814 311.7600 -029.3360
v -009.8814 311.7600 029.3360
v -009.2592 270.0000 -017.7968
v -009.2592 270.0000 017.7968
v -009.2592 270.0000 -017.7968
v -009.2592 270.0000 017.7968
v -009.0306 314.1450 -017.3255
v -009.0306 314.1450 017.3255
v -008.9140 265.9200 -026.5363
v -008.9140 265.9200 026.5363
v -008.7511 292.3200 -025.9910
v -008.7511 292.3200 025.9910
v -008.6273 259.7400 -051.9028
v -008.6273 259.7400 051.9028
v -008.3047 280.4400 -015.9496
v -008.3047 280.4400 015.9496
v -007.7523 274.9050 -014.8969
v -007.7523 274.9050 014.8969
v -007.0270 286.3350 -020.8794
v -007.0270 286.3350 020.8794
v -006.4188 262.5600 -038.6161
v -006.4188 262.5600 038.6161
v -006.3808 270.0000 -018.9952
v -006.3808 270.0000 018.9952
v -006.3808 270.0000 -018.9952
v -006.3808 270.0000 018.9952
v -006.3708 000.2175 038.3274
v -006.3708 000.2175 -038.3274
v -006.2272 314.1450 -018.4870
v -006.2272 314.1450 018.4870
v -005.9016 303.4800 -035.3807
v -005.9016 303.4800 035.3807
v -005.8988 308.1150 -035.3610
v -005.8988 308.1150 035.3610
v -005.7246 280.4400 -017.0215
v -005.7246 280.4400 017.0215
v -005.3508 298.1250 -032.0834
v -005.3508 298.1250 032.0834
v -005.3428 274.9050 -015.8995
v -005.3428 274.9050 015.8995
v -005.0855 311.7600 -030.4843
v -005.0855 311.7600 030.4843
v -004.5844 265.9200 -027.5801
v -004.5844 265.9200 027.5801
v -004.5032 292.3200 -027.0092
v -004.5032 292.3200 027.0092
v -003.6157 286.3350 -021.6979
v -003.6157 286.3350 021.6979
v -003.2816 270.0000 -019.7424
v -003.2816 270.0000 019.7424
v -003.2816 270.0000 -019.7424
v -003.2816 270.0000 019.7424
v -003.2048 314.1450 -019.2107
v -003.2048 314.1450 019.2107
v -002.9450 280.4400 -017.6897
v -002.9450 280.4400 017.6897
v -002.7480 274.9050 -016.5245
v -002.7480 274.9050 016.5245
v -000.0000 026.0025 160.8000
v -000.0000 192.9525 171.8250
v -000.0000 208.5600 -164.8000
v -000.0000 065.6400 -194.8000
v -000.0000 077.1675 -198.6000
v -000.0000 248.2687 138.2225
v -000.0000 270.0000 -020.0000
v -000.0000 012.7575 149.6475
v -000.0000 247.4400 -120.4800
v -000.0000 274.9050 -016.7400
v -000.0000 001.8225 095.2425
v -000.0000 004.6875 -128.4375
v -000.0000 006.4800 138.2400
v -000.0000 038.4375 175.0000
v -000.0000 046.3200 182.4000
v -000.0000 055.3725 -189.2000
v -000.0000 103.7175 199.2750
v -000.0000 117.8400 197.2000
v -000.0000 132.3225 -193.9250
v -000.0000 162.1875 -184.3750
v -000.0000 177.4800 178.4000
v -000.0000 240.0000 -130.0000
v -000.0000 243.5437 -148.0325
v -000.0000 243.5437 -138.5925
v -000.0000 246.3000 -145.9600
v -000.0000 246.3000 -138.0400
v -000.0000 249.4500 -139.0200
v -000.0000 250.2600 -110.0200
v -000.0000 280.4400 -017.9200
v -000.0000 286.3350 -021.9800
v -000.0000 257.2800 -067.3600
v -000.0000 010.5600 148.0800
v -000.0000 017.7075 -151.4000
v -000.0000 249.4500 -141.9800
v -000.0000 252.7200 -097.0400
v -000.0000 292.3200 -027.3600
v -000.0000 311.7600 -030.8800
v -000.0000 259.7400 -052.5800
v -000.0000 270.0000 -020.0000
v -000.0000 298.1250 -032.5000
v -000.0000 314.1450 -019.4600
v -000.0000 000.2175 038.8275
v -000.0000 308.1150 -035.8200
v 000.0000 000.0000 000.0000
v 000.0000 000.2175 -038.8275
v 000.0000 000.2175 038.8275
v 000.0000 000.8400 -070.3200
v 000.0000 000.8400 070.3200
v 000.0000 001.8225 -095.2425
v 000.0000 001.8225 095.2425
v 000.0000 003.1200 -114.3600
v 000.0000 003.1200 -114.3600
v 000.0000 003.1200 114.3600
v 000.0000 003.1200 114.3600
v 000.0000 004.6875 -128.4375
v 000.0000 004.6875 128.4375
v 000.0000 006.4800 -138.2400
v 000.0000 006.4800 138.2400
v 000.0000 008.4525 -144.5325
v 000.0000 008.4525 -144.5325
v 000.0000 008.4525 144.5325
v 000.0000 008.4525 144.5325
v 000.0000 010.5600 -148.0800
v 000.0000 010.5600 148.0800
v 000.0000 012.7575 -149.6475
v 000.0000 012.7575 149.6475
v 000.0000 015.0000 -150.0000
v 000.0000 015.0000 -150.0000
v 000.0000 015.0000 150.0000
v 000.0000 015.0000 150.0000
v 000.0000 017.7075 -151.4000
v 000.0000 017.7075 151.4000
v 000.0000 021.3600 -155.2000
v 000.0000 021.3600 -155.2000
v 000.0000 021.3600 155.2000
v 000.0000 021.3600 155.2000
v 000.0000 026.0025 -160.8000
v 000.0000 026.0025 160.8000
v 000.0000 031.6800 -167.6000
v 000.0000 031.6800 -167.6000
v 000.0000 031.6800 167.6000
v 000.0000 031.6800 167.6000
v 000.0000 038.4375 -175.0000
v 000.0000 038.4375 175.0000
v 000.0000 046.3200 -182.4000
v 000.0000 046.3200 182.4000
v 000.0000 055.3725 -189.2000
v 000.0000 055.3725 189.2000
v 000.0000 065.6400 -194.8000
v 000.0000 065.6400 194.8000
v 000.0000 077.1675 -198.6000
v 000.0000 077.1675 198.6000
v 000.0000 090.0000 -200.0000
v 000.0000 090.0000 -200.0000
v 000.0000 090.0000 200.0000
v 000.0000 090.0000 200.0000
v 000.0000 103.7175 -199.2750
v 000.0000 103.7175 199.2750
v 000.0000 117.8400 -197.2000
v 000.0000 117.8400 197.2000
v 000.0000 132.3225 -193.9250
v 000.0000 132.3225 193.9250
v 000.0000 147.1200 -189.6000
v 000.0000 147.1200 -189.6000
v 000.0000 147.1200 189.6000
v 000.0000 147.1200 189.6000
v 000.0000 162.1875 -184.3750
v 000.0000 162.1875 184.3750
v 000.0000 177.4800 -178.4000
v 000.0000 177.4800 178.4000
v 000.0000 192.9525 -171.8250
v 000.0000 192.9525 171.8250
v 000.0000 208.5600 -164.8000
v 000.0000 208.5600 164.8000
v 000.0000 224.2575 -157.4750
v 000.0000 224.2575 -157.4750
v 000.0000 224.2575 157.4750
v 000.0000 224.2575 157.4750
v 000.0000 240.0000 -150.0000
v 000.0000 240.0000 -150.0000
v 000.0000 240.0000 -140.0000
v 000.0000 240.0000 -140.0000
v 000.0000 240.0000 -130.0000
v 000.0000 240.0000 130.0000
v 000.0000 240.0000 140.0000
v 000.0000 240.0000 140.0000
v 000.0000 240.0000 150.0000
v 000.0000 240.0000 150.0000
v 000.0000 243.5437 -148.0325
v 000.0000 243.5437 -138.5925
v 000.0000 243.5437 138.5925
v 000.0000 243.5437 148.0325
v 000.0000 244.0800 -127.4600
v 000.0000 244.0800 -127.4600
v 000.0000 244.0800 127.4600
v 000.0000 244.0800 127.4600
v 000.0000 246.3000 -145.9600
v 000.0000 246.3000 -138.0400
v 000.0000 246.3000 138.0400
v 000.0000 246.3000 145.9600
v 000.0000 247.4400 -120.4800
v 000.0000 247.4400 120.4800
v 000.0000 248.2687 -143.9025
v 000.0000 248.2687 -138.2225
v 000.0000 248.2687 138.2225
v 000.0000 248.2687 143.9025
v 000.0000 249.4500 -141.9800
v 000.0000 249.4500 -139.0200
v 000.0000 249.4500 139.0200
v 000.0000 249.4500 141.9800
v 000.0000 249.8438 -140.3125
v 000.0000 249.8438 -140.3125
v 000.0000 249.8438 140.3125
v 000.0000 249.8438 140.3125
v 000.0000 250.2600 -110.0200
v 000.0000 250.2600 110.0200
v 000.0000 252.7200 -097.0400
v 000.0000 252.7200 097.0400
v 000.0000 255.0000 -082.5000
v 000.0000 255.0000 -082.5000
v 000.0000 255.0000 082.5000
v 000.0000 255.0000 082.5000
v 000.0000 257.2800 -067.3600
v 000.0000 257.2800 067.3600
v 000.0000 259.7400 -052.5800
v 000.0000 259.7400 052.5800
v 000.0000 262.5600 -039.1200
v 000.0000 262.5600 -039.1200
v 000.0000 262.5600 039.1200
v 000.0000 262.5600 039.1200
v 000.0000 265.9200 -027.9400
v 000.0000 265.9200 027.9400
v 000.0000 270.0000 -020.0000
v 000.0000 270.0000 -020.0000
v 000.0000 270.0000 020.0000
v 000.0000 270.0000 020.0000
v 000.0000 274.9050 -016.7400
v 000.0000 274.9050 016.7400
v 000.0000 280.4400 -017.9200
v 000.0000 280.4400 017.9200
v 000.0000 286.3350 -021.9800
v 000.0000 286.3350 021.9800
v 000.0000 292.3200 -027.3600
v 000.0000 292.3200 027.3600
v 000.0000 298.1250 -032.5000
v 000.0000 298.1250 032.5000
v 000.0000 303.4800 -035.8400
v 000.0000 303.4800 -035.8400
v 000.0000 303.4800 035.8400
v 000.0000 303.4800 035.8400
v 000.0000 308.1150 -035.8200
v 000.0000 308.1150 035.8200
v 000.0000 311.7600 -030.8800
v 000.0000 311.7600 030.8800
v 000.0000 314.1450 -019.4600
v 000.0000 314.1450 019.4600
v 000.0000 315.0000 000.0000
v 000.0000 000.2175 -038.8275
v 000.0000 308.1150 035.8200
v 000.0000 259.7400 052.5800
v 000.0000 270.0000 020.0000
v 000.0000 298.1250 032.5000
v 000.0000 314.1450 019.4600
v 000.0000 311.7600 030.8800
v 000.0000 010.5600 -148.0800
v 000.0000 017.7075 151.4000
v 000.0000 249.4500 141.9800
v 000.0000 252.7200 097.0400
v 000.0000 292.3200 027.3600
v 000.0000 257.2800 067.3600
v 000.0000 286.3350 021.9800
v 000.0000 001.8225 -095.2425
v 000.0000 004.6875 128.4375
v 000.0000 006.4800 -138.2400
v 000.0000 038.4375 -175.0000
v 000.0000 046.3200 -182.4000
v 000.0000 055.3725 189.2000
v 000.0000 103.7175 -199.2750
v 000.0000 117.8400 -197.2000
v 000.0000 132.3225 193.9250
v 000.0000 162.1875 184.3750
v 000.0000 177.4800 -178.4000
v 000.0000 240.0000 130.0000
v 000.0000 243.5437 138.5925
v 000.0000 243.5437 148.0325
v 000.0000 246.3000 138.0400
v 000.0000 246.3000 145.9600
v 000.0000 249.4500 139.0200
v 000.0000 250.2600 110.0200
v 000.0000 280.4400 017.9200
v 000.0000 274.9050 016.7400
v 000.0000 012.7575 -149.6475
v 000.0000 247.4400 120.4800
v 000.0000 065.6400 194.8000
v 000.0000 077.1675 198.6000
v 000.0000 248.2687 -138.2225
v 000.0000 270.0000 020.0000
v 000.0000 026.0025 -160.8000
v 000.0000 192.9525 -171.8250
v 000.0000 208.5600 164.8000
v 002.7480 274.9050 -016.5245
v 002.7480 274.9050 016.5245
v 002.9450 280.4400 -017.6897
v 002.9450 280.4400 017.6897
v 003.2048 314.1450 -019.2107
v 003.2048 314.1450 019.2107
v 003.2816 270.0000 -019.7424
v 003.2816 270.0000 019.7424
v 003.2816 270.0000 -019.7424
v 003.2816 270.0000 019.7424
v 003.6157 286.3350 -021.6979
v 003.6157 286.3350 021.6979
v 004.5032 292.3200 -027.0092
v 004.5032 292.3200 027.0092
v 004.5844 265.9200 -027.5801
v 004.5844 265.9200 027.5801
v 005.0855 311.7600 -030.4843
v 005.0855 311.7600 030.4843
v 005.3428 274.9050 -015.8995
v 005.3428 274.9050 015.8995
v 005.3508 298.1250 -032.0834
v 005.3508 298.1250 032.0834
v 005.7246 280.4400 -017.0215
v 005.7246 280.4400 017.0215
v 005.8988 308.1150 -035.3610
v 005.8988 308.1150 035.3610
v 005.9016 303.4800 -035.3807
v 005.9016 303.4800 035.3807
v 006.2272 314.1450 -018.4870
v 006.2272 314.1450 018.4870
v 006.3708 000.2175 038.3274
v 006.3708 000.2175 -038.3274
v 006.3808 270.0000 -018.9952
v 006.3808 270.0000 018.9952
v 006.3808 270.0000 -018.9952
v 006.3808 270.0000 018.9952
v 006.4188 262.5600 -038.6161
v 006.4188 262.5600 038.6161
v 007.0270 286.3350 -020.8794
v 007.0270 286.3350 020.8794
v 007.7523 274.9050 -014.8969
v 007.7523 274.9050 014.8969
v 008.3047 280.4400 -015.9496
v 008.3047 280.4400 015.9496
v 008.6273 259.7400 -051.9028
v 008.6273 259.7400 051.9028
v 008.7511 292.3200 -025.9910
v 008.7511 292.3200 025.9910
v 008.9140 265.9200 -026.5363
v 008.9140 265.9200 026.5363
v 009.0306 314.1450 -017.3255
v 009.0306 314.1450 017.3255
v 009.2592 270.0000 -017.7968
v 009.2592 270.0000 017.7968
v 009.2592 270.0000 -017.7968
v 009.2592 270.0000 017.7968
v 009.8814 311.7600 -029.3360
v 009.8814 311.7600 029.3360
v 009.9446 274.9050 013.5489
v 009.9446 274.9050 -013.5489
v 010.1925 286.3350 -019.5658
v 010.1925 286.3350 019.5658
v 010.3976 298.1250 -030.8744
v 010.3976 298.1250 030.8744
v 010.6513 280.4400 -014.5078
v 010.6513 280.4400 014.5078
v 011.0524 257.2800 -066.4924
v 011.0524 257.2800 066.4924
v 011.4619 308.1150 -034.0289
v 011.4619 308.1150 034.0289
v 011.4676 303.4800 -034.0477
v 011.4676 303.4800 034.0477
v 011.5381 000.8400 069.4143
v 011.5381 000.8400 -069.4143
v 011.5787 314.1450 -015.7626
v 011.5787 314.1450 015.7626
v 011.8784 270.0000 016.1856
v 011.8784 270.0000 -016.1856
v 011.8784 270.0000 -016.1856
v 011.8784 270.0000 016.1856
v 011.8874 274.9050 011.8874
v 011.8874 274.9050 -011.8874
v 012.3875 000.2175 036.8768
v 012.3875 000.2175 -036.8768
v 012.4808 262.5600 -037.1546
v 012.4808 262.5600 037.1546
v 012.6920 292.3200 -024.3569
v 012.6920 292.3200 024.3569
v 012.7304 280.4400 012.7304
v 012.7304 280.4400 -012.7304
v 012.9351 265.9200 024.8621
v 012.9351 265.9200 -024.8621
v 013.0707 286.3350 -017.7989
v 013.0707 286.3350 017.7989
v 013.5366 255.0000 -081.4374
v 013.5366 255.0000 081.4374
v 013.5489 274.9050 009.9446
v 013.5489 274.9050 -009.9446
v 013.8348 314.1450 -013.8348
v 013.8348 314.1450 013.8348
v 014.2000 270.0000 014.2000
v 014.2000 270.0000 -014.2000
v 014.2000 270.0000 -014.2000
v 014.2000 270.0000 014.2000
v 014.3301 311.7600 -027.4928
v 014.3301 311.7600 027.4928
v 014.5078 280.4400 010.6513
v 014.5078 280.4400 -010.6513
v 014.8969 274.9050 007.7523
v 014.8969 274.9050 -007.7523
v 015.0793 298.1250 -028.9340
v 015.0793 298.1250 028.9340
v 015.6200 286.3350 -015.6200
v 015.6200 286.3350 015.6200
v 015.6274 001.8225 094.0158
v 015.6274 001.8225 -094.0158
v 015.7626 314.1450 -011.5787
v 015.7626 314.1450 011.5787
v 015.8995 274.9050 005.3428
v 015.8995 274.9050 -005.3428
v 015.9223 252.7200 -095.7901
v 015.9223 252.7200 095.7901
v 015.9496 280.4400 008.3047
v 015.9496 280.4400 -008.3047
v 016.1856 270.0000 011.8784
v 016.1856 270.0000 -011.8784
v 016.1856 270.0000 -011.8784
v 016.1856 270.0000 011.8784
v 016.2745 292.3200 -022.1585
v 016.2745 292.3200 022.1585
v 016.5245 274.9050 002.7480
v 016.5245 274.9050 -002.7480
v 016.5941 265.9200 -022.6113
v 016.5941 265.9200 022.6113
v 016.6221 308.1150 031.8907
v 016.6221 308.1150 -031.8907
v 016.6306 303.4800 -031.9082
v 016.6306 303.4800 031.9082
v 016.7400 274.9050 -000.0000
v 016.7400 274.9050 000.0000
v 016.7751 259.7400 -049.9384
v 016.7751 259.7400 049.9384
v 017.0215 280.4400 005.7246
v 017.0215 280.4400 -005.7246
v 017.3255 314.1450 -009.0306
v 017.3255 314.1450 009.0306
v 017.6897 280.4400 002.9450
v 017.6897 280.4400 -002.9450
v 017.7968 270.0000 009.2592
v 017.7968 270.0000 -009.2592
v 017.7968 270.0000 -009.2592
v 017.7968 270.0000 009.2592
v 017.7989 286.3350 -013.0707
v 017.7989 286.3350 013.0707
v 017.9200 280.4400 -000.0000
v 017.9200 280.4400 000.0000
v 017.9756 000.2175 -034.5503
v 017.9756 000.2175 034.5503
v 018.0521 250.2600 -108.6029
v 018.0521 250.2600 108.6029
v 018.1110 262.5600 034.8105
v 018.1110 262.5600 -034.8105
v 018.3734 311.7600 -025.0127
v 018.3734 311.7600 025.0127
v 018.4870 314.1450 -006.2272
v 018.4870 314.1450 006.2272
v 018.7642 003.1200 112.8870
v 018.7642 003.1200 -112.8870
v 018.9952 270.0000 006.3808
v 018.9952 270.0000 -006.3808
v 018.9952 270.0000 -006.3808
v 018.9952 270.0000 006.3808
v 019.2107 314.1450 -003.2048
v 019.2107 314.1450 003.2048
v 019.3348 298.1250 -026.3232
v 019.3348 298.1250 026.3232
v 019.4472 292.3200 -019.4472
v 019.4472 292.3200 019.4472
v 019.4600 314.1450 000.0000
v 019.4600 314.1450 -000.0000
v 019.5658 286.3350 -010.1925
v 019.5658 286.3350 010.1925
v 019.7424 270.0000 003.2816
v 019.7424 270.0000 -003.2816
v 019.7424 270.0000 -003.2816
v 019.7424 270.0000 003.2816
v 019.7684 247.4400 -118.9282
v 019.7684 247.4400 118.9282
v 019.8374 265.9200 -019.8374
v 019.8374 265.9200 019.8374
v 020.0000 270.0000 -000.0000
v 020.0000 270.0000 000.0000
v 020.0000 270.0000 000.0000
v 020.0000 270.0000 -000.0000
v 020.8794 286.3350 007.0270
v 020.8794 286.3350 -007.0270
v 020.9136 244.0800 -125.8183
v 020.9136 244.0800 125.8183
v 021.0740 004.6875 -126.7832
v 021.0740 004.6875 126.7832
v 021.3123 308.1150 -029.0138
v 021.3123 308.1150 029.0138
v 021.3234 303.4800 -029.0295
v 021.3234 303.4800 029.0295
v 021.3304 240.0000 -128.3256
v 021.3304 240.0000 128.3256
v 021.4905 257.2800 -063.9758
v 021.4905 257.2800 063.9758
v 021.6979 286.3350 003.6157
v 021.6979 286.3350 -003.6157
v 021.9536 311.7600 -021.9536
v 021.9536 311.7600 021.9536
v 021.9800 286.3350 -000.0000
v 021.9800 286.3350 000.0000
v 022.1585 292.3200 -016.2745
v 022.1585 292.3200 016.2745
v 022.4349 000.8400 066.7871
v 022.4349 000.8400 -066.7871
v 022.6113 265.9200 -016.5941
v 022.6113 265.9200 016.5941
v 022.6496 246.3000 -136.2620
v 022.6496 246.3000 136.2620
v 022.6795 248.2687 136.4422
v 022.6795 248.2687 -136.4422
v 022.6824 006.4800 136.4595
v 022.6824 006.4800 -136.4595
v 022.7403 243.5437 -136.8074
v 022.7403 243.5437 136.8074
v 022.8104 249.4500 -137.2294
v 022.8104 249.4500 137.2294
v 022.9712 240.0000 -138.1968
v 022.9712 240.0000 138.1968
v 023.0225 249.8438 -138.5053
v 023.0225 249.8438 138.5053
v 023.0604 000.2175 -031.4223
v 023.0604 000.2175 031.4223
v 023.1031 298.1250 -023.1031
v 023.1031 298.1250 023.1031
v 023.2342 262.5600 -031.6590
v 023.2342 262.5600 031.6590
v 023.2961 249.4500 -140.1513
v 023.2961 249.4500 140.1513
v 023.6115 248.2687 -142.0490
v 023.6115 248.2687 142.0490
v 023.7149 008.4525 142.6709
v 023.7149 008.4525 -142.6709
v 023.9491 246.3000 -144.0800
v 023.9491 246.3000 144.0800
v 024.2892 243.5437 -146.1258
v 024.2892 243.5437 146.1258
v 024.2970 010.5600 146.1727
v 024.2970 010.5600 -146.1727
v 024.3424 259.7400 046.7878
v 024.3424 259.7400 -046.7878
v 024.3569 292.3200 -012.6920
v 024.3569 292.3200 012.6920
v 024.5542 012.7575 147.7200
v 024.5542 012.7575 -147.7200
v 024.6120 015.0000 -148.0680
v 024.6120 240.0000 -148.0680
v 024.6120 015.0000 148.0680
v 024.6120 015.0000 148.0680
v 024.6120 240.0000 148.0680
v 024.6120 015.0000 -148.0680
v 024.8417 017.7075 -149.4500
v 024.8417 017.7075 149.4500
v 024.8621 265.9200 012.9351
v 024.8621 265.9200 -012.9351
v 025.0127 311.7600 -018.3734
v 025.0127 311.7600 018.3734
v 025.4652 021.3600 -153.2010
v 025.4652 021.3600 153.2010
v 025.4653 308.1150 -025.4653
v 025.4653 308.1150 025.4653
v 025.4788 303.4800 -025.4788
v 025.4788 303.4800 025.4788
v 025.8385 224.2575 -155.4467
v 025.8385 224.2575 155.4467
v 025.9910 292.3200 -008.7511
v 025.9910 292.3200 008.7511
v 026.3208 255.0000 -078.3552
v 026.3208 255.0000 078.3552
v 026.3232 298.1250 -019.3348
v 026.3232 298.1250 019.3348
v 026.3841 026.0025 158.7289
v 026.3841 026.0025 -158.7289
v 026.5363 265.9200 -008.9140
v 026.5363 265.9200 008.9140
v 027.0092 292.3200 -004.5032
v 027.0092 292.3200 004.5032
v 027.0404 208.5600 -162.6774
v 027.0404 208.5600 162.6774
v 027.3600 292.3200 -000.0000
v 027.3600 292.3200 000.0000
v 027.4928 311.7600 -014.3301
v 027.4928 311.7600 014.3301
v 027.4998 031.6800 -165.4413
v 027.4998 031.6800 165.4413
v 027.5675 000.2175 -027.5675
v 027.5675 000.2175 027.5675
v 027.5801 265.9200 -004.5844
v 027.5801 265.9200 004.5844
v 027.7752 262.5600 -027.7752
v 027.7752 262.5600 027.7752
v 027.9400 265.9200 000.0000
v 028.1930 192.9525 169.6119
v 028.1930 192.9525 -169.6119
v 028.7140 038.4375 -172.7460
v 028.7140 038.4375 172.7460
v 028.9340 298.1250 -015.0793
v 028.9340 298.1250 015.0793
v 029.0138 308.1150 -021.3123
v 029.0138 308.1150 021.3123
v 029.0295 303.4800 -021.3234
v 029.0295 303.4800 021.3234
v 029.2719 177.4800 -176.1022
v 029.2719 177.4800 176.1022
v 029.3360 311.7600 -009.8814
v 029.3360 311.7600 009.8814
v 029.9282 046.3200 -180.0507
v 029.9282 046.3200 180.0507
v 030.2522 162.1875 -182.0003
v 030.2523 162.1875 182.0003
v 030.3862 001.8225 090.4575
v 030.3862 001.8225 -090.4575
v 030.4843 311.7600 -005.0855
v 030.4843 311.7600 005.0855
v 030.8744 298.1250 -010.3976
v 030.8744 298.1250 010.3976
v 030.8800 311.7600 000.0000
v 030.8800 311.7600 -000.0000
v 030.9596 252.7200 -092.1647
v 030.9596 252.7200 092.1647
v 031.0439 055.3725 -186.7631
v 031.0439 055.3725 186.7631
v 031.1096 147.1200 -187.1580
v 031.1096 147.1200 187.1580
v 031.1850 257.2800 -059.9396
v 031.1850 257.2800 059.9396
v 031.2283 259.7400 -042.5519
v 031.2283 259.7400 042.5519
v 031.4223 000.2175 -023.0604
v 031.4223 000.2175 023.0604
v 031.6590 262.5600 -023.2342
v 031.6590 262.5600 023.2342
v 031.8192 132.3225 -191.4272
v 031.8192 132.3225 191.4272
v 031.8907 308.1150 -016.6221
v 031.8907 308.1150 016.6221
v 031.9082 303.4800 -016.6306
v 031.9082 303.4800 016.6306
v 031.9628 065.6400 -192.2910
v 031.9628 065.6400 192.2910
v 032.0834 298.1250 -005.3508
v 032.0834 298.1250 005.3508
v 032.3566 117.8400 -194.6601
v 032.3566 117.8400 194.6601
v 032.5000 298.1250 000.0000
v 032.5000 298.1250 -000.0000
v 032.5553 000.8400 -062.5735
v 032.5553 000.8400 062.5735
v 032.5863 077.1675 -196.0420
v 032.5863 077.1675 196.0420
v 032.6970 103.7175 -196.7083
v 032.6970 103.7175 196.7083
v 032.8160 090.0000 -197.4240
v 032.8160 090.0000 -197.4240
v 032.8160 090.0000 197.4240
v 034.0289 308.1150 -011.4619
v 034.0289 308.1150 011.4619
v 034.0477 303.4800 -011.4676
v 034.0477 303.4800 011.4676
v 034.5503 000.2175 -017.9756
v 034.5503 000.2175 017.9756
v 034.8105 262.5600 -018.1110
v 034.8105 262.5600 018.1110
v 035.1008 250.2600 -104.4926
v 035.1008 250.2600 104.4926
v 035.3610 308.1150 -005.8988
v 035.3610 308.1150 005.8988
v 035.3807 303.4800 -005.9016
v 035.3807 303.4800 005.9016
v 035.8200 308.1150 -000.0000
v 035.8200 308.1150 000.0000
v 035.8400 303.4800 000.0000
v 035.8400 303.4800 000.0000
v 036.4854 003.1200 108.6146
v 036.4854 003.1200 -108.6146
v 036.8768 000.2175 -012.3875
v 036.8768 000.2175 012.3875
v 037.1546 262.5600 -012.4808
v 037.1546 262.5600 012.4808
v 037.3318 259.7400 -037.3318
v 037.3318 259.7400 037.3318
v 038.1942 255.0000 -073.4118
v 038.1942 255.0000 073.4118
v 038.3274 000.2175 -006.3708
v 038.3274 000.2175 006.3708
v 038.4379 247.4400 -114.4271
v 038.4379 247.4400 114.4271
v 038.6161 262.5600 -006.4188
v 038.6161 262.5600 006.4188
v 038.8275 000.2175 000.0000
v 038.8275 000.2175 000.0000
v 039.1200 262.5600 000.0000
v 039.1200 262.5600 000.0000
v 040.0065 257.2800 -054.5131
v 040.0065 257.2800 054.5131
v 040.6648 244.0800 -121.0564
v 040.6648 244.0800 121.0564
v 040.9767 004.6875 121.9848
v 040.9767 004.6875 -121.9848
v 041.4752 240.0000 -123.4688
v 041.4752 240.0000 123.4688
v 041.7645 000.8400 -056.9086
v 041.7645 000.8400 056.9086
v 042.5519 259.7400 031.2283
v 042.5519 259.7400 -031.2283
v 044.0403 246.3000 -131.1049
v 044.0403 246.3000 131.1049
v 044.0935 001.8225 084.7506
v 044.0935 001.8225 -084.7506
v 044.0985 248.2687 -131.2782
v 044.0985 248.2687 131.2782
v 044.1041 006.4800 131.2948
v 044.1041 006.4800 -131.2948
v 044.2166 243.5437 -131.6296
v 044.2166 243.5437 131.6296
v 044.3529 249.4500 -132.0356
v 044.3529 249.4500 132.0356
v 044.6656 240.0000 -132.9664
v 044.6656 240.0000 132.9664
v 044.7653 249.8438 -133.2632
v 044.7653 249.8438 133.2632
v 044.9256 252.7200 -086.3501
v 044.9256 252.7200 086.3501
v 045.2973 249.4500 -134.8469
v 045.2973 249.4500 134.8469
v 045.9107 248.2687 -136.6728
v 045.9107 248.2687 136.6728
v 046.1116 008.4525 137.2712
v 046.1116 008.4525 -137.2712
v 046.5671 246.3000 -138.6270
v 046.5671 246.3000 138.6270
v 046.7878 259.7400 -024.3424
v 046.7878 259.7400 024.3424
v 047.2283 243.5437 -140.5953
v 047.2283 243.5437 140.5953
v 047.2434 010.5600 140.6405
v 047.2434 010.5600 -140.6405
v 047.7435 012.7575 142.1292
v 047.7435 012.7575 -142.1292
v 047.8256 257.2800 -047.8256
v 047.8256 257.2800 047.8256
v 047.8560 015.0000 -142.4640
v 047.8560 240.0000 -142.4640
v 047.8560 015.0000 142.4640
v 047.8560 015.0000 142.4640
v 047.8560 015.0000 -142.4640
v 047.8560 240.0000 142.4640
v 048.3027 017.7075 -143.7937
v 048.3027 017.7075 143.7937
v 048.9984 255.0000 -066.7656
v 048.9984 255.0000 066.7656
v 049.5150 021.3600 -147.4028
v 049.5150 021.3600 147.4028
v 049.9272 000.8400 -049.9272
v 049.9272 000.8400 049.9272
v 049.9384 259.7400 -016.7751
v 049.9384 259.7400 016.7751
v 050.2408 224.2575 -149.5635
v 050.2408 224.2575 149.5635
v 050.9349 250.2600 097.9002
v 050.9349 250.2600 -097.9002
v 051.3016 026.0025 -152.7214
v 051.3016 026.0025 152.7214
v 051.9028 259.7400 008.6273
v 051.9028 259.7400 -008.6273
v 052.5778 208.5600 -156.5204
v 052.5778 208.5600 156.5204
v 052.5800 259.7400 -000.0000
v 052.5800 259.7400 000.0000
v 052.9441 003.1200 -101.7621
v 052.9441 003.1200 101.7621
v 053.4711 031.6800 -159.1798
v 053.4711 031.6800 159.1798
v 054.5131 257.2800 -040.0065
v 054.5131 257.2800 040.0065
v 054.8190 192.9525 -163.1925
v 054.8190 192.9525 163.1925
v 055.7774 247.4400 -107.2079
v 055.7774 247.4400 107.2079
v 055.8320 038.4375 -166.2080
v 055.8320 038.4375 166.2080
v 056.5664 001.8225 077.0779
v 056.5664 001.8225 -077.0779
v 056.9086 000.8400 -041.7645
v 056.9086 000.8400 041.7645
v 056.9167 177.4800 -169.4372
v 056.9167 177.4800 169.4372
v 057.6340 252.7200 -078.5325
v 057.6340 252.7200 078.5325
v 058.1929 046.3200 -173.2362
v 058.1929 046.3200 173.2362
v 058.5750 255.0000 -058.5750
v 058.5750 255.0000 058.5750
v 058.8230 162.1875 -175.1120
v 058.8230 162.1875 175.1120
v 059.0089 244.0800 113.4190
v 059.0089 244.0800 -113.4190
v 059.4614 004.6875 -114.2888
v 059.4614 004.6875 114.2888
v 059.9396 257.2800 -031.1850
v 059.9396 257.2800 031.1850
v 060.1848 240.0000 -115.6792
v 060.1848 240.0000 115.6792
v 060.3624 055.3725 -179.6946
v 060.3624 055.3725 179.6946
v 060.4900 147.1200 -180.0745
v 060.4900 147.1200 180.0745
v 061.8698 132.3225 -184.1822
v 061.8698 132.3225 184.1822
v 062.1490 065.6400 -185.0132
v 062.1490 065.6400 185.0132
v 062.5735 000.8400 032.5553
v 062.5735 000.8400 -032.5553
v 062.9147 117.8400 -187.2927
v 062.9147 117.8400 187.2927
v 063.3613 077.1675 -188.6223
v 063.3613 077.1675 188.6223
v 063.5767 103.7175 -189.2634
v 063.5767 103.7175 189.2634
v 063.8080 090.0000 -189.9520
v 063.8080 090.0000 -189.9520
v 063.8080 090.0000 189.9520
v 063.8080 090.0000 189.9520
v 063.9070 246.3000 -122.8335
v 063.9070 246.3000 122.8335
v 063.9758 257.2800 -021.4905
v 063.9758 257.2800 021.4905
v 063.9915 248.2687 122.9959
v 063.9915 248.2687 -122.9959
v 063.9996 006.4800 -123.0115
v 063.9996 006.4800 123.0115
v 064.1628 243.5437 -123.3252
v 064.1628 243.5437 123.3252
v 064.3607 249.4500 -123.7056
v 064.3607 249.4500 123.7056
v 064.8144 240.0000 -124.5776
v 064.8144 240.0000 124.5776
v 064.9591 249.8438 -124.8557
v 064.9591 249.8438 124.8557
v 065.3431 250.2600 -089.0370
v 065.3431 250.2600 089.0370
v 065.7311 249.4500 -126.3395
v 065.7311 249.4500 126.3395
v 066.4924 257.2800 -011.0524
v 066.4924 257.2800 011.0524
v 066.6211 248.2687 128.0502
v 066.6211 248.2687 -128.0502
v 066.7656 255.0000 -048.9984
v 066.7656 255.0000 048.9984
v 066.7871 000.8400 -022.4349
v 066.7871 000.8400 022.4349
v 066.9128 008.4525 -128.6108
v 066.9128 008.4525 128.6108
v 067.3600 257.2800 000.0000
v 067.3600 257.2800 -000.0000
v 067.5736 246.3000 -129.8810
v 067.5736 246.3000 129.8810
v 067.6222 001.8225 067.6222
v 067.6222 001.8225 -067.6222
v 067.9207 003.1200 -092.5493
v 067.9207 003.1200 092.5493
v 068.5331 243.5437 -131.7252
v 068.5331 243.5437 131.7252
v 068.5551 010.5600 -131.7675
v 068.5551 010.5600 131.7675
v 068.8984 252.7200 -068.8984
v 068.8984 252.7200 068.8984
v 069.2808 012.7575 133.1623
v 069.2808 012.7575 -133.1623
v 069.4143 000.8400 -011.5381
v 069.4143 000.8400 011.5381
v 069.4440 015.0000 133.4760
v 069.4440 015.0000 -133.4760
v 069.4440 240.0000 133.4760
v 069.4440 015.0000 -133.4760
v 069.4440 015.0000 133.4760
v 069.4440 240.0000 -133.4760
v 070.0921 017.7075 134.7218
v 070.0921 017.7075 -134.7218
v 070.3200 000.8400 000.0000
v 071.5555 247.4400 -097.5021
v 071.5555 247.4400 097.5021
v 071.8514 021.3600 138.1032
v 071.8514 021.3600 -138.1032
v 072.9046 224.2575 -140.1276
v 072.9046 224.2575 140.1276
v 073.4118 255.0000 -038.1942
v 073.4118 255.0000 038.1942
v 074.4440 026.0025 143.0863
v 074.4440 026.0025 -143.0863
v 075.7010 244.0800 103.1508
v 075.7010 244.0800 -103.1508
v 076.2816 004.6875 -103.9419
v 076.2816 004.6875 103.9419
v 076.2958 208.5600 -146.6456
v 076.2958 208.5600 146.6456
v 077.0779 001.8225 056.5664
v 077.0779 001.8225 -056.5664
v 077.2096 240.0000 -105.2064
v 077.2096 240.0000 105.2064
v 077.5921 031.6800 -149.1372
v 077.5921 031.6800 149.1372
v 078.1142 250.2600 -078.1142
v 078.1142 250.2600 078.1142
v 078.3552 255.0000 -026.3208
v 078.3552 255.0000 026.3208
v 078.5325 252.7200 -057.6340
v 078.5325 252.7200 057.6340
v 079.5481 192.9525 152.8968
v 079.5481 192.9525 -152.8968
v 081.0180 038.4375 155.7220
v 081.0180 038.4375 -155.7220
v 081.1956 003.1200 081.1956
v 081.1956 003.1200 -081.1956
v 081.4374 255.0000 -013.5366
v 081.4374 255.0000 013.5366
v 081.9847 246.3000 -111.7130
v 081.9847 246.3000 111.7130
v 082.0931 248.2687 111.8607
v 082.0931 248.2687 -111.8607
v 082.1035 006.4800 111.8749
v 082.1035 006.4800 -111.8749
v 082.3129 243.5437 -112.1601
v 082.3129 243.5437 112.1601
v 082.5000 255.0000 000.0000
v 082.5000 255.0000 000.0000
v 082.5668 249.4500 -112.5061
v 082.5668 249.4500 112.5061
v 082.5921 177.4800 158.7475
v 082.5921 177.4800 -158.7475
v 083.1488 240.0000 -113.2992
v 083.1488 240.0000 113.2992
v 083.3344 249.8438 -113.5521
v 083.3344 249.8438 113.5521
v 084.3248 249.4500 -114.9016
v 084.3248 249.4500 114.9016
v 084.4439 046.3200 162.3068
v 084.4439 046.3200 -162.3068
v 084.7506 001.8225 -044.0935
v 084.7506 001.8225 044.0935
v 085.3583 162.1875 -164.0643
v 085.3583 162.1875 164.0643
v 085.4666 248.2687 -116.4574
v 085.4666 248.2687 116.4574
v 085.5408 247.4400 -085.5408
v 085.5408 247.4400 085.5408
v 085.8407 008.4525 -116.9673
v 085.8407 008.4525 116.9673
v 086.3501 252.7200 -044.9256
v 086.3501 252.7200 044.9256
v 086.6886 246.3000 -118.1225
v 086.6886 246.3000 118.1225
v 087.5920 055.3725 -168.3577
v 087.5920 055.3725 168.3577
v 087.7772 147.1200 -168.7137
v 087.7772 147.1200 168.7137
v 087.9195 243.5437 -119.7997
v 087.9195 243.5437 119.7997
v 087.9477 010.5600 -119.8382
v 087.9477 010.5600 119.8382
v 088.8786 012.7575 121.1067
v 088.8786 012.7575 -121.1067
v 089.0370 250.2600 -065.3431
v 089.0370 250.2600 065.3431
v 089.0880 015.0000 -121.3920
v 089.0880 015.0000 121.3920
v 089.0880 240.0000 -121.3920
v 089.0880 015.0000 -121.3920
v 089.0880 015.0000 121.3920
v 089.0880 240.0000 121.3920
v 089.7795 132.3225 -172.5622
v 089.7795 132.3225 172.5622
v 089.9195 017.7075 122.5250
v 089.9195 017.7075 -122.5250
v 090.1846 065.6400 -173.3408
v 090.1846 065.6400 173.3408
v 090.4575 001.8225 030.3862
v 090.4575 001.8225 -030.3862
v 090.4966 244.0800 090.4966
v 090.4966 244.0800 -090.4966
v 091.1906 004.6875 -091.1906
v 091.1906 004.6875 091.1906
v 091.2957 117.8400 -175.4764
v 091.2957 117.8400 175.4764
v 091.9439 077.1675 -176.7222
v 091.9439 077.1675 176.7222
v 092.1647 252.7200 -030.9596
v 092.1647 252.7200 030.9596
v 092.1764 021.3600 125.6003
v 092.1764 021.3600 -125.6003
v 092.2564 103.7175 177.3229
v 092.2564 103.7175 -177.3229
v 092.3000 240.0000 -092.3000
v 092.3000 240.0000 092.3000
v 092.5493 003.1200 067.9207
v 092.5493 003.1200 -067.9207
v 092.5920 090.0000 177.9680
v 092.5920 090.0000 -177.9680
v 092.5920 090.0000 -177.9680
v 092.5920 090.0000 177.9680
v 093.5276 224.2575 -127.4414
v 093.5276 224.2575 127.4414
v 094.0158 001.8225 015.6274
v 094.0158 001.8225 -015.6274
v 095.2425 001.8225 000.0000
v 095.2425 001.8225 000.0000
v 095.5023 026.0025 130.1322
v 095.5023 026.0025 -130.1322
v 095.7901 252.7200 -015.9223
v 095.7901 252.7200 015.9223
v 097.0400 252.7200 000.0000
v 097.0400 252.7200 -000.0000
v 097.5021 247.4400 -071.5555
v 097.5021 247.4400 071.5555
v 097.8780 208.5600 -133.3693
v 097.8780 208.5600 133.3693
v 097.9002 250.2600 050.9349
v 097.9002 250.2600 -050.9349
v 098.0084 246.3000 -098.0084
v 098.0084 246.3000 098.0084
v 098.1380 248.2687 -098.1380
v 098.1380 248.2687 098.1380
v 098.1504 006.4800 098.1504
v 098.1504 006.4800 -098.1504
v 098.4007 243.5437 -098.4007
v 098.4007 243.5437 098.4007
v 098.7042 249.4500 -098.7042
v 098.7042 249.4500 098.7042
v 099.4000 240.0000 -099.4000
v 099.4000 240.0000 099.4000
v 099.5410 031.6800 -135.6353
v 099.5410 031.6800 135.6353
v 099.6219 249.8438 -099.6219
v 099.6219 249.8438 099.6219
v 100.8058 249.4500 -100.8058
v 100.8058 249.4500 100.8058
v 101.7621 003.1200 052.9441
v 101.7621 003.1200 -052.9441
v 102.0503 192.9525 -139.0545
v 102.0503 192.9525 139.0545
v 102.1708 248.2687 -102.1708
v 102.1708 248.2687 102.1708
v 102.6181 008.4525 -102.6181
v 102.6181 008.4525 102.6181
v 103.1508 244.0800 075.7010
v 103.1508 244.0800 -075.7010
v 103.6316 246.3000 -103.6316
v 103.6316 246.3000 103.6316
v 103.9360 038.4375 -141.6240
v 103.9360 038.4375 141.6240
v 103.9419 004.6875 -076.2816
v 103.9419 004.6875 076.2816
v 104.4926 250.2600 -035.1008
v 104.4926 250.2600 035.1008
v 105.1031 243.5437 -105.1031
v 105.1031 243.5437 105.1031
v 105.1368 010.5600 -105.1368
v 105.1368 010.5600 105.1368
v 105.2064 240.0000 -077.2096
v 105.2064 240.0000 077.2096
v 105.9553 177.4800 -144.3756
v 105.9553 177.4800 144.3756
v 106.2497 012.7575 106.2497
v 106.2497 012.7575 -106.2497
v 106.5000 015.0000 -106.5000
v 106.5000 015.0000 106.5000
v 106.5000 240.0000 -106.5000
v 106.5000 240.0000 106.5000
v 107.2079 247.4400 -055.7774
v 107.2079 247.4400 055.7774
v 107.4940 017.7075 -107.4940
v 107.4940 017.7075 107.4940
v 108.3310 046.3200 -147.6127
v 108.3310 046.3200 147.6127
v 108.6029 250.2600 018.0521
v 108.6029 250.2600 -018.0521
v 108.6146 003.1200 036.4854
v 108.6146 003.1200 -036.4854
v 109.5040 162.1875 -149.2110
v 109.5040 162.1875 149.2110
v 110.0200 250.2600 -000.0000
v 110.0200 250.2600 000.0000
v 110.1920 021.3600 110.1920
v 110.1920 021.3600 -110.1920
v 111.7130 246.3000 -081.9847
v 111.7130 246.3000 081.9847
v 111.8073 224.2575 -111.8073
v 111.8073 224.2575 111.8073
v 111.8607 248.2687 -082.0931
v 111.8607 248.2687 082.0931
v 111.8749 006.4800 -082.1035
v 111.8749 006.4800 082.1035
v 112.1601 243.5437 -082.3129
v 112.1601 243.5437 082.3129
v 112.3697 055.3725 -153.1158
v 112.3697 055.3725 153.1158
v 112.5061 249.4500 -082.5668
v 112.5061 249.4500 082.5668
v 112.6072 147.1200 -153.4395
v 112.6072 147.1200 153.4395
v 112.8870 003.1200 -018.7642
v 112.8870 003.1200 018.7642
v 113.2992 240.0000 -083.1488
v 113.2992 240.0000 083.1488
v 113.4190 244.0800 059.0089
v 113.4190 244.0800 -059.0089
v 113.5521 249.8438 -083.3344
v 113.5521 249.8438 083.3344
v 114.1680 026.0025 114.1680
v 114.1680 026.0025 -114.1680
v 114.2888 004.6875 -059.4614
v 114.2888 004.6875 059.4614
v 114.3600 003.1200 000.0000
v 114.3600 003.1200 000.0000
v 114.4271 247.4400 -038.4379
v 114.4271 247.4400 038.4379
v 114.9016 249.4500 -084.3248
v 114.9016 249.4500 084.3248
v 115.1759 132.3225 -156.9396
v 115.1759 132.3225 156.9396
v 115.6792 240.0000 -060.1848
v 115.6792 240.0000 060.1848
v 115.6956 065.6400 -157.6477
v 115.6956 065.6400 157.6477
v 116.4574 248.2687 -085.4666
v 116.4574 248.2687 085.4666
v 116.9673 008.4525 -085.8407
v 116.9673 008.4525 085.8407
v 117.0080 208.5600 -117.0080
v 117.0080 208.5600 117.0080
v 117.1210 117.8400 -159.5900
v 117.1210 117.8400 159.5900
v 117.9525 077.1675 -160.7230
v 117.9525 077.1675 160.7230
v 118.1225 246.3000 -086.6886
v 118.1225 246.3000 086.6886
v 118.3534 103.7175 -161.2693
v 118.3534 103.7175 161.2693
v 118.7840 090.0000 -161.8560
v 118.7840 090.0000 -161.8560
v 118.7840 090.0000 161.8560
v 118.7840 090.0000 161.8560
v 118.9282 247.4400 -019.7684
v 118.9282 247.4400 019.7684
v 118.9960 031.6800 -118.9960
v 118.9960 031.6800 118.9960
v 119.7997 243.5437 -087.9195
v 119.7997 243.5437 087.9195
v 119.8382 010.5600 -087.9477
v 119.8382 010.5600 087.9477
v 120.4800 247.4400 000.0000
v 120.4800 247.4400 -000.0000
v 121.0564 244.0800 040.6648
v 121.0564 244.0800 -040.6648
v 121.1067 012.7575 088.8786
v 121.1067 012.7575 -088.8786
v 121.3920 015.0000 -089.0880
v 121.3920 015.0000 -089.0880
v 121.3920 015.0000 089.0880
v 121.3920 015.0000 089.0880
v 121.3920 240.0000 -089.0880
v 121.3920 240.0000 089.0880
v 121.9848 004.6875 -040.9767
v 121.9848 004.6875 040.9767
v 121.9958 192.9525 121.9958
v 121.9958 192.9525 -121.9958
v 122.5250 017.7075 089.9195
v 122.5250 017.7075 -089.9195
v 122.8335 246.3000 -063.9070
v 122.8335 246.3000 063.9070
v 122.9959 248.2687 -063.9915
v 122.9959 248.2687 063.9915
v 123.0115 006.4800 -063.9996
v 123.0115 006.4800 063.9996
v 123.3252 243.5437 -064.1628
v 123.3252 243.5437 064.1628
v 123.4688 240.0000 -041.4752
v 123.4688 240.0000 041.4752
v 123.7056 249.4500 -064.3607
v 123.7056 249.4500 064.3607
v 124.2500 038.4375 -124.2500
v 124.2500 038.4375 124.2500
v 124.5776 240.0000 -064.8144
v 124.5776 240.0000 064.8144
v 124.8557 249.8438 -064.9591
v 124.8557 249.8438 064.9591
v 125.6003 021.3600 092.1764
v 125.6003 021.3600 -092.1764
v 125.8183 244.0800 020.9136
v 125.8183 244.0800 -020.9136
v 126.3395 249.4500 -065.7311
v 126.3395 249.4500 065.7311
v 126.6640 177.4800 -126.6640
v 126.6640 177.4800 126.6640
v 126.7832 004.6875 -021.0740
v 126.7832 004.6875 021.0740
v 127.4414 224.2575 -093.5276
v 127.4414 224.2575 093.5276
v 127.4600 244.0800 000.0000
v 127.4600 244.0800 000.0000
v 128.0502 248.2687 -066.6211
v 128.0502 248.2687 066.6211
v 128.3256 240.0000 -021.3304
v 128.3256 240.0000 021.3304
v 128.4375 004.6875 000.0000
v 128.4375 004.6875 -000.0000
v 128.6108 008.4525 -066.9128
v 128.6108 008.4525 066.9128
v 129.5040 046.3200 -129.5040
v 129.5040 046.3200 129.5040
v 129.8810 246.3000 -067.5736
v 129.8810 246.3000 067.5736
v 130.0000 240.0000 000.0000
v 130.0000 240.0000 -000.0000
v 130.1322 026.0025 095.5023
v 130.1322 026.0025 -095.5023
v 130.9063 162.1875 -130.9063
v 130.9063 162.1875 130.9063
v 131.1049 246.3000 -044.0403
v 131.1049 246.3000 044.0403
v 131.2782 248.2687 -044.0985
v 131.2782 248.2687 044.0985
v 131.2948 006.4800 044.1041
v 131.2948 006.4800 -044.1041
v 131.6296 243.5437 -044.2166
v 131.6296 243.5437 044.2166
v 131.7252 243.5437 -068.5331
v 131.7252 243.5437 068.5331
v 131.7675 010.5600 -068.5551
v 131.7675 010.5600 068.5551
v 132.0356 249.4500 -044.3529
v 132.0356 249.4500 044.3529
v 132.9664 240.0000 -044.6656
v 132.9664 240.0000 044.6656
v 133.1623 012.7575 069.2808
v 133.1623 012.7575 -069.2808
v 133.2632 249.8438 -044.7653
v 133.2632 249.8438 044.7653
v 133.3693 208.5600 -097.8780
v 133.3693 208.5600 097.8780
v 133.4760 015.0000 069.4440
v 133.4760 015.0000 -069.4440
v 133.4760 015.0000 -069.4440
v 133.4760 015.0000 069.4440
v 133.4760 240.0000 -069.4440
v 133.4760 240.0000 069.4440
v 134.3320 055.3725 -134.3320
v 134.3320 055.3725 134.3320
v 134.6160 147.1200 -134.6160
v 134.6160 147.1200 134.6160
v 134.7218 017.7075 070.0921
v 134.7218 017.7075 -070.0921
v 134.8469 249.4500 -045.2973
v 134.8469 249.4500 045.2973
v 135.6353 031.6800 -099.5410
v 135.6353 031.6800 099.5410
v 136.2620 246.3000 -022.6496
v 136.2620 246.3000 022.6496
v 136.4422 248.2687 -022.6795
v 136.4422 248.2687 022.6795
v 136.4595 006.4800 -022.6824
v 136.4595 006.4800 022.6824
v 136.6728 248.2687 -045.9107
v 136.6728 248.2687 045.9107
v 136.8074 243.5437 -022.7403
v 136.8074 243.5437 022.7403
v 137.2294 249.4500 -022.8104
v 137.2294 249.4500 022.8104
v 137.2712 008.4525 -046.1116
v 137.2712 008.4525 046.1116
v 137.6867 132.3225 -137.6868
v 137.6868 132.3225 137.6867
v 138.0400 246.3000 000.0000
v 138.0400 246.3000 -000.0000
v 138.1032 021.3600 071.8514
v 138.1032 021.3600 -071.8514
v 138.1968 240.0000 -022.9712
v 138.1968 240.0000 022.9712
v 138.2225 248.2687 000.0000
v 138.2225 248.2687 000.0000
v 138.2400 006.4800 000.0000
v 138.2400 006.4800 000.0000
v 138.3080 065.6400 -138.3080
v 138.3080 065.6400 138.3080
v 138.5053 249.8438 -023.0225
v 138.5053 249.8438 023.0225
v 138.5925 243.5437 000.0000
v 138.5925 243.5437 -000.0000
v 138.6270 246.3000 -046.5671
v 138.6270 246.3000 046.5671
v 139.0200 249.4500 000.0000
v 139.0200 249.4500 -000.0000
v 139.0545 192.9525 -102.0503
v 139.0545 192.9525 102.0503
v 140.0000 240.0000 000.0000
v 140.0000 240.0000 000.0000
v 140.0120 117.8400 -140.0120
v 140.0120 117.8400 140.0120
v 140.1276 224.2575 -072.9046
v 140.1276 224.2575 072.9046
v 140.1513 249.4500 -023.2961
v 140.1513 249.4500 023.2961
v 140.3125 249.8438 000.0000
v 140.3125 249.8438 000.0000
v 140.5953 243.5437 -047.2283
v 140.5953 243.5437 047.2283
v 140.6405 010.5600 -047.2434
v 140.6405 010.5600 047.2434
v 141.0060 077.1675 -141.0060
v 141.0060 077.1675 141.0060
v 141.4853 103.7175 -141.4853
v 141.4853 103.7175 141.4853
v 141.6240 038.4375 -103.9360
v 141.6240 038.4375 103.9360
v 141.9800 249.4500 000.0000
v 141.9800 249.4500 -000.0000
v 142.0000 090.0000 -142.0000
v 142.0000 090.0000 -142.0000
v 142.0000 090.0000 142.0000
v 142.0000 090.0000 142.0000
v 142.0490 248.2687 -023.6115
v 142.0490 248.2687 023.6115
v 142.1292 012.7575 047.7435
v 142.1292 012.7575 -047.7435
v 142.4640 015.0000 -047.8560
v 142.4640 015.0000 -047.8560
v 142.4640 015.0000 047.8560
v 142.4640 015.0000 047.8560
v 142.4640 240.0000 -047.8560
v 142.4640 240.0000 047.8560
v 142.6709 008.4525 -023.7149
v 142.6709 008.4525 023.7149
v 143.0863 026.0025 074.4440
v 143.0863 026.0025 -074.4440
v 143.7937 017.7075 048.3027
v 143.7937 017.7075 -048.3027
v 143.9025 248.2687 000.0000
v 144.0800 246.3000 -023.9491
v 144.0800 246.3000 023.9491
v 144.3756 177.4800 -105.9553
v 144.3756 177.4800 105.9553
v 144.5325 008.4525 000.0000
v 144.5325 008.4525 000.0000
v 145.9600 246.3000 000.0000
v 145.9600 246.3000 -000.0000
v 146.1258 243.5437 -024.2892
v 146.1258 243.5437 024.2892
v 146.1727 010.5600 -024.2970
v 146.1727 010.5600 024.2970
v 146.6456 208.5600 -076.2958
v 146.6456 208.5600 076.2958
v 147.4028 021.3600 049.5150
v 147.4028 021.3600 -049.5150
v 147.6127 046.3200 -108.3310
v 147.6127 046.3200 108.3310
v 147.7200 012.7575 024.5542
v 147.7200 012.7575 -024.5542
v 148.0325 243.5437 000.0000
v 148.0325 243.5437 -000.0000
v 148.0680 015.0000 -024.6120
v 148.0680 015.0000 024.6120
v 148.0680 015.0000 024.6120
v 148.0680 015.0000 -024.6120
v 148.0680 240.0000 -024.6120
v 148.0680 240.0000 024.6120
v 148.0800 010.5600 000.0000
v 148.0800 010.5600 000.0000
v 149.1372 031.6800 -077.5921
v 149.1372 031.6800 077.5921
v 149.2110 162.1875 -109.5040
v 149.2110 162.1875 109.5040
v 149.4500 017.7075 024.8417
v 149.4500 017.7075 -024.8417
v 149.5635 224.2575 -050.2408
v 149.5635 224.2575 050.2408
v 149.6475 012.7575 000.0000
v 149.6475 012.7575 000.0000
v 150.0000 015.0000 000.0000
v 150.0000 015.0000 000.0000
v 150.0000 240.0000 000.0000
v 150.0000 240.0000 000.0000
v 151.4000 017.7075 -000.0000
v 151.4000 017.7075 000.0000
v 152.7214 026.0025 -051.3016
v 152.7214 026.0025 051.3016
v 152.8968 192.9525 -079.5481
v 152.8968 192.9525 079.5481
v 153.1158 055.3725 -112.3697
v 153.1158 055.3725 112.3697
v 153.2010 021.3600 025.4652
v 153.2010 021.3600 -025.4652
v 153.4395 147.1200 -112.6072
v 153.4395 147.1200 112.6072
v 155.2000 021.3600 000.0000
v 155.2000 021.3600 000.0000
v 155.4467 224.2575 -025.8385
v 155.4467 224.2575 025.8385
v 155.7220 038.4375 -081.0180
v 155.7220 038.4375 081.0180
v 156.5204 208.5600 -052.5778
v 156.5204 208.5600 052.5778
v 156.9396 132.3225 -115.1759
v 156.9396 132.3225 115.1759
v 157.4750 224.2575 000.0000
v 157.4750 224.2575 000.0000
v 157.6477 065.6400 -115.6956
v 157.6477 065.6400 115.6956
v 158.7289 026.0025 026.3841
v 158.7289 026.0025 -026.3841
v 158.7475 177.4800 -082.5921
v 158.7475 177.4800 082.5921
v 159.1798 031.6800 -053.4711
v 159.1798 031.6800 053.4711
v 159.5900 117.8400 -117.1210
v 159.5900 117.8400 117.1210
v 160.7230 077.1675 -117.9525
v 160.7230 077.1675 117.9525
v 160.8000 026.0025 000.0000
v 160.8000 026.0025 000.0000
v 161.2693 103.7175 -118.3534
v 161.2693 103.7175 118.3534
v 161.8560 090.0000 -118.7840
v 161.8560 090.0000 -118.7840
v 161.8560 090.0000 118.7840
v 161.8560 090.0000 118.7840
v 162.3068 046.3200 -084.4439
v 162.3068 046.3200 084.4439
v 162.6774 208.5600 -027.0404
v 162.6774 208.5600 027.0404
v 163.1925 192.9525 -054.8190
v 163.1925 192.9525 054.8190
v 164.0643 162.1875 -085.3583
v 164.0643 162.1875 085.3583
v 164.8000 208.5600 000.0000
v 164.8000 208.5600 -000.0000
v 165.4413 031.6800 -027.4998
v 165.4413 031.6800 027.4998
v 166.2080 038.4375 -055.8320
v 166.2080 038.4375 055.8320
v 167.6000 031.6800 000.0000
v 167.6000 031.6800 000.0000
v 168.3577 055.3725 -087.5920
v 168.3577 055.3725 087.5920
v 168.7137 147.1200 -087.7772
v 168.7137 147.1200 087.7772
v 169.4372 177.4800 -056.9167
v 169.4372 177.4800 056.9167
v 169.6119 192.9525 -028.1930
v 169.6119 192.9525 028.1930
v 170.0000 060.0000 000.0000
v 170.0000 060.0000 000.0000
v 170.0000 062.3100 017.8200
v 170.0000 062.3100 -017.8200
v 170.0000 068.5800 -031.6800
v 170.0000 068.5800 031.6800
v 170.0000 077.8200 041.5800
v 170.0000 077.8200 -041.5800
v 170.0000 089.0400 -047.5200
v 170.0000 089.0400 047.5200
v 170.0000 101.2500 -049.5000
v 170.0000 101.2500 049.5000
v 170.0000 113.4600 -047.5200
v 170.0000 113.4600 047.5200
v 170.0000 124.6800 041.5800
v 170.0000 124.6800 -041.5800
v 170.0000 133.9200 -031.6800
v 170.0000 133.9200 031.6800
v 170.0000 140.1900 017.8200
v 170.0000 140.1900 -017.8200
v 170.0000 142.5000 000.0000
v 170.0000 142.5000 000.0000
v 171.8250 192.9525 000.0000
v 171.8250 192.9525 000.0000
v 172.5622 132.3225 -089.7795
v 172.5622 132.3225 089.7795
v 172.7460 038.4375 -028.7140
v 172.7460 038.4375 028.7140
v 173.2362 046.3200 -058.1929
v 173.2362 046.3200 058.1929
v 173.3408 065.6400 -090.1846
v 173.3408 065.6400 090.1846
v 175.0000 038.4375 000.0000
v 175.0000 038.4375 000.0000
v 175.1120 162.1875 -058.8230
v 175.1120 162.1875 058.8230
v 175.4764 117.8400 -091.2957
v 175.4764 117.8400 091.2957
v 176.1022 177.4800 -029.2719
v 176.1022 177.4800 029.2719
v 176.7222 077.1675 -091.9439
v 176.7222 077.1675 091.9439
v 177.3229 103.7175 -092.2564
v 177.3229 103.7175 092.2564
v 177.9680 090.0000 -092.5920
v 177.9680 090.0000 -092.5920
v 177.9680 090.0000 092.5920
v 177.9680 090.0000 092.5920
v 178.4000 177.4800 000.0000
v 178.4000 177.4800 000.0000
v 179.6946 055.3725 -060.3624
v 179.6946 055.3725 060.3624
v 180.0507 046.3200 -029.9282
v 180.0507 046.3200 029.9282
v 180.0745 147.1200 -060.4900
v 180.0745 147.1200 060.4900
v 182.0003 162.1875 -030.2523
v 182.0003 162.1875 030.2522
v 182.4000 046.3200 000.0000
v 182.4000 046.3200 000.0000
v 184.1822 132.3225 -061.8698
v 184.1822 132.3225 061.8698
v 184.3750 162.1875 000.0000
v 184.3750 162.1875 -000.0000
v 185.0132 065.6400 -062.1490
v 185.0132 065.6400 062.1490
v 186.7631 055.3725 -031.0439
v 186.7631 055.3725 031.0439
v 187.1580 147.1200 -031.1096
v 187.1580 147.1200 031.1096
v 187.2927 117.8400 -062.9147
v 187.2927 117.8400 062.9147
v 188.6223 077.1675 -063.3613
v 188.6223 077.1675 063.3613
v 189.2000 055.3725 000.0000
v 189.2000 055.3725 -000.0000
v 189.2634 103.7175 -063.5767
v 189.2634 103.7175 063.5767
v 189.6000 147.1200 000.0000
v 189.6000 147.1200 000.0000
v 189.9520 090.0000 -063.8080
v 189.9520 090.0000 -063.8080
v 189.9520 090.0000 063.8080
v 189.9520 090.0000 063.8080
v 191.4272 132.3225 -031.8192
v 191.4272 132.3225 031.8192
v 192.2910 065.6400 -031.9628
v 192.2910 065.6400 031.9628
v 193.5900 144.4200 000.0000
v 193.5900 144.4200 000.0000
v 193.9250 132.3225 000.0000
v 193.9250 132.3225 -000.0000
v 193.9394 142.3221 -017.5100
v 193.9394 142.3221 017.5100
v 194.6601 117.8400 -032.3566
v 194.6601 117.8400 032.3566
v 194.8000 065.6400 000.0000
v 194.8000 065.6400 -000.0000
v 194.8879 136.6278 -031.1290
v 194.8879 136.6278 031.1290
v 196.0420 077.1675 -032.5863
v 196.0420 077.1675 032.5863
v 196.2857 128.2362 -040.8568
v 196.2857 128.2362 040.8568
v 196.7083 103.7175 -032.6970
v 196.7083 103.7175 032.6970
v 197.2000 117.8400 000.0000
v 197.2000 117.8400 000.0000
v 197.4240 090.0000 -032.8160
v 197.4240 090.0000 032.8160
v 197.4240 090.0000 032.8160
v 197.9830 118.0464 -046.6934
v 197.9830 118.0464 046.6934
v 198.6000 077.1675 000.0000
v 198.6000 077.1675 -000.0000
v 199.2750 103.7175 000.0000
v 199.2750 103.7175 000.0000
v 199.8300 106.9575 -048.6390
v 199.8300 106.9575 048.6390
v 200.0000 090.0000 000.0000
v 200.0000 090.0000 000.0000
v 201.6770 095.8686 -046.6934
v 201.6770 095.8686 046.6934
v 203.3743 085.6788 -040.8568
v 203.3743 085.6788 040.8568
v 204.7721 077.2872 031.1290
v 204.7721 077.2872 -031.1290
v 205.7206 071.5929 017.5100
v 205.7206 071.5929 -017.5100
v 206.0700 069.4950 000.0000
v 206.0700 069.4950 000.0000
v 211.1200 149.7600 000.0000
v 211.1200 149.7600 000.0000
v 211.6979 147.9120 -016.6687
v 211.6979 147.9120 016.6687
v 213.2666 142.8960 -029.6333
v 213.2666 142.8960 029.6333
v 215.5782 135.5040 -038.8937
v 215.5782 135.5040 038.8937
v 218.3853 126.5280 -044.4499
v 218.3853 126.5280 044.4499
v 221.4400 116.7600 -046.3020
v 221.4400 116.7600 046.3020
v 223.7300 157.8900 000.0000
v 223.7300 157.8900 000.0000
v 224.4457 156.3171 -015.4289
v 224.4457 156.3171 015.4289
v 224.4947 106.9920 -044.4499
v 224.4947 106.9920 044.4499
v 226.3882 152.0478 -027.4291
v 226.3882 152.0478 027.4291
v 227.3018 098.0160 -038.8937
v 227.3018 098.0160 038.8937
v 229.2510 145.7562 -036.0007
v 229.2510 145.7562 036.0007
v 229.6134 090.6240 -029.6333
v 229.6134 090.6240 029.6333
v 231.1821 085.6080 -016.6687
v 231.1821 085.6080 016.6687
v 231.7600 083.7600 000.0000
v 231.7600 083.7600 000.0000
v 232.5600 168.1800 000.0000
v 232.5600 168.1800 000.0000
v 232.7271 138.1164 -041.1437
v 232.7271 138.1164 041.1437
v 233.3530 166.8948 -013.9234
v 233.3530 166.8948 013.9234
v 235.5053 163.4064 -024.7526
v 235.5053 163.4064 024.7526
v 236.5100 129.8025 -042.8580
v 236.5100 129.8025 042.8580
v 238.6771 158.2656 -032.4878
v 238.6771 158.2656 032.4878
v 238.7500 180.0000 000.0000
v 238.7500 180.0000 000.0000
v 239.5900 179.0025 012.2850
v 239.5900 179.0025 -012.2850
v 240.2929 121.4886 -041.1437
v 240.2929 121.4886 041.1437
v 241.8700 176.2950 -021.8400
v 241.8700 176.2950 021.8400
v 242.5286 152.0232 -037.1290
v 242.5286 152.0232 037.1290
v 243.4400 192.7200 000.0000
v 243.4400 192.7200 000.0000
v 243.7690 113.8488 -036.0007
v 243.7690 113.8488 036.0007
v 244.3270 191.9976 010.6466
v 244.3270 191.9976 -010.6466
v 245.2300 172.3050 -028.6650
v 245.2300 172.3050 028.6650
v 246.6318 107.5572 -027.4291
v 246.6318 107.5572 027.4291
v 246.7200 145.2300 -038.6760
v 246.7200 145.2300 038.6760
v 246.7347 190.0368 018.9274
v 246.7347 190.0368 -018.9274
v 247.7700 205.7100 000.0000
v 247.7700 205.7100 000.0000
v 248.5743 103.2879 -015.4289
v 248.5743 103.2879 015.4289
v 248.7343 205.2375 -009.1411
v 248.7343 205.2375 009.1411
v 249.2900 101.7150 000.0000
v 249.2900 101.7150 000.0000
v 249.3100 167.4600 -032.7600
v 249.3100 167.4600 032.7600
v 250.2829 187.1472 024.8422
v 250.2829 187.1472 -024.8422
v 250.9114 138.4368 -037.1290
v 250.9114 138.4368 037.1290
v 251.3518 203.9550 016.2509
v 251.3518 203.9550 -016.2509
v 252.8800 218.3400 000.0000
v 253.7500 162.1875 -034.1250
v 253.7500 162.1875 034.1250
v 253.9821 218.0796 -007.9013
v 253.9821 218.0796 007.9013
v 254.5914 183.6384 -028.3910
v 254.5914 183.6384 028.3910
v 254.7629 132.1944 -032.4878
v 254.7629 132.1944 032.4878
v 255.2090 202.0650 -021.3293
v 255.2090 202.0650 021.3293
v 256.9734 217.3728 -014.0467
v 256.9734 217.3728 014.0467
v 257.9347 127.0536 -024.7526
v 257.9347 127.0536 024.7526
v 258.1900 156.9150 -032.7600
v 258.1900 156.9150 032.7600
v 259.2800 179.8200 -029.5740
v 259.2800 179.8200 029.5740
v 259.8929 199.7700 -024.3763
v 259.8929 199.7700 024.3763
v 259.9100 229.9800 000.0000
v 259.9100 229.9800 000.0000
v 260.0870 123.5652 -013.9234
v 260.0870 123.5652 013.9234
v 260.8800 122.2800 000.0000
v 260.8800 122.2800 000.0000
v 261.2406 229.8813 007.0600
v 261.2406 229.8813 -007.0600
v 261.3818 216.3312 -018.4363
v 261.3818 216.3312 018.4363
v 262.2700 152.0700 -028.6650
v 262.2700 152.0700 028.6650
v 263.9686 176.0016 -028.3910
v 263.9686 176.0016 028.3910
v 264.8521 229.6134 012.5510
v 264.8521 229.6134 -012.5510
v 264.9900 197.2725 025.3920
v 264.9900 197.2725 -025.3920
v 265.6300 148.0800 -021.8400
v 265.6300 148.0800 021.8400
v 266.7347 215.0664 -021.0701
v 266.7347 215.0664 021.0701
v 267.9100 145.3725 012.2850
v 267.9100 145.3725 -012.2850
v 268.2771 172.4928 024.8422
v 268.2771 172.4928 -024.8422
v 268.7500 144.3750 000.0000
v 268.7500 144.3750 000.0000
v 270.0000 240.0000 000.0000
v 270.0000 240.0000 000.0000
v 270.0000 240.0000 000.0000
v 270.0871 194.7750 -024.3763
v 270.0871 194.7750 024.3763
v 270.1743 229.2186 016.4732
v 270.1743 229.2186 -016.4732
v 271.6800 240.0000 006.7500
v 271.6800 240.0000 -006.7500
v 271.6800 240.0000 -006.7500
v 271.6800 240.0000 006.7500
v 271.8253 169.6032 018.9274
v 271.8253 169.6032 -018.9274
v 272.5600 213.6900 -021.9480
v 272.5600 213.6900 021.9480
v 272.9800 242.0250 000.0000
v 274.2330 167.6424 010.6466
v 274.2330 167.6424 -010.6466
v 274.7407 242.0406 -006.6744
v 274.7407 242.0406 006.6744
v 274.7710 192.4800 -021.3293
v 274.7710 192.4800 021.3293
v 275.1200 166.9200 000.0000
v 275.1200 166.9200 000.0000
v 275.8400 243.6000 000.0000
v 276.2400 240.0000 012.0000
v 276.2400 240.0000 -012.0000
v 276.2400 240.0000 -012.0000
v 276.2400 240.0000 012.0000
v 276.6370 228.7392 018.8266
v 276.6370 228.7392 -018.8266
v 277.6365 243.6302 -006.4692
v 277.6365 243.6302 006.4692
v 278.3853 212.3136 -021.0701
v 278.3853 212.3136 021.0701
v 278.4600 244.7250 000.0000
v 278.4600 244.7250 000.0000
v 278.6282 190.5900 016.2509
v 278.6282 190.5900 -016.2509
v 279.5198 242.0829 -011.8656
v 279.5198 242.0829 011.8656
v 280.0000 240.0000 000.0000
v 280.2528 244.7680 -006.1668
v 280.2528 244.7680 006.1668
v 280.7200 245.4000 000.0000
v 281.1200 240.0000 -004.0500
v 281.1200 240.0000 004.0500
v 281.2457 189.3075 009.1411
v 281.2457 189.3075 -009.1411
v 282.2100 188.8350 000.0000
v 282.2100 188.8350 000.0000
v 282.4200 242.0250 000.0000
v 282.4200 242.0250 000.0000
v 282.4750 245.4529 -005.7996
v 282.4750 245.4529 005.7996
v 282.5000 245.6250 000.0000
v 282.5000 245.6250 000.0000
v 282.5126 243.7123 -011.5008
v 282.5126 243.7123 011.5008
v 282.9600 240.0000 015.7500
v 282.9600 240.0000 -015.7500
v 282.9600 240.0000 -015.7500
v 282.9600 240.0000 015.7500
v 283.6672 242.0519 -004.1256
v 283.6672 242.0519 004.1256
v 283.6700 228.2175 019.6110
v 283.6700 228.2175 -019.6110
v 283.6800 245.4000 000.0000
v 283.6800 245.4000 000.0000
v 283.7382 211.0488 -018.4363
v 283.7382 211.0488 018.4363
v 283.7600 243.6000 000.0000
v 283.7600 243.6000 000.0000
v 284.1400 244.7250 000.0000
v 284.1400 244.7250 000.0000
v 284.1600 240.0000 -007.2000
v 284.1600 240.0000 007.2000
v 284.1887 245.6841 -005.4000
v 284.1887 245.6841 005.4000
v 285.1189 244.8847 -010.9632
v 285.1189 244.8847 010.9632
v 285.1331 243.6454 -004.3308
v 285.1331 243.6454 004.3308
v 285.2794 245.4605 -005.0004
v 285.2794 245.4605 005.0004
v 285.6323 244.7812 -004.6332
v 285.6323 244.7812 004.6332
v 286.5626 242.1453 -015.5736
v 286.5626 242.1453 015.5736
v 287.0524 242.1250 -007.3344
v 287.0524 242.1250 007.3344
v 287.2387 245.5966 -010.3104
v 287.2387 245.5966 010.3104
v 288.1466 210.0072 -014.0467
v 288.1466 210.0072 014.0467
v 288.6400 240.0000 -009.4500
v 288.6400 240.0000 009.4500
v 288.7725 245.8444 -009.6000
v 288.7725 245.8444 009.6000
v 288.8602 243.7685 -007.6992
v 288.8602 243.7685 007.6992
v 289.6205 245.6246 008.8896
v 289.6205 245.6246 -008.8896
v 289.6829 244.9338 -008.2368
v 289.6829 244.9338 008.2368
v 289.6986 243.8333 -015.0948
v 289.6986 243.8333 015.0948
v 290.7030 227.6958 018.8266
v 290.7030 227.6958 -018.8266
v 291.1200 240.0000 -018.0000
v 291.1200 240.0000 -018.0000
v 291.1200 240.0000 018.0000
v 291.1379 209.3004 -007.9013
v 291.1379 209.3004 007.9013
v 292.0412 242.2328 -009.6264
v 292.0412 242.2328 009.6264
v 292.2400 209.0400 000.0000
v 292.2899 245.0567 -014.3892
v 292.2899 245.0567 014.3892
v 294.0800 240.0000 -010.8000
v 294.0800 240.0000 010.8000
v 294.2589 245.8082 -013.5324
v 294.2589 245.8082 013.5324
v 294.3526 243.9499 -010.1052
v 294.3526 243.9499 010.1052
v 295.1146 242.2210 -017.7984
v 295.1146 242.2210 017.7984
v 295.5275 246.0806 -012.6000
v 295.5275 246.0806 012.6000
v 295.6523 245.1588 -010.8108
v 295.6523 245.1588 010.8108
v 296.0179 245.8666 -011.6676
v 296.0179 245.8666 011.6676
v 297.1657 227.2164 016.4732
v 297.1657 227.2164 -016.4732
v 298.0990 242.3636 011.0016
v 298.0990 242.3636 -011.0016
v 298.4243 243.9802 -017.2512
v 298.4243 243.9802 017.2512
v 300.0000 240.0000 -018.7500
v 300.0000 240.0000 -018.7500
v 300.0000 240.0000 -011.2500
v 300.0000 240.0000 011.2500
v 300.0000 240.0000 018.7500
v 300.9977 245.2655 -016.4448
v 300.9977 245.2655 016.4448
v 301.0221 244.1702 -011.5488
v 301.0221 244.1702 011.5488
v 302.4879 226.8216 012.5510
v 302.4879 226.8216 -012.5510
v 302.7834 246.0653 -015.4656
v 302.7834 246.0653 015.4656
v 302.9007 245.4319 -012.3552
v 302.9007 245.4319 012.3552
v 303.7300 246.3675 -014.4000
v 303.7300 246.3675 014.4000
v 303.7862 246.1603 013.3344
v 303.7862 246.1603 -013.3344
v 304.4212 242.3034 -018.5400
v 304.4212 242.3034 018.5400
v 304.6912 242.5059 011.4600
v 304.6912 242.5059 -011.4600
v 305.9200 240.0000 -010.8000
v 305.9200 240.0000 010.8000
v 306.0994 226.5537 007.0600
v 306.0994 226.5537 -007.0600
v 307.4300 226.4550 000.0000
v 307.4300 226.4550 000.0000
v 307.9200 244.1400 -017.9700
v 307.9200 244.1400 017.9700
v 308.2800 244.4100 -012.0300
v 308.2800 244.4100 012.0300
v 308.8800 240.0000 -018.0000
v 308.8800 240.0000 -018.0000
v 308.8800 240.0000 018.0000
v 310.4737 245.4928 -017.1300
v 310.4738 245.4928 017.1300
v 310.7887 245.7291 -012.8700
v 310.7887 245.7291 012.8700
v 311.2835 242.6483 011.0016
v 311.2835 242.6483 -011.0016
v 311.3600 240.0000 -009.4500
v 311.3600 240.0000 009.4500
v 312.0600 246.3450 016.1100
v 312.0600 246.3450 -016.1100
v 312.2400 246.4800 013.8900
v 312.2400 246.4800 -013.8900
v 312.6562 246.6797 -015.0000
v 312.6562 246.6797 015.0000
v 313.7279 242.3859 -017.7984
v 313.7279 242.3859 017.7984
v 315.5379 244.6498 -011.5488
v 315.5379 244.6498 011.5488
v 315.8400 240.0000 -007.2000
v 315.8400 240.0000 007.2000
v 317.0400 240.0000 -015.7500
v 317.0400 240.0000 015.7500
v 317.0400 240.0000 -015.7500
v 317.3413 242.7791 -009.6264
v 317.3413 242.7791 009.6264
v 317.4157 244.2998 -017.2512
v 317.4157 244.2998 017.2512
v 318.6768 246.0263 -012.3552
v 318.6768 246.0263 012.3552
v 318.8800 240.0000 -004.0500
v 318.8800 240.0000 004.0500
v 319.9498 245.7201 -016.4448
v 319.9498 245.7201 016.4448
v 320.0000 240.0000 000.0000
v 320.6938 246.7997 013.3344
v 320.6938 246.7997 -013.3344
v 321.3366 246.6247 -015.4656
v 321.3366 246.6247 015.4656
v 321.5825 246.9919 -014.4000
v 321.5825 246.9919 014.4000
v 322.2074 244.8701 -010.1052
v 322.2074 244.8701 010.1052
v 322.2799 242.4616 -015.5736
v 322.2799 242.4616 015.5736
v 322.3301 242.8868 -007.3344
v 322.3301 242.8868 007.3344
v 323.7600 240.0000 -012.0000
v 323.7600 240.0000 012.0000
v 323.7600 240.0000 -012.0000
v 325.7153 242.9599 -004.1256
v 325.7153 242.9599 004.1256
v 325.9252 246.2994 -010.8108
v 325.9252 246.2994 010.8108
v 326.1414 244.4467 -015.0948
v 326.1414 244.4467 015.0948
v 326.9625 242.9869 000.0000
v 326.9625 242.9869 000.0000
v 327.6998 245.0515 -007.6992
v 327.6998 245.0515 007.6992
v 328.3200 240.0000 -006.7500
v 328.3200 240.0000 006.7500
v 328.3200 240.0000 -006.7500
v 328.4621 247.0934 -011.6676
v 328.4621 247.0934 011.6676
v 328.6576 245.9289 -014.3892
v 328.6576 245.9289 014.3892
v 329.3227 242.5240 -011.8656
v 329.3227 242.5240 011.8656
v 329.7850 247.2787 -012.6000
v 329.7850 247.2788 012.6000
v 329.8611 246.8818 -013.5324
v 329.8611 246.8818 013.5324
v 330.0000 240.0000 000.0000
v 330.0000 240.0000 000.0000
v 331.4269 245.1746 -004.3308
v 331.4269 245.1746 004.3308
v 331.8946 246.5243 -008.2368
v 331.8946 246.5243 008.2368
v 332.8000 245.2200 000.0000
v 332.8000 245.2200 000.0000
v 333.3274 244.5677 -011.5008
v 333.3274 244.5677 011.5008
v 334.1018 242.5663 -006.6744
v 334.1018 242.5663 006.6744
v 334.8595 247.3354 008.8896
v 334.8595 247.3354 -008.8896
v 335.8286 246.1009 -010.9632
v 335.8286 246.1009 010.9632
v 335.8625 242.5819 000.0000
v 335.9452 246.6769 -004.6332
v 335.9452 246.6769 004.6332
v 336.5400 247.5150 -009.6000
v 336.5400 247.5150 009.6000
v 336.8813 247.0934 -010.3104
v 336.8813 247.0934 010.3104
v 337.4375 246.7331 000.0000
v 337.4375 246.7331 000.0000
v 338.2035 244.6498 -006.4692
v 338.2035 244.6498 006.4692
v 339.2006 247.4995 -005.0004
v 339.2006 247.4995 005.0004
v 340.0000 244.6800 000.0000
v 340.6947 246.2176 -006.1668
v 340.6947 246.2176 006.1668
v 340.8000 247.5600 000.0000
v 340.8000 247.5600 000.0000
v 341.1237 247.6753 -005.4000
v 341.1237 247.6753 005.4000
v 341.6450 247.2371 -005.7996
v 341.6450 247.2371 005.7996
v 342.4875 246.2606 000.0000
v 342.8125 247.7344 000.0000
v 342.8125 247.7344 000.0000
v 343.4000 247.2900 000.0000

f 2909 2921 2939
f 2939 2931 2909
f 2869 2877 2921
f 2921 2909 2869
f 2819 2827 2877
f 2877 2869 2819
f 2737 2747 2827
f 2827 2819 2737
f 2669 2673 2747
f 2747 2737 2669
f 2567 2575 2673
f 2673 2669 2567
f 2476 2480 2575
f 2575 2567 2476
f 2358 2362 2480
f 2480 2476 2358
f 2158 2162 2362
f 2362 2358 2158
f 1715 1812 2162
f 2162 2158 1715
f 2901 2909 2931
f 2931 2917 2901
f 2863 2869 2909
f 2909 2901 2863
f 2813 2819 2869
f 2869 2863 2813
f 2729 2737 2819
f 2819 2813 2729
f 2663 2669 2737
f 2737 2729 2663
f 2561 2567 2669
f 2669 2663 2561
f 2468 2476 2567
f 2567 2561 2468
f 2350 2358 2476
f 2476 2468 2350
f 2152 2158 2358
f 2358 2350 2152
f 1717 1715 2158
f 2158 2152 1717
f 2903 2901 2917
f 2917 2923 2903
f 2865 2863 2901
f 2901 2903 2865
f 2815 2813 2863
f 2863 2865 2815
f 2733 2729 2813
f 2813 2815 2733
f 2665 2663 2729
f 2729 2733 2665
f 2564 2561 2663
f 2663 2665 2564
f 2473 2468 2561
f 2561 2564 2473
f 2354 2350 2468
f 2468 2473 2354
f 2155 2152 2350
f 2350 2354 2155
f 1927 1717 2152
f 2152 2155 1927
f 2911 2903 2923
f 2923 2935 2911
f 2875 2865 2903
f 2903 2911 2875
f 2823 2815 2865
f 2865 2875 2823
f 2741 2733 2815
f 2815 2823 2741
f 2671 2665 2733
f 2733 2741 2671
f 2571 2564 2665
f 2665 2671 2571
f 2478 2473 2564
f 2564 2571 2478
f 2360 2354 2473
f 2473 2478 2360
f 2160 2155 2354
f 2354 2360 2160
f 1718 1927 2155
f 2155 2160 1718
f 2929 2911 2935
f 2935 2947 2929
f 2881 2875 2911
f 2911 2929 2881
f 2829 2823 2875
f 2875 2881 2829
f 2751 2741 2823
f 2823 2829 2751
f 2677 2671 2741
f 2741 2751 2677
f 2577 2571 2671
f 2671 2677 2577
f 2482 2478 2571
f 2571 2577 2482
f 2364 2360 2478
f 2478 2482 2364
f 2164 2160 2360
f 2360 2364 2164
f 1842 1718 2160
f 2160 2164 1842
f 2945 2929 2947
f 2947 2959 2945
f 2897 2881 2929
f 2929 2945 2897
f 2835 2829 2881
f 2881 2897 2835
f 2761 2751 2829
f 2829 2835 2761
f 2679 2677 2751
f 2751 2761 2679
f 2579 2577 2677
f 2677 2679 2579
f 2486 2482 2577
f 2577 2579 2486
f 2368 2364 2482
f 2482 2486 2368
f 2172 2164 2364
f 2364 2368 2172
f 1725 1842 2164
f 2164 2172 1725
f 2965 2945 2959
f 2959 2981 2965
f 2907 2897 2945
f 2945 2965 2907
f 2845 2835 2897
f 2897 2907 2845
f 2769 2761 2835
f 2835 2845 2769
f 2685 2679 2761
f 2761 2769 2685
f 2587 2579 2679
f 2679 2685 2587
f 2491 2486 2579
f 2579 2587 2491
f 2370 2368 2486
f 2486 2491 2370
f 2174 2172 2368
f 2368 2370 2174
f 1834 1725 2172
f 2172 2174 1834
f 2982 2965 2981
f 2981 2988 2982
f 2933 2907 2965
f 2965 2982 2933
f 2855 2845 2907
f 2907 2933 2855
f 2779 2769 2845
f 2845 2855 2779
f 2691 2685 2769
f 2769 2779 2691
f 2595 2587 2685
f 2685 2691 2595
f 2500 2491 2587
f 2587 2595 2500
f 2374 2370 2491
f 2491 2500 2374
f 2178 2174 2370
f 2370 2374 2178
f 1716 1834 2174
f 2174 2178 1716
f 2990 2982 2988
f 2988 3002 2990
f 2949 2933 2982
f 2982 2990 2949
f 2871 2855 2933
f 2933 2949 2871
f 2791 2779 2855
f 2855 2871 2791
f 2699 2691 2779
f 2779 2791 2699
f 2601 2595 2691
f 2691 2699 2601
f 2506 2500 2595
f 2595 2601 2506
f 2378 2374 2500
f 2500 2506 2378
f 2180 2178 2374
f 2374 2378 2180
f 1714 1716 2178
f 2178 2180 1714
f 3008 2990 3002
f 3002 3024 3008
f 2973 2949 2990
f 2990 3008 2973
f 2889 2871 2949
f 2949 2973 2889
f 2805 2791 2871
f 2871 2889 2805
f 2711 2699 2791
f 2791 2805 2711
f 2611 2601 2699
f 2699 2711 2611
f 2521 2506 2601
f 2601 2611 2521
f 2387 2378 2506
f 2506 2521 2387
f 2191 2180 2378
f 2378 2387 2191
f 1810 1714 2180
f 2180 2191 1810
f 1464 1460 1813
f 1813 1821 1464
f 1264 1260 1460
f 1460 1464 1264
f 1146 1142 1260
f 1260 1264 1146
f 1055 1047 1142
f 1142 1146 1055
f 953 949 1047
f 1047 1055 953
f 885 875 949
f 949 953 885
f 803 795 875
f 875 885 803
f 753 745 795
f 795 803 753
f 713 701 745
f 745 753 713
f 691 683 701
f 701 713 691
f 1470 1464 1821
f 1821 1829 1470
f 1272 1264 1464
f 1464 1470 1272
f 1154 1146 1264
f 1264 1272 1154
f 1061 1055 1146
f 1146 1154 1061
f 959 953 1055
f 1055 1061 959
f 893 885 953
f 953 959 893
f 809 803 885
f 885 893 809
f 759 753 803
f 803 809 759
f 721 713 753
f 753 759 721
f 705 691 713
f 713 721 705
f 1469 1470 1829
f 1829 1835 1469
f 1268 1272 1470
f 1470 1469 1268
f 1151 1154 1272
f 1272 1268 1151
f 1060 1061 1154
f 1154 1151 1060
f 957 959 1061
f 1061 1060 957
f 889 893 959
f 959 957 889
f 807 809 893
f 893 889 807
f 757 759 809
f 809 807 757
f 719 721 759
f 759 757 719
f 699 705 721
f 721 719 699
f 1462 1469 1835
f 1835 1839 1462
f 1262 1268 1469
f 1469 1462 1262
f 1144 1151 1268
f 1268 1262 1144
f 1051 1060 1151
f 1151 1144 1051
f 951 957 1060
f 1060 1051 951
f 881 889 957
f 957 951 881
f 799 807 889
f 889 881 799
f 747 757 807
f 807 799 747
f 711 719 757
f 757 747 711
f 687 699 719
f 719 711 687
f 1458 1462 1839
f 1839 1843 1458
f 1258 1262 1462
f 1462 1458 1258
f 1140 1144 1262
f 1262 1258 1140
f 1045 1051 1144
f 1144 1140 1045
f 945 951 1051
f 1051 1045 945
f 871 881 951
f 951 945 871
f 793 799 881
f 881 871 793
f 741 747 799
f 799 793 741
f 693 711 747
f 747 741 693
f 675 687 711
f 711 693 675
f 1450 1458 1843
f 1843 1838 1450
f 1254 1258 1458
f 1458 1450 1254
f 1136 1140 1258
f 1258 1254 1136
f 1043 1045 1140
f 1140 1136 1043
f 943 945 1045
f 1045 1043 943
f 861 871 945
f 945 943 861
f 787 793 871
f 871 861 787
f 725 741 793
f 793 787 725
f 677 693 741
f 741 725 677
f 663 675 693
f 693 677 663
f 1448 1450 1838
f 1838 1834 1448
f 1252 1254 1450
f 1450 1448 1252
f 1133 1136 1254
f 1254 1252 1133
f 1035 1043 1136
f 1136 1133 1035
f 937 943 1043
f 1043 1035 937
f 853 861 943
f 943 937 853
f 777 787 861
f 861 853 777
f 715 725 787
f 787 777 715
f 657 677 725
f 725 715 657
f 642 663 677
f 677 657 642
f 1444 1448 1834
f 1834 1828 1444
f 1248 1252 1448
f 1448 1444 1248
f 1122 1133 1252
f 1252 1248 1122
f 1027 1035 1133
f 1133 1122 1027
f 931 937 1035
f 1035 1027 931
f 843 853 937
f 937 931 843
f 767 777 853
f 853 843 767
f 689 715 777
f 777 767 689
f 640 657 715
f 715 689 640
f 634 642 657
f 657 640 634
f 1442 1444 1828
f 1828 1820 1442
f 1244 1248 1444
f 1444 1442 1244
f 1116 1122 1248
f 1248 1244 1116
f 1021 1027 1122
f 1122 1116 1021
f 923 931 1027
f 1027 1021 923
f 831 843 931
f 931 923 831
f 751 767 843
f 843 831 751
f 673 689 767
f 767 751 673
f 632 640 689
f 689 673 632
f 620 634 640
f 640 632 620
f 1429 1442 1820
f 1820 1811 1429
f 1233 1244 1442
f 1442 1429 1233
f 1106 1116 1244
f 1244 1233 1106
f 1011 1021 1116
f 1116 1106 1011
f 911 923 1021
f 1021 1011 911
f 817 831 923
f 923 911 817
f 733 751 831
f 831 817 733
f 649 673 751
f 751 733 649
f 614 632 673
f 673 649 614
f 597 620 632
f 632 614 597
f 714 702 684
f 684 692 714
f 754 746 702
f 702 714 754
f 804 796 746
f 746 754 804
f 886 876 796
f 796 804 886
f 954 950 876
f 876 886 954
f 1056 1048 950
f 950 954 1056
f 1147 1143 1048
f 1048 1056 1147
f 1265 1261 1143
f 1143 1147 1265
f 1465 1461 1261
f 1261 1265 1465
f 1915 1817 1461
f 1461 1465 1915
f 722 714 692
f 692 706 722
f 760 754 714
f 714 722 760
f 810 804 754
f 754 760 810
f 894 886 804
f 804 810 894
f 960 954 886
f 886 894 960
f 1062 1056 954
f 954 960 1062
f 1155 1147 1056
f 1056 1062 1155
f 1273 1265 1147
f 1147 1155 1273
f 1471 1465 1265
f 1265 1273 1471
f 1917 1915 1465
f 1465 1471 1917
f 720 722 706
f 706 700 720
f 758 760 722
f 722 720 758
f 808 810 760
f 760 758 808
f 890 894 810
f 810 808 890
f 958 960 894
f 894 890 958
f 1059 1062 960
f 960 958 1059
f 1150 1155 1062
f 1062 1059 1150
f 1269 1273 1155
f 1155 1150 1269
f 1468 1471 1273
f 1273 1269 1468
f 1697 1917 1471
f 1471 1468 1697
f 712 720 700
f 700 688 712
f 748 758 720
f 720 712 748
f 800 808 758
f 758 748 800
f 882 890 808
f 808 800 882
f 952 958 890
f 890 882 952
f 1052 1059 958
f 958 952 1052
f 1145 1150 1059
f 1059 1052 1145
f 1263 1269 1150
f 1150 1145 1263
f 1463 1468 1269
f 1269 1263 1463
f 1919 1697 1468
f 1468 1463 1919
f 694 712 688
f 688 676 694
f 742 748 712
f 712 694 742
f 794 800 748
f 748 742 794
f 872 882 800
f 800 794 872
f 946 952 882
f 882 872 946
f 1046 1052 952
f 952 946 1046
f 1141 1145 1052
f 1052 1046 1141
f 1259 1263 1145
f 1145 1141 1259
f 1459 1463 1263
f 1263 1259 1459
f 1845 1919 1463
f 1463 1459 1845
f 678 694 676
f 676 664 678
f 726 742 694
f 694 678 726
f 788 794 742
f 742 726 788
f 862 872 794
f 794 788 862
f 944 946 872
f 872 862 944
f 1044 1046 946
f 946 944 1044
f 1137 1141 1046
f 1046 1044 1137
f 1255 1259 1141
f 1141 1137 1255
f 1451 1459 1259
f 1259 1255 1451
f 1898 1845 1459
f 1459 1451 1898
f 658 678 664
f 664 642 658
f 716 726 678
f 678 658 716
f 778 788 726
f 726 716 778
f 854 862 788
f 788 778 854
f 938 944 862
f 862 854 938
f 1036 1044 944
f 944 938 1036
f 1132 1137 1044
f 1044 1036 1132
f 1253 1255 1137
f 1137 1132 1253
f 1449 1451 1255
f 1255 1253 1449
f 1837 1898 1451
f 1451 1449 1837
f 641 658 642
f 642 635 641
f 690 716 658
f 658 641 690
f 768 778 716
f 716 690 768
f 844 854 778
f 778 768 844
f 932 938 854
f 854 844 932
f 1028 1036 938
f 938 932 1028
f 1123 1132 1036
f 1036 1028 1123
f 1249 1253 1132
f 1132 1123 1249
f 1445 1449 1253
f 1253 1249 1445
f 1918 1837 1449
f 1449 1445 1918
f 633 641 635
f 635 621 633
f 674 690 641
f 641 633 674
f 752 768 690
f 690 674 752
f 832 844 768
f 768 752 832
f 924 932 844
f 844 832 924
f 1022 1028 932
f 932 924 1022
f 1117 1123 1028
f 1028 1022 1117
f 1245 1249 1123
f 1123 1117 1245
f 1443 1445 1249
f 1249 1245 1443
f 1916 1918 1445
f 1445 1443 1916
f 616 633 621
f 621 600 616
f 654 674 633
f 633 616 654
f 737 752 674
f 674 654 737
f 822 832 752
f 752 737 822
f 914 924 832
f 832 822 914
f 1014 1022 924
f 924 914 1014
f 1104 1117 1022
f 1022 1014 1104
f 1237 1245 1117
f 1117 1104 1237
f 1433 1443 1245
f 1245 1237 1433
f 1819 1916 1443
f 1443 1433 1819
f 2159 2163 1816
f 1816 1822 2159
f 2359 2363 2163
f 2163 2159 2359
f 2477 2481 2363
f 2363 2359 2477
f 2568 2576 2481
f 2481 2477 2568
f 2670 2674 2576
f 2576 2568 2670
f 2738 2748 2674
f 2674 2670 2738
f 2820 2828 2748
f 2748 2738 2820
f 2870 2878 2828
f 2828 2820 2870
f 2910 2922 2878
f 2878 2870 2910
f 2932 2940 2922
f 2922 2910 2932
f 2153 2159 1822
f 1822 1830 2153
f 2351 2359 2159
f 2159 2153 2351
f 2469 2477 2359
f 2359 2351 2469
f 2562 2568 2477
f 2477 2469 2562
f 2664 2670 2568
f 2568 2562 2664
f 2730 2738 2670
f 2670 2664 2730
f 2814 2820 2738
f 2738 2730 2814
f 2864 2870 2820
f 2820 2814 2864
f 2902 2910 2870
f 2870 2864 2902
f 2918 2932 2910
f 2910 2902 2918
f 2154 2153 1830
f 1830 1836 2154
f 2355 2351 2153
f 2153 2154 2355
f 2472 2469 2351
f 2351 2355 2472
f 2563 2562 2469
f 2469 2472 2563
f 2666 2664 2562
f 2562 2563 2666
f 2734 2730 2664
f 2664 2666 2734
f 2816 2814 2730
f 2730 2734 2816
f 2866 2864 2814
f 2814 2816 2866
f 2904 2902 2864
f 2864 2866 2904
f 2924 2918 2902
f 2902 2904 2924
f 2161 2154 1836
f 1836 1840 2161
f 2361 2355 2154
f 2154 2161 2361
f 2479 2472 2355
f 2355 2361 2479
f 2572 2563 2472
f 2472 2479 2572
f 2672 2666 2563
f 2563 2572 2672
f 2742 2734 2666
f 2666 2672 2742
f 2824 2816 2734
f 2734 2742 2824
f 2876 2866 2816
f 2816 2824 2876
f 2912 2904 2866
f 2866 2876 2912
f 2936 2924 2904
f 2904 2912 2936
f 2165 2161 1840
f 1840 1844 2165
f 2365 2361 2161
f 2161 2165 2365
f 2483 2479 2361
f 2361 2365 2483
f 2578 2572 2479
f 2479 2483 2578
f 2678 2672 2572
f 2572 2578 2678
f 2752 2742 2672
f 2672 2678 2752
f 2830 2824 2742
f 2742 2752 2830
f 2882 2876 2824
f 2824 2830 2882
f 2930 2912 2876
f 2876 2882 2930
f 2948 2936 2912
f 2912 2930 2948
f 2173 2165 1844
f 1844 1841 2173
f 2369 2365 2165
f 2165 2173 2369
f 2487 2483 2365
f 2365 2369 2487
f 2580 2578 2483
f 2483 2487 2580
f 2680 2678 2578
f 2578 2580 2680
f 2762 2752 2678
f 2678 2680 2762
f 2836 2830 2752
f 2752 2762 2836
f 2898 2882 2830
f 2830 2836 2898
f 2946 2930 2882
f 2882 2898 2946
f 2960 2948 2930
f 2930 2946 2960
f 2175 2173 1841
f 1841 1837 2175
f 2371 2369 2173
f 2173 2175 2371
f 2490 2487 2369
f 2369 2371 2490
f 2588 2580 2487
f 2487 2490 2588
f 2686 2680 2580
f 2580 2588 2686
f 2770 2762 2680
f 2680 2686 2770
f 2846 2836 2762
f 2762 2770 2846
f 2908 2898 2836
f 2836 2846 2908
f 2966 2946 2898
f 2898 2908 2966
f 2981 2960 2946
f 2946 2966 2981
f 2179 2175 1837
f 1837 1831 2179
f 2375 2371 2175
f 2175 2179 2375
f 2501 2490 2371
f 2371 2375 2501
f 2596 2588 2490
f 2490 2501 2596
f 2692 2686 2588
f 2588 2596 2692
f 2780 2770 2686
f 2686 2692 2780
f 2856 2846 2770
f 2770 2780 2856
f 2934 2908 2846
f 2846 2856 2934
f 2983 2966 2908
f 2908 2934 2983
f 2989 2981 2966
f 2966 2983 2989
f 2181 2179 1831
f 1831 1823 2181
f 2379 2375 2179
f 2179 2181 2379
f 2507 2501 2375
f 2375 2379 2507
f 2602 2596 2501
f 2501 2507 2602
f 2700 2692 2596
f 2596 2602 2700
f 2792 2780 2692
f 2692 2700 2792
f 2872 2856 2780
f 2780 2792 2872
f 2950 2934 2856
f 2856 2872 2950
f 2991 2983 2934
f 2934 2950 2991
f 3003 2989 2983
f 2983 2991 3003
f 2194 2181 1823
f 1823 1818 2194
f 2391 2379 2181
f 2181 2194 2391
f 2518 2507 2379
f 2379 2391 2518
f 2614 2602 2507
f 2507 2518 2614
f 2712 2700 2602
f 2602 2614 2712
f 2806 2792 2700
f 2700 2712 2806
f 2890 2872 2792
f 2792 2806 2890
f 2974 2950 2872
f 2872 2890 2974
f 3009 2991 2950
f 2950 2974 3009
f 3025 3003 2991
f 2991 3009 3025
f 3040 3008 3024
f 3024 3048 3040
f 3018 2973 3008
f 3008 3040 3018
f 2943 2889 2973
f 2973 3018 2943
f 2841 2805 2889
f 2889 2943 2841
f 2731 2711 2805
f 2805 2841 2731
f 2645 2611 2711
f 2711 2731 2645
f 2529 2521 2611
f 2611 2645 2529
f 2402 2387 2521
f 2521 2529 2402
f 2208 2191 2387
f 2387 2402 2208
f 1806 1810 2191
f 2191 2208 1806
f 3072 3040 3048
f 3048 3078 3072
f 3044 3018 3040
f 3040 3072 3044
f 2994 2943 3018
f 3018 3044 2994
f 2883 2841 2943
f 2943 2994 2883
f 2773 2731 2841
f 2841 2883 2773
f 2659 2645 2731
f 2731 2773 2659
f 2539 2529 2645
f 2645 2659 2539
f 2410 2402 2529
f 2529 2539 2410
f 2222 2208 2402
f 2402 2410 2222
f 1694 1806 2208
f 2208 2222 1694
f 3092 3072 3078
f 3078 3116 3092
f 3074 3044 3072
f 3072 3092 3074
f 3030 2994 3044
f 3044 3074 3030
f 2937 2883 2994
f 2994 3030 2937
f 2810 2773 2883
f 2883 2937 2810
f 2683 2659 2773
f 2773 2810 2683
f 2554 2539 2659
f 2659 2683 2554
f 2420 2410 2539
f 2539 2554 2420
f 2238 2222 2410
f 2410 2420 2238
f 1930 1694 2222
f 2222 2238 1930
f 3132 3092 3116
f 3116 3142 3132
f 3090 3074 3092
f 3092 3132 3090
f 3054 3030 3074
f 3074 3090 3054
f 2984 2937 3030
f 3030 3054 2984
f 2837 2810 2937
f 2937 2984 2837
f 2705 2683 2810
f 2810 2837 2705
f 2574 2554 2683
f 2683 2705 2574
f 2430 2420 2554
f 2554 2574 2430
f 2247 2238 2420
f 2420 2430 2247
f 1913 1930 2238
f 2238 2247 1913
f 3150 3132 3142
f 3142 3156 3150
f 3128 3090 3132
f 3132 3150 3128
f 3076 3054 3090
f 3090 3128 3076
f 3014 2984 3054
f 3054 3076 3014
f 2861 2837 2984
f 2984 3014 2861
f 2723 2705 2837
f 2837 2861 2723
f 2585 2574 2705
f 2705 2723 2585
f 2438 2430 2574
f 2574 2585 2438
f 2253 2247 2430
f 2430 2438 2253
f 1711 1913 2247
f 2247 2253 1711
f 3162 3150 3156
f 3156 3172 3162
f 3148 3128 3150
f 3150 3162 3148
f 3088 3076 3128
f 3128 3148 3088
f 3036 3014 3076
f 3076 3088 3036
f 2893 2861 3014
f 3014 3036 2893
f 2743 2723 2861
f 2861 2893 2743
f 2599 2585 2723
f 2723 2743 2599
f 2450 2438 2585
f 2585 2599 2450
f 2267 2253 2438
f 2438 2450 2267
f 1794 1711 2253
f 2253 2267 1794
f 3178 3162 3172
f 3172 3184 3178
f 3154 3148 3162
f 3162 3178 3154
f 3118 3088 3148
f 3148 3154 3118
f 3046 3036 3088
f 3088 3118 3046
f 2915 2893 3036
f 3036 3046 2915
f 2763 2743 2893
f 2893 2915 2763
f 2615 2599 2743
f 2743 2763 2615
f 2452 2450 2599
f 2599 2615 2452
f 2277 2267 2450
f 2450 2452 2277
f 1710 1794 2267
f 2267 2277 1710
f 3188 3178 3184
f 3184 3200 3188
f 3164 3154 3178
f 3178 3188 3164
f 3130 3118 3154
f 3154 3164 3130
f 3058 3046 3118
f 3118 3130 3058
f 2941 2915 3046
f 3046 3058 2941
f 2775 2763 2915
f 2915 2941 2775
f 2627 2615 2763
f 2763 2775 2627
f 2458 2452 2615
f 2615 2627 2458
f 2287 2277 2452
f 2452 2458 2287
f 1910 1710 2277
f 2277 2287 1910
f 3198 3188 3200
f 3200 3209 3198
f 3170 3164 3188
f 3188 3198 3170
f 3136 3130 3164
f 3164 3170 3136
f 3064 3058 3130
f 3130 3136 3064
f 2955 2941 3058
f 3058 3064 2955
f 2781 2775 2941
f 2941 2955 2781
f 2636 2627 2775
f 2775 2781 2636
f 2462 2458 2627
f 2627 2636 2462
f 2295 2287 2458
f 2458 2462 2295
f 1909 1910 2287
f 2287 2295 1909
f 3202 3198 3209
f 3209 3213 3202
f 3174 3170 3198
f 3198 3202 3174
f 3138 3136 3170
f 3170 3174 3138
f 3066 3064 3136
f 3136 3138 3066
f 2961 2955 3064
f 3064 3066 2961
f 2783 2781 2955
f 2955 2961 2783
f 2642 2636 2781
f 2781 2783 2642
f 2464 2462 2636
f 2636 2642 2464
f 2297 2295 2462
f 2462 2464 2297
f 1784 1909 2295
f 2295 2297 1784
f 1414 1429 1811
f 1811 1807 1414
f 1220 1233 1429
f 1429 1414 1220
f 1093 1106 1233
f 1233 1220 1093
f 977 1011 1106
f 1106 1093 977
f 891 911 1011
f 1011 977 891
f 781 817 911
f 911 891 781
f 679 733 817
f 817 781 679
f 604 649 733
f 733 679 604
f 571 614 649
f 649 604 571
f 561 597 614
f 614 571 561
f 1400 1414 1807
f 1807 1804 1400
f 1212 1220 1414
f 1414 1400 1212
f 1083 1093 1220
f 1220 1212 1083
f 963 977 1093
f 1093 1083 963
f 849 891 977
f 977 963 849
f 739 781 891
f 891 849 739
f 628 679 781
f 781 739 628
f 565 604 679
f 679 628 565
f 530 571 604
f 604 565 530
f 524 561 571
f 571 530 524
f 1386 1400 1804
f 1804 1802 1386
f 1202 1212 1400
f 1400 1386 1202
f 1070 1083 1212
f 1212 1202 1070
f 939 963 1083
f 1083 1070 939
f 814 849 963
f 963 939 814
f 685 739 849
f 849 814 685
f 585 628 739
f 739 685 585
f 528 565 628
f 628 585 528
f 510 530 565
f 565 528 510
f 508 524 530
f 530 510 508
f 1375 1386 1802
f 1802 1800 1375
f 1192 1202 1386
f 1386 1375 1192
f 1050 1070 1202
f 1202 1192 1050
f 917 939 1070
f 1070 1050 917
f 785 814 939
f 939 917 785
f 638 685 814
f 814 785 638
f 553 585 685
f 685 638 553
f 512 528 585
f 585 553 512
f 492 510 528
f 528 512 492
f 482 508 510
f 510 492 482
f 1369 1375 1800
f 1800 1798 1369
f 1184 1192 1375
f 1375 1369 1184
f 1037 1050 1192
f 1192 1184 1037
f 899 917 1050
f 1050 1037 899
f 761 785 917
f 917 899 761
f 608 638 785
f 785 761 608
f 526 553 638
f 638 608 526
f 496 512 553
f 553 526 496
f 454 492 512
f 512 496 454
f 448 482 492
f 492 454 448
f 1355 1369 1798
f 1798 1795 1355
f 1172 1184 1369
f 1369 1355 1172
f 1023 1037 1184
f 1184 1172 1023
f 879 899 1037
f 1037 1023 879
f 729 761 899
f 899 879 729
f 579 608 761
f 761 729 579
f 514 526 608
f 608 579 514
f 457 496 526
f 526 514 457
f 442 454 496
f 496 457 442
f 432 448 454
f 454 442 432
f 1345 1355 1795
f 1795 1792 1345
f 1170 1172 1355
f 1355 1345 1170
f 1007 1023 1172
f 1172 1170 1007
f 859 879 1023
f 1023 1007 859
f 707 729 879
f 879 859 707
f 563 579 729
f 729 707 563
f 506 514 579
f 579 563 506
f 450 457 514
f 514 506 450
f 420 442 457
f 457 450 420
f 412 432 442
f 442 420 412
f 1335 1345 1792
f 1792 1790 1335
f 1164 1170 1345
f 1345 1335 1164
f 995 1007 1170
f 1170 1164 995
f 847 859 1007
f 1007 995 847
f 681 707 859
f 859 847 681
f 547 563 707
f 707 681 547
f 494 506 563
f 563 547 494
f 440 450 506
f 506 494 440
f 410 420 450
f 450 440 410
f 398 412 420
f 420 410 398
f 1327 1335 1790
f 1790 1788 1327
f 1160 1164 1335
f 1335 1327 1160
f 988 995 1164
f 1164 1160 988
f 841 847 995
f 995 988 841
f 667 681 847
f 847 841 667
f 538 547 681
f 681 667 538
f 488 494 547
f 547 538 488
f 434 440 494
f 494 488 434
f 400 410 440
f 440 434 400
f 381 398 410
f 410 400 381
f 1324 1327 1788
f 1788 1785 1324
f 1156 1160 1327
f 1327 1324 1156
f 979 988 1160
f 1160 1156 979
f 837 841 988
f 988 979 837
f 659 667 841
f 841 837 659
f 534 538 667
f 667 659 534
f 484 488 538
f 538 534 484
f 428 434 488
f 488 484 428
f 395 400 434
f 434 428 395
f 374 381 400
f 400 395 374
f 572 616 600
f 600 562 572
f 605 654 616
f 616 572 605
f 680 737 654
f 654 605 680
f 782 822 737
f 737 680 782
f 892 914 822
f 822 782 892
f 978 1014 914
f 914 892 978
f 1094 1104 1014
f 1014 978 1094
f 1221 1237 1104
f 1104 1094 1221
f 1415 1433 1237
f 1237 1221 1415
f 1809 1819 1433
f 1433 1415 1809
f 531 572 562
f 562 525 531
f 566 605 572
f 572 531 566
f 629 680 605
f 605 566 629
f 740 782 680
f 680 629 740
f 850 892 782
f 782 740 850
f 964 978 892
f 892 850 964
f 1084 1094 978
f 978 964 1084
f 1213 1221 1094
f 1094 1084 1213
f 1401 1415 1221
f 1221 1213 1401
f 1931 1809 1415
f 1415 1401 1931
f 511 531 525
f 525 509 511
f 529 566 531
f 531 511 529
f 586 629 566
f 566 529 586
f 686 740 629
f 629 586 686
f 813 850 740
f 740 686 813
f 940 964 850
f 850 813 940
f 1069 1084 964
f 964 940 1069
f 1203 1213 1084
f 1084 1069 1203
f 1385 1401 1213
f 1213 1203 1385
f 1693 1931 1401
f 1401 1385 1693
f 493 511 509
f 509 483 493
f 513 529 511
f 511 493 513
f 554 586 529
f 529 513 554
f 639 686 586
f 586 554 639
f 786 813 686
f 686 639 786
f 918 940 813
f 813 786 918
f 1049 1069 940
f 940 918 1049
f 1193 1203 1069
f 1069 1049 1193
f 1376 1385 1203
f 1203 1193 1376
f 1712 1693 1385
f 1385 1376 1712
f 455 493 483
f 483 449 455
f 497 513 493
f 493 455 497
f 527 554 513
f 513 497 527
f 609 639 554
f 554 527 609
f 762 786 639
f 639 609 762
f 900 918 786
f 786 762 900
f 1038 1049 918
f 918 900 1038
f 1185 1193 1049
f 1049 1038 1185
f 1370 1376 1193
f 1193 1185 1370
f 1912 1712 1376
f 1376 1370 1912
f 443 455 449
f 449 433 443
f 458 497 455
f 455 443 458
f 515 527 497
f 497 458 515
f 580 609 527
f 527 515 580
f 730 762 609
f 609 580 730
f 880 900 762
f 762 730 880
f 1024 1038 900
f 900 880 1024
f 1173 1185 1038
f 1038 1024 1173
f 1356 1370 1185
f 1185 1173 1356
f 1797 1912 1370
f 1370 1356 1797
f 421 443 433
f 433 413 421
f 451 458 443
f 443 421 451
f 507 515 458
f 458 451 507
f 564 580 515
f 515 507 564
f 708 730 580
f 580 564 708
f 860 880 730
f 730 708 860
f 1008 1024 880
f 880 860 1008
f 1171 1173 1024
f 1024 1008 1171
f 1346 1356 1173
f 1173 1171 1346
f 1911 1797 1356
f 1356 1346 1911
f 411 421 413
f 413 399 411
f 441 451 421
f 421 411 441
f 495 507 451
f 451 441 495
f 548 564 507
f 507 495 548
f 682 708 564
f 564 548 682
f 848 860 708
f 708 682 848
f 996 1008 860
f 860 848 996
f 1165 1171 1008
f 1008 996 1165
f 1336 1346 1171
f 1171 1165 1336
f 1709 1911 1346
f 1346 1336 1709
f 401 411 399
f 399 382 401
f 435 441 411
f 411 401 435
f 489 495 441
f 441 435 489
f 539 548 495
f 495 489 539
f 668 682 548
f 548 539 668
f 842 848 682
f 682 668 842
f 987 996 848
f 848 842 987
f 1161 1165 996
f 996 987 1161
f 1328 1336 1165
f 1165 1161 1328
f 1708 1709 1336
f 1336 1328 1708
f 397 401 382
f 382 376 397
f 431 435 401
f 401 397 431
f 487 489 435
f 435 431 487
f 537 539 489
f 489 487 537
f 662 668 539
f 539 537 662
f 840 842 668
f 668 662 840
f 981 987 842
f 842 840 981
f 1159 1161 987
f 987 981 1159
f 1326 1328 1161
f 1161 1159 1326
f 1787 1708 1328
f 1328 1326 1787
f 2209 2194 1818
f 1818 1808 2209
f 2403 2391 2194
f 2194 2209 2403
f 2530 2518 2391
f 2391 2403 2530
f 2646 2614 2518
f 2518 2530 2646
f 2732 2712 2614
f 2614 2646 2732
f 2842 2806 2712
f 2712 2732 2842
f 2944 2890 2806
f 2806 2842 2944
f 3019 2974 2890
f 2890 2944 3019
f 3041 3009 2974
f 2974 3019 3041
f 3049 3025 3009
f 3009 3041 3049
f 2223 2209 1808
f 1808 1805 2223
f 2411 2403 2209
f 2209 2223 2411
f 2540 2530 2403
f 2403 2411 2540
f 2660 2646 2530
f 2530 2540 2660
f 2774 2732 2646
f 2646 2660 2774
f 2884 2842 2732
f 2732 2774 2884
f 2995 2944 2842
f 2842 2884 2995
f 3045 3019 2944
f 2944 2995 3045
f 3073 3041 3019
f 3019 3045 3073
f 3079 3049 3041
f 3041 3073 3079
f 2237 2223 1805
f 1805 1803 2237
f 2421 2411 2223
f 2223 2237 2421
f 2553 2540 2411
f 2411 2421 2553
f 2684 2660 2540
f 2540 2553 2684
f 2809 2774 2660
f 2660 2684 2809
f 2938 2884 2774
f 2774 2809 2938
f 3031 2995 2884
f 2884 2938 3031
f 3075 3045 2995
f 2995 3031 3075
f 3093 3073 3045
f 3045 3075 3093
f 3117 3079 3073
f 3073 3093 3117
f 2248 2237 1803
f 1803 1801 2248
f 2431 2421 2237
f 2237 2248 2431
f 2573 2553 2421
f 2421 2431 2573
f 2706 2684 2553
f 2553 2573 2706
f 2838 2809 2684
f 2684 2706 2838
f 2985 2938 2809
f 2809 2838 2985
f 3055 3031 2938
f 2938 2985 3055
f 3091 3075 3031
f 3031 3055 3091
f 3133 3093 3075
f 3075 3091 3133
f 3143 3117 3093
f 3093 3133 3143
f 2254 2248 1801
f 1801 1799 2254
f 2439 2431 2248
f 2248 2254 2439
f 2586 2573 2431
f 2431 2439 2586
f 2724 2706 2573
f 2573 2586 2724
f 2862 2838 2706
f 2706 2724 2862
f 3015 2985 2838
f 2838 2862 3015
f 3077 3055 2985
f 2985 3015 3077
f 3129 3091 3055
f 3055 3077 3129
f 3151 3133 3091
f 3091 3129 3151
f 3157 3143 3133
f 3133 3151 3157
f 2268 2254 1799
f 1799 1796 2268
f 2451 2439 2254
f 2254 2268 2451
f 2600 2586 2439
f 2439 2451 2600
f 2744 2724 2586
f 2586 2600 2744
f 2894 2862 2724
f 2724 2744 2894
f 3037 3015 2862
f 2862 2894 3037
f 3089 3077 3015
f 3015 3037 3089
f 3149 3129 3077
f 3077 3089 3149
f 3163 3151 3129
f 3129 3149 3163
f 3173 3157 3151
f 3151 3163 3173
f 2278 2268 1796
f 1796 1793 2278
f 2453 2451 2268
f 2268 2278 2453
f 2616 2600 2451
f 2451 2453 2616
f 2764 2744 2600
f 2600 2616 2764
f 2916 2894 2744
f 2744 2764 2916
f 3047 3037 2894
f 2894 2916 3047
f 3119 3089 3037
f 3037 3047 3119
f 3155 3149 3089
f 3089 3119 3155
f 3179 3163 3149
f 3149 3155 3179
f 3185 3173 3163
f 3163 3179 3185
f 2288 2278 1793
f 1793 1791 2288
f 2459 2453 2278
f 2278 2288 2459
f 2628 2616 2453
f 2453 2459 2628
f 2776 2764 2616
f 2616 2628 2776
f 2942 2916 2764
f 2764 2776 2942
f 3059 3047 2916
f 2916 2942 3059
f 3131 3119 3047
f 3047 3059 3131
f 3165 3155 3119
f 3119 3131 3165
f 3189 3179 3155
f 3155 3165 3189
f 3201 3185 3179
f 3179 3189 3201
f 2296 2288 1791
f 1791 1789 2296
f 2463 2459 2288
f 2288 2296 2463
f 2635 2628 2459
f 2459 2463 2635
f 2782 2776 2628
f 2628 2635 2782
f 2956 2942 2776
f 2776 2782 2956
f 3065 3059 2942
f 2942 2956 3065
f 3137 3131 3059
f 3059 3065 3137
f 3171 3165 3131
f 3131 3137 3171
f 3199 3189 3165
f 3165 3171 3199
f 3210 3201 3189
f 3189 3199 3210
f 2299 2296 1789
f 1789 1786 2299
f 2467 2463 2296
f 2296 2299 2467
f 2644 2635 2463
f 2463 2467 2644
f 2786 2782 2635
f 2635 2644 2786
f 2964 2956 2782
f 2782 2786 2964
f 3069 3065 2956
f 2956 2964 3069
f 3141 3137 3065
f 3065 3069 3141
f 3177 3171 3137
f 3137 3141 3177
f 3204 3199 3171
f 3171 3177 3204
f 3214 3210 3199
f 3199 3204 3214
f 3194 3202 3213
f 3213 3207 3194
f 3166 3175 3202
f 3202 3194 3166
f 3134 3139 3175
f 3175 3166 3134
f 3060 3067 3139
f 3139 3134 3060
f 2953 2962 3067
f 3067 3060 2953
f 2777 2784 2962
f 2962 2953 2777
f 2629 2643 2784
f 2784 2777 2629
f 2460 2465 2643
f 2643 2629 2460
f 2293 2298 2465
f 2465 2460 2293
f 1696 1785 2298
f 2298 2293 1696
f 3180 3194 3207
f 3207 3190 3180
f 3158 3166 3194
f 3194 3180 3158
f 3124 3134 3166
f 3166 3158 3124
f 3050 3060 3134
f 3134 3124 3050
f 2927 2953 3060
f 3060 3050 2927
f 2767 2777 2953
f 2953 2927 2767
f 2619 2629 2777
f 2777 2767 2619
f 2454 2460 2629
f 2629 2619 2454
f 2283 2293 2460
f 2460 2454 2283
f 1695 1696 2293
f 2293 2283 1695
f 3160 3180 3190
f 3190 3168 3160
f 3144 3158 3180
f 3180 3160 3144
f 3086 3124 3158
f 3158 3144 3086
f 3032 3050 3124
f 3124 3086 3032
f 2891 2927 3050
f 3050 3032 2891
f 2739 2767 2927
f 2927 2891 2739
f 2597 2619 2767
f 2767 2739 2597
f 2448 2454 2619
f 2619 2597 2448
f 2265 2283 2454
f 2454 2448 2265
f 1707 1695 2283
f 2283 2265 1707
f 3146 3160 3168
f 3168 3152 3146
f 3122 3144 3160
f 3160 3146 3122
f 3070 3086 3144
f 3144 3122 3070
f 2998 3032 3086
f 3086 3070 2998
f 2853 2891 3032
f 3032 2998 2853
f 2717 2739 2891
f 2891 2853 2717
f 2582 2597 2739
f 2739 2717 2582
f 2434 2448 2597
f 2597 2582 2434
f 2251 2265 2448
f 2448 2434 2251
f 1907 1707 2265
f 2265 2251 1907
f 3120 3146 3152
f 3152 3126 3120
f 3082 3122 3146
f 3146 3120 3082
f 3042 3070 3122
f 3122 3082 3042
f 2957 2998 3070
f 3070 3042 2957
f 2825 2853 2998
f 2998 2957 2825
f 2693 2717 2853
f 2853 2825 2693
f 2556 2582 2717
f 2717 2693 2556
f 2424 2434 2582
f 2582 2556 2424
f 2239 2251 2434
f 2434 2424 2239
f 1906 1907 2251
f 2251 2239 1906
f 3080 3120 3126
f 3126 3084 3080
f 3056 3082 3120
f 3120 3080 3056
f 3012 3042 3082
f 3082 3056 3012
f 2899 2957 3042
f 3042 3012 2899
f 2789 2825 2957
f 2957 2899 2789
f 2675 2693 2825
f 2825 2789 2675
f 2545 2556 2693
f 2693 2675 2545
f 2416 2424 2556
f 2556 2545 2416
f 2228 2239 2424
f 2424 2416 2228
f 1770 1906 2239
f 2239 2228 1770
f 3053 3080 3084
f 3084 3062 3053
f 3028 3056 3080
f 3080 3053 3028
f 2978 3012 3056
f 3056 3028 2978
f 2860 2899 3012
f 3012 2978 2860
f 2754 2789 2899
f 2899 2860 2754
f 2652 2675 2789
f 2789 2754 2652
f 2534 2545 2675
f 2675 2652 2534
f 2406 2416 2545
f 2545 2534 2406
f 2217 2228 2416
f 2416 2406 2217
f 1929 1770 2228
f 2228 2217 1929
f 3035 3053 3062
f 3062 3039 3035
f 2997 3028 3053
f 3053 3035 2997
f 2920 2978 3028
f 3028 2997 2920
f 2832 2860 2978
f 2978 2920 2832
f 2728 2754 2860
f 2860 2832 2728
f 2634 2652 2754
f 2754 2728 2634
f 2528 2534 2652
f 2652 2634 2528
f 2396 2406 2534
f 2534 2528 2396
f 2202 2217 2406
f 2406 2396 2202
f 1765 1929 2217
f 2217 2202 1765
f 3017 3035 3039
f 3039 3027 3017
f 2980 2997 3035
f 3035 3017 2980
f 2896 2920 2997
f 2997 2980 2896
f 2812 2832 2920
f 2920 2896 2812
f 2715 2728 2832
f 2832 2812 2715
f 2618 2634 2728
f 2728 2715 2618
f 2523 2528 2634
f 2634 2618 2523
f 2392 2396 2528
f 2528 2523 2392
f 2196 2202 2396
f 2396 2392 2196
f 1724 1765 2202
f 2202 2196 1724
f 3007 3017 3027
f 3027 3023 3007
f 2969 2980 3017
f 3017 3007 2969
f 2887 2896 2980
f 2980 2969 2887
f 2802 2812 2896
f 2896 2887 2802
f 2709 2715 2812
f 2812 2802 2709
f 2609 2618 2715
f 2715 2709 2609
f 2519 2523 2618
f 2618 2609 2519
f 2386 2392 2523
f 2523 2519 2386
f 2190 2196 2392
f 2392 2386 2190
f 1759 1724 2196
f 2196 2190 1759
f 1329 1324 1785
f 1785 1782 1329
f 1162 1157 1324
f 1324 1329 1162
f 993 982 1157
f 1157 1162 993
f 845 838 982
f 982 993 845
f 669 660 838
f 838 845 669
f 542 535 660
f 660 669 542
f 490 485 535
f 535 542 490
f 438 429 485
f 485 490 438
f 404 396 429
f 429 438 404
f 387 376 396
f 396 404 387
f 1339 1329 1782
f 1782 1780 1339
f 1168 1162 1329
f 1329 1339 1168
f 1003 993 1162
f 1162 1168 1003
f 855 845 993
f 993 1003 855
f 695 669 845
f 845 855 695
f 559 542 669
f 669 695 559
f 500 490 542
f 542 559 500
f 446 438 490
f 490 500 446
f 416 404 438
f 438 446 416
f 408 387 404
f 404 416 408
f 1357 1339 1780
f 1780 1778 1357
f 1174 1168 1339
f 1339 1357 1174
f 1025 1003 1168
f 1168 1174 1025
f 883 855 1003
f 1003 1025 883
f 731 695 855
f 855 883 731
f 583 559 695
f 695 731 583
f 516 500 559
f 559 583 516
f 467 446 500
f 500 516 467
f 444 416 446
f 446 467 444
f 436 408 416
f 416 444 436
f 1371 1357 1778
f 1778 1776 1371
f 1188 1174 1357
f 1357 1371 1188
f 1042 1025 1174
f 1174 1188 1042
f 905 883 1025
f 1025 1042 905
f 769 731 883
f 883 905 769
f 624 583 731
f 731 769 624
f 532 516 583
f 583 624 532
f 502 467 516
f 516 532 502
f 459 444 467
f 467 502 459
f 452 436 444
f 444 459 452
f 1383 1371 1776
f 1776 1774 1383
f 1198 1188 1371
f 1371 1383 1198
f 1068 1042 1188
f 1188 1198 1068
f 929 905 1042
f 1042 1068 929
f 797 769 905
f 905 929 797
f 665 624 769
f 769 797 665
f 569 532 624
f 624 665 569
f 520 502 532
f 532 569 520
f 504 459 502
f 502 520 504
f 498 452 459
f 459 504 498
f 1394 1383 1774
f 1774 1771 1394
f 1206 1198 1383
f 1383 1394 1206
f 1077 1068 1198
f 1198 1206 1077
f 947 929 1068
f 1068 1077 947
f 833 797 929
f 929 947 833
f 723 665 797
f 797 833 723
f 610 569 665
f 665 723 610
f 549 520 569
f 569 610 549
f 522 504 520
f 520 549 522
f 518 498 504
f 504 522 518
f 1407 1394 1771
f 1771 1768 1407
f 1216 1206 1394
f 1394 1407 1216
f 1090 1077 1206
f 1206 1216 1090
f 972 947 1077
f 1077 1090 972
f 870 833 947
f 947 972 870
f 764 723 833
f 833 870 764
f 646 610 723
f 723 764 646
f 587 549 610
f 610 646 587
f 556 522 549
f 549 587 556
f 540 518 522
f 522 556 540
f 1420 1407 1768
f 1768 1764 1420
f 1226 1216 1407
f 1407 1420 1226
f 1096 1090 1216
f 1216 1226 1096
f 990 972 1090
f 1090 1096 990
f 896 870 972
f 972 990 896
f 792 764 870
f 870 896 792
f 704 646 764
f 764 792 704
f 627 587 646
f 646 704 627
f 582 556 587
f 587 627 582
f 574 540 556
f 556 582 574
f 1426 1420 1764
f 1764 1762 1426
f 1230 1226 1420
f 1420 1426 1230
f 1101 1096 1226
f 1226 1230 1101
f 1006 990 1096
f 1096 1101 1006
f 907 896 990
f 990 1006 907
f 812 792 896
f 896 907 812
f 728 704 792
f 792 812 728
f 644 627 704
f 704 728 644
f 607 582 627
f 627 644 607
f 592 574 582
f 582 607 592
f 1430 1426 1762
f 1762 1758 1430
f 1234 1230 1426
f 1426 1430 1234
f 1107 1101 1230
f 1230 1234 1107
f 1012 1006 1101
f 1101 1107 1012
f 912 907 1006
f 1006 1012 912
f 819 812 907
f 907 912 819
f 738 728 812
f 812 819 738
f 651 644 728
f 728 738 651
f 618 607 644
f 644 651 618
f 601 592 607
f 607 618 601
f 405 397 376
f 376 388 405
f 439 430 397
f 397 405 439
f 491 486 430
f 430 439 491
f 543 536 486
f 486 491 543
f 670 661 536
f 536 543 670
f 846 839 661
f 661 670 846
f 994 980 839
f 839 846 994
f 1163 1158 980
f 980 994 1163
f 1330 1325 1158
f 1158 1163 1330
f 1926 1786 1325
f 1325 1330 1926
f 417 405 388
f 388 409 417
f 447 439 405
f 405 417 447
f 501 491 439
f 439 447 501
f 560 543 491
f 491 501 560
f 696 670 543
f 543 560 696
f 856 846 670
f 670 696 856
f 1004 994 846
f 846 856 1004
f 1169 1163 994
f 994 1004 1169
f 1340 1330 1163
f 1163 1169 1340
f 1925 1926 1330
f 1330 1340 1925
f 445 417 409
f 409 437 445
f 468 447 417
f 417 445 468
f 517 501 447
f 447 468 517
f 584 560 501
f 501 517 584
f 732 696 560
f 560 584 732
f 884 856 696
f 696 732 884
f 1026 1004 856
f 856 884 1026
f 1175 1169 1004
f 1004 1026 1175
f 1358 1340 1169
f 1169 1175 1358
f 1908 1925 1340
f 1340 1358 1908
f 460 445 437
f 437 453 460
f 503 468 445
f 445 460 503
f 533 517 468
f 468 503 533
f 625 584 517
f 517 533 625
f 770 732 584
f 584 625 770
f 906 884 732
f 732 770 906
f 1041 1026 884
f 884 906 1041
f 1189 1175 1026
f 1026 1041 1189
f 1372 1358 1175
f 1175 1189 1372
f 1706 1908 1358
f 1358 1372 1706
f 505 460 453
f 453 499 505
f 521 503 460
f 460 505 521
f 570 533 503
f 503 521 570
f 666 625 533
f 533 570 666
f 798 770 625
f 625 666 798
f 930 906 770
f 770 798 930
f 1067 1041 906
f 906 930 1067
f 1199 1189 1041
f 1041 1067 1199
f 1384 1372 1189
f 1189 1199 1384
f 1705 1706 1372
f 1372 1384 1705
f 523 505 499
f 499 519 523
f 550 521 505
f 505 523 550
f 611 570 521
f 521 550 611
f 724 666 570
f 570 611 724
f 834 798 666
f 666 724 834
f 948 930 798
f 798 834 948
f 1078 1067 930
f 930 948 1078
f 1207 1199 1067
f 1067 1078 1207
f 1395 1384 1199
f 1199 1207 1395
f 1773 1705 1384
f 1384 1395 1773
f 555 523 519
f 519 541 555
f 588 550 523
f 523 555 588
f 645 611 550
f 550 588 645
f 763 724 611
f 611 645 763
f 869 834 724
f 724 763 869
f 971 948 834
f 834 869 971
f 1089 1078 948
f 948 971 1089
f 1217 1207 1078
f 1078 1089 1217
f 1406 1395 1207
f 1207 1217 1406
f 1692 1773 1395
f 1395 1406 1692
f 581 555 541
f 541 573 581
f 626 588 555
f 555 581 626
f 703 645 588
f 588 626 703
f 791 763 645
f 645 703 791
f 895 869 763
f 763 791 895
f 989 971 869
f 869 895 989
f 1095 1089 971
f 971 989 1095
f 1227 1217 1089
f 1089 1095 1227
f 1421 1406 1217
f 1217 1227 1421
f 1766 1692 1406
f 1406 1421 1766
f 606 581 573
f 573 591 606
f 643 626 581
f 581 606 643
f 727 703 626
f 626 643 727
f 811 791 703
f 703 727 811
f 908 895 791
f 791 811 908
f 1005 989 895
f 895 908 1005
f 1100 1095 989
f 989 1005 1100
f 1231 1227 1095
f 1095 1100 1231
f 1427 1421 1227
f 1227 1231 1427
f 1897 1766 1421
f 1421 1427 1897
f 615 606 591
f 591 598 615
f 653 643 606
f 606 615 653
f 735 727 643
f 643 653 735
f 820 811 727
f 727 735 820
f 913 908 811
f 811 820 913
f 1013 1005 908
f 908 913 1013
f 1103 1100 1005
f 1005 1013 1103
f 1236 1231 1100
f 1100 1103 1236
f 1432 1427 1231
f 1231 1236 1432
f 1760 1897 1427
f 1427 1432 1760
f 2294 2299 1786
f 1786 1783 2294
f 2461 2466 2299
f 2299 2294 2461
f 2630 2641 2466
f 2466 2461 2630
f 2778 2785 2641
f 2641 2630 2778
f 2954 2963 2785
f 2785 2778 2954
f 3061 3068 2963
f 2963 2954 3061
f 3135 3140 3068
f 3068 3061 3135
f 3167 3176 3140
f 3140 3135 3167
f 3195 3203 3176
f 3176 3167 3195
f 3208 3213 3203
f 3203 3195 3208
f 2284 2294 1783
f 1783 1781 2284
f 2455 2461 2294
f 2294 2284 2455
f 2620 2630 2461
f 2461 2455 2620
f 2768 2778 2630
f 2630 2620 2768
f 2928 2954 2778
f 2778 2768 2928
f 3051 3061 2954
f 2954 2928 3051
f 3125 3135 3061
f 3061 3051 3125
f 3159 3167 3135
f 3135 3125 3159
f 3181 3195 3167
f 3167 3159 3181
f 3191 3208 3195
f 3195 3181 3191
f 2266 2284 1781
f 1781 1779 2266
f 2449 2455 2284
f 2284 2266 2449
f 2598 2620 2455
f 2455 2449 2598
f 2740 2768 2620
f 2620 2598 2740
f 2892 2928 2768
f 2768 2740 2892
f 3033 3051 2928
f 2928 2892 3033
f 3087 3125 3051
f 3051 3033 3087
f 3145 3159 3125
f 3125 3087 3145
f 3161 3181 3159
f 3159 3145 3161
f 3169 3191 3181
f 3181 3161 3169
f 2252 2266 1779
f 1779 1777 2252
f 2435 2449 2266
f 2266 2252 2435
f 2581 2598 2449
f 2449 2435 2581
f 2718 2740 2598
f 2598 2581 2718
f 2854 2892 2740
f 2740 2718 2854
f 2999 3033 2892
f 2892 2854 2999
f 3071 3087 3033
f 3033 2999 3071
f 3123 3145 3087
f 3087 3071 3123
f 3147 3161 3145
f 3145 3123 3147
f 3153 3169 3161
f 3161 3147 3153
f 2240 2252 1777
f 1777 1775 2240
f 2425 2435 2252
f 2252 2240 2425
f 2555 2581 2435
f 2435 2425 2555
f 2694 2718 2581
f 2581 2555 2694
f 2826 2854 2718
f 2718 2694 2826
f 2958 2999 2854
f 2854 2826 2958
f 3043 3071 2999
f 2999 2958 3043
f 3083 3123 3071
f 3071 3043 3083
f 3121 3147 3123
f 3123 3083 3121
f 3127 3153 3147
f 3147 3121 3127
f 2229 2240 1775
f 1775 1772 2229
f 2417 2425 2240
f 2240 2229 2417
f 2546 2555 2425
f 2425 2417 2546
f 2676 2694 2555
f 2555 2546 2676
f 2790 2826 2694
f 2694 2676 2790
f 2900 2958 2826
f 2826 2790 2900
f 3013 3043 2958
f 2958 2900 3013
f 3057 3083 3043
f 3043 3013 3057
f 3081 3121 3083
f 3083 3057 3081
f 3085 3127 3121
f 3121 3081 3085
f 2216 2229 1772
f 1772 1769 2216
f 2407 2417 2229
f 2229 2216 2407
f 2533 2546 2417
f 2417 2407 2533
f 2651 2676 2546
f 2546 2533 2651
f 2753 2790 2676
f 2676 2651 2753
f 2859 2900 2790
f 2790 2753 2859
f 2977 3013 2900
f 2900 2859 2977
f 3029 3057 3013
f 3013 2977 3029
f 3052 3081 3057
f 3057 3029 3052
f 3063 3085 3081
f 3081 3052 3063
f 2203 2216 1769
f 1769 1767 2203
f 2397 2407 2216
f 2216 2203 2397
f 2527 2533 2407
f 2407 2397 2527
f 2633 2651 2533
f 2533 2527 2633
f 2727 2753 2651
f 2651 2633 2727
f 2831 2859 2753
f 2753 2727 2831
f 2919 2977 2859
f 2859 2831 2919
f 2996 3029 2977
f 2977 2919 2996
f 3034 3052 3029
f 3029 2996 3034
f 3038 3063 3052
f 3052 3034 3038
f 2197 2203 1767
f 1767 1763 2197
f 2393 2397 2203
f 2203 2197 2393
f 2522 2527 2397
f 2397 2393 2522
f 2617 2633 2527
f 2527 2522 2617
f 2716 2727 2633
f 2633 2617 2716
f 2811 2831 2727
f 2727 2716 2811
f 2895 2919 2831
f 2831 2811 2895
f 2979 2996 2919
f 2919 2895 2979
f 3016 3034 2996
f 2996 2979 3016
f 3026 3038 3034
f 3034 3016 3026
f 2193 2197 1763
f 1763 1761 2193
f 2389 2393 2197
f 2197 2193 2389
f 2516 2522 2393
f 2393 2389 2516
f 2610 2617 2522
f 2522 2516 2610
f 2710 2716 2617
f 2617 2610 2710
f 2803 2811 2716
f 2716 2710 2803
f 2885 2895 2811
f 2811 2803 2885
f 2971 2979 2895
f 2895 2885 2971
f 3005 3016 2979
f 2979 2971 3005
f 3022 3026 3016
f 3016 3005 3022
f 461 545 544
f 544 456 461
f 463 551 545
f 545 461 463
f 465 557 551
f 551 463 465
f 469 567 557
f 557 465 469
f 471 575 567
f 567 469 471
f 473 577 575
f 575 471 473
f 475 589 577
f 577 473 475
f 477 593 589
f 589 475 477
f 479 595 593
f 593 477 479
f 481 599 595
f 595 479 481
f 389 461 456
f 456 392 389
f 386 463 461
f 461 389 386
f 379 465 463
f 463 386 379
f 373 469 465
f 465 379 373
f 371 471 469
f 469 373 371
f 369 473 471
f 471 371 369
f 366 475 473
f 473 369 366
f 364 477 475
f 475 366 364
f 362 479 477
f 477 364 362
f 361 481 479
f 479 362 361
f 335 389 392
f 392 337 335
f 333 386 389
f 389 335 333
f 331 379 386
f 386 333 331
f 329 373 379
f 379 331 329
f 328 371 373
f 373 329 328
f 325 369 371
f 371 328 325
f 323 366 369
f 369 325 323
f 321 364 366
f 366 323 321
f 319 362 364
f 364 321 319
f 316 361 362
f 362 319 316
f 298 335 337
f 337 302 298
f 290 333 335
f 335 298 290
f 288 331 333
f 333 290 288
f 286 329 331
f 331 288 286
f 281 328 329
f 329 286 281
f 275 325 328
f 328 281 275
f 265 323 325
f 325 275 265
f 259 321 323
f 323 265 259
f 255 319 321
f 321 259 255
f 249 316 319
f 319 255 249
f 269 298 302
f 302 271 269
f 261 290 298
f 298 269 261
f 251 288 290
f 290 261 251
f 238 286 288
f 288 251 238
f 230 281 286
f 286 238 230
f 218 275 281
f 281 230 218
f 208 265 275
f 275 218 208
f 196 259 265
f 265 208 196
f 186 255 259
f 259 196 186
f 181 249 255
f 255 186 181
f 228 269 271
f 271 234 228
f 222 261 269
f 269 228 222
f 212 251 261
f 261 222 212
f 200 238 251
f 251 212 200
f 177 230 238
f 238 200 177
f 160 218 230
f 230 177 160
f 134 208 218
f 218 160 134
f 112 196 208
f 208 134 112
f 102 186 196
f 196 112 102
f 96 181 186
f 186 102 96
f 198 228 234
f 234 205 198
f 182 222 228
f 228 198 182
f 168 212 222
f 222 182 168
f 146 200 212
f 212 168 146
f 118 177 200
f 200 146 118
f 92 160 177
f 177 118 92
f 74 134 160
f 160 92 74
f 63 112 134
f 134 74 63
f 53 102 112
f 112 63 53
f 50 96 102
f 102 53 50
f 167 198 205
f 205 170 167
f 154 182 198
f 198 167 154
f 126 168 182
f 182 154 126
f 100 146 168
f 168 126 100
f 83 118 146
f 146 100 83
f 61 92 118
f 118 83 61
f 46 74 92
f 92 61 46
f 32 63 74
f 74 46 32
f 25 53 63
f 63 32 25
f 21 50 53
f 53 25 21
f 143 167 170
f 170 150 143
f 124 154 167
f 167 143 124
f 104 126 154
f 154 124 104
f 84 100 126
f 126 104 84
f 65 83 100
f 100 84 65
f 44 61 83
f 83 65 44
f 30 46 61
f 61 44 30
f 17 32 46
f 46 30 17
f 9 25 32
f 32 17 9
f 5 21 25
f 25 9 5
f 132 143 150
f 150 140 132
f 116 124 143
f 143 132 116
f 94 104 124
f 124 116 94
f 76 84 104
f 104 94 76
f 55 65 84
f 84 76 55
f 40 44 65
f 65 55 40
f 22 30 44
f 44 40 22
f 11 17 30
f 30 22 11
f 2 9 17
f 17 11 2
f 1 5 9
f 9 2 1
f 480 596 599
f 599 481 480
f 478 594 596
f 596 480 478
f 476 590 594
f 594 478 476
f 474 578 590
f 590 476 474
f 472 576 578
f 578 474 472
f 470 568 576
f 576 472 470
f 466 558 568
f 568 470 466
f 464 552 558
f 558 466 464
f 462 546 552
f 552 464 462
f 456 544 546
f 546 462 456
f 363 480 481
f 481 360 363
f 365 478 480
f 480 363 365
f 367 476 478
f 478 365 367
f 368 474 476
f 476 367 368
f 370 472 474
f 474 368 370
f 372 470 472
f 472 370 372
f 380 466 470
f 470 372 380
f 385 464 466
f 466 380 385
f 390 462 464
f 464 385 390
f 391 456 462
f 462 390 391
f 320 363 360
f 360 316 320
f 322 365 363
f 363 320 322
f 324 367 365
f 365 322 324
f 326 368 367
f 367 324 326
f 327 370 368
f 368 326 327
f 330 372 370
f 370 327 330
f 332 380 372
f 372 330 332
f 334 385 380
f 380 332 334
f 336 390 385
f 385 334 336
f 337 391 390
f 390 336 337
f 256 320 316
f 316 250 256
f 260 322 320
f 320 256 260
f 266 324 322
f 322 260 266
f 276 326 324
f 324 266 276
f 282 327 326
f 326 276 282
f 287 330 327
f 327 282 287
f 289 332 330
f 330 287 289
f 291 334 332
f 332 289 291
f 299 336 334
f 334 291 299
f 303 337 336
f 336 299 303
f 187 256 250
f 250 181 187
f 197 260 256
f 256 187 197
f 209 266 260
f 260 197 209
f 219 276 266
f 266 209 219
f 231 282 276
f 276 219 231
f 239 287 282
f 282 231 239
f 252 289 287
f 287 239 252
f 262 291 289
f 289 252 262
f 270 299 291
f 291 262 270
f 272 303 299
f 299 270 272
f 103 187 181
f 181 97 103
f 113 197 187
f 187 103 113
f 135 209 197
f 197 113 135
f 161 219 209
f 209 135 161
f 178 231 219
f 219 161 178
f 201 239 231
f 231 178 201
f 213 252 239
f 239 201 213
f 223 262 252
f 252 213 223
f 229 270 262
f 262 223 229
f 235 272 270
f 270 229 235
f 54 103 97
f 97 50 54
f 64 113 103
f 103 54 64
f 75 135 113
f 113 64 75
f 93 161 135
f 135 75 93
f 119 178 161
f 161 93 119
f 147 201 178
f 178 119 147
f 169 213 201
f 201 147 169
f 183 223 213
f 213 169 183
f 199 229 223
f 223 183 199
f 205 235 229
f 229 199 205
f 24 54 50
f 50 21 24
f 33 64 54
f 54 24 33
f 47 75 64
f 64 33 47
f 62 93 75
f 75 47 62
f 82 119 93
f 93 62 82
f 101 147 119
f 119 82 101
f 127 169 147
f 147 101 127
f 155 183 169
f 169 127 155
f 166 199 183
f 183 155 166
f 171 205 199
f 199 166 171
f 10 24 21
f 21 6 10
f 18 33 24
f 24 10 18
f 31 47 33
f 33 18 31
f 45 62 47
f 47 31 45
f 66 82 62
f 62 45 66
f 85 101 82
f 82 66 85
f 105 127 101
f 101 85 105
f 125 155 127
f 127 105 125
f 144 166 155
f 155 125 144
f 151 171 166
f 166 144 151
f 3 10 6
f 6 1 3
f 12 18 10
f 10 3 12
f 23 31 18
f 18 12 23
f 41 45 31
f 31 23 41
f 56 66 45
f 45 41 56
f 77 85 66
f 66 56 77
f 95 105 85
f 85 77 95
f 117 125 105
f 105 95 117
f 133 144 125
f 125 117 133
f 140 151 144
f 144 133 140
f 138 132 140
f 140 145 138
f 122 116 132
f 132 138 122
f 98 94 116
f 116 122 98
f 80 76 94
f 94 98 80
f 60 55 76
f 76 80 60
f 42 40 55
f 55 60 42
f 28 22 40
f 40 42 28
f 13 11 22
f 22 28 13
f 7 2 11
f 11 13 7
f 4 1 2
f 2 7 4
f 152 138 145
f 145 158 152
f 136 122 138
f 138 152 136
f 108 98 122
f 122 136 108
f 89 80 98
f 98 108 89
f 70 60 80
f 80 89 70
f 52 42 60
f 60 70 52
f 38 28 42
f 42 52 38
f 26 13 28
f 28 38 26
f 19 7 13
f 13 26 19
f 15 4 7
f 7 19 15
f 173 152 158
f 158 176 173
f 162 136 152
f 152 173 162
f 142 108 136
f 136 162 142
f 111 89 108
f 108 142 111
f 91 70 89
f 89 111 91
f 73 52 70
f 70 91 73
f 58 38 52
f 52 73 58
f 48 26 38
f 38 58 48
f 37 19 26
f 26 48 37
f 35 15 19
f 19 37 35
f 194 173 176
f 176 202 194
f 184 162 173
f 173 194 184
f 174 142 162
f 162 184 174
f 156 111 142
f 142 174 156
f 128 91 111
f 111 156 128
f 106 73 91
f 91 128 106
f 86 58 73
f 73 106 86
f 78 48 58
f 58 86 78
f 68 37 48
f 48 78 68
f 67 35 37
f 37 68 67
f 221 194 202
f 202 225 221
f 216 184 194
f 194 221 216
f 206 174 184
f 184 216 206
f 192 156 174
f 174 206 192
f 180 128 156
f 156 192 180
f 164 106 128
f 128 180 164
f 148 86 106
f 106 164 148
f 130 78 86
f 86 148 130
f 121 68 78
f 78 130 121
f 115 67 68
f 68 121 115
f 244 221 225
f 225 247 244
f 240 216 221
f 221 244 240
f 236 206 216
f 216 240 236
f 233 192 206
f 206 236 233
f 227 180 192
f 192 233 227
f 215 164 180
f 180 227 215
f 210 148 164
f 164 215 210
f 203 130 148
f 148 210 203
f 191 121 130
f 130 203 191
f 188 115 121
f 121 191 188
f 284 244 247
f 247 285 284
f 279 240 244
f 244 284 279
f 277 236 240
f 240 279 277
f 273 233 236
f 236 277 273
f 267 227 233
f 233 273 267
f 263 215 227
f 227 267 263
f 258 210 215
f 215 263 258
f 253 203 210
f 210 258 253
f 245 191 203
f 203 253 245
f 242 188 191
f 191 245 242
f 315 284 285
f 285 318 315
f 312 279 284
f 284 315 312
f 311 277 279
f 279 312 311
f 309 273 277
f 277 311 309
f 307 267 273
f 273 309 307
f 305 263 267
f 267 307 305
f 301 258 263
f 263 305 301
f 297 253 258
f 258 301 297
f 295 245 253
f 253 297 295
f 293 242 245
f 245 295 293
f 341 315 318
f 318 339 341
f 343 312 315
f 315 341 343
f 345 311 312
f 312 343 345
f 347 309 311
f 311 345 347
f 349 307 309
f 309 347 349
f 351 305 307
f 307 349 351
f 353 301 305
f 305 351 353
f 355 297 301
f 301 353 355
f 357 295 297
f 297 355 357
f 359 293 295
f 295 357 359
f 378 341 339
f 339 376 378
f 384 343 341
f 341 378 384
f 394 345 343
f 343 384 394
f 403 347 345
f 345 394 403
f 406 349 347
f 347 403 406
f 415 351 349
f 349 406 415
f 419 353 351
f 351 415 419
f 423 355 353
f 353 419 423
f 425 357 355
f 355 423 425
f 427 359 357
f 357 425 427
f 8 3 1
f 1 4 8
f 14 12 3
f 3 8 14
f 29 23 12
f 12 14 29
f 43 41 23
f 23 29 43
f 59 56 41
f 41 43 59
f 81 77 56
f 56 59 81
f 99 95 77
f 77 81 99
f 123 117 95
f 95 99 123
f 139 133 117
f 117 123 139
f 145 140 133
f 133 139 145
f 20 8 4
f 4 16 20
f 27 14 8
f 8 20 27
f 39 29 14
f 14 27 39
f 51 43 29
f 29 39 51
f 71 59 43
f 43 51 71
f 88 81 59
f 59 71 88
f 109 99 81
f 81 88 109
f 137 123 99
f 99 109 137
f 153 139 123
f 123 137 153
f 159 145 139
f 139 153 159
f 36 20 16
f 16 34 36
f 49 27 20
f 20 36 49
f 57 39 27
f 27 49 57
f 72 51 39
f 39 57 72
f 90 71 51
f 51 72 90
f 110 88 71
f 71 90 110
f 141 109 88
f 88 110 141
f 163 137 109
f 109 141 163
f 172 153 137
f 137 163 172
f 176 159 153
f 153 172 176
f 69 36 34
f 34 67 69
f 79 49 36
f 36 69 79
f 87 57 49
f 49 79 87
f 107 72 57
f 57 87 107
f 129 90 72
f 72 107 129
f 157 110 90
f 90 129 157
f 175 141 110
f 110 157 175
f 185 163 141
f 141 175 185
f 195 172 163
f 163 185 195
f 202 176 172
f 172 195 202
f 120 69 67
f 67 114 120
f 131 79 69
f 69 120 131
f 149 87 79
f 79 131 149
f 165 107 87
f 87 149 165
f 179 129 107
f 107 165 179
f 193 157 129
f 129 179 193
f 207 175 157
f 157 193 207
f 217 185 175
f 175 207 217
f 220 195 185
f 185 217 220
f 224 202 195
f 195 220 224
f 190 120 114
f 114 189 190
f 204 131 120
f 120 190 204
f 211 149 131
f 131 204 211
f 214 165 149
f 149 211 214
f 226 179 165
f 165 214 226
f 232 193 179
f 179 226 232
f 237 207 193
f 193 232 237
f 241 217 207
f 207 237 241
f 243 220 217
f 217 241 243
f 248 224 220
f 220 243 248
f 246 190 189
f 189 242 246
f 254 204 190
f 190 246 254
f 257 211 204
f 204 254 257
f 264 214 211
f 211 257 264
f 268 226 214
f 214 264 268
f 274 232 226
f 226 268 274
f 278 237 232
f 232 274 278
f 280 241 237
f 237 278 280
f 283 243 241
f 241 280 283
f 285 248 243
f 243 283 285
f 294 246 242
f 242 292 294
f 296 254 246
f 246 294 296
f 300 257 254
f 254 296 300
f 304 264 257
f 257 300 304
f 306 268 264
f 264 304 306
f 308 274 268
f 268 306 308
f 310 278 274
f 274 308 310
f 313 280 278
f 278 310 313
f 314 283 280
f 280 313 314
f 317 285 283
f 283 314 317
f 356 294 292
f 292 358 356
f 354 296 294
f 294 356 354
f 352 300 296
f 296 354 352
f 350 304 300
f 300 352 350
f 348 306 304
f 304 350 348
f 346 308 306
f 306 348 346
f 344 310 308
f 308 346 344
f 342 313 310
f 310 344 342
f 340 314 313
f 313 342 340
f 338 317 314
f 314 340 338
f 424 356 358
f 358 426 424
f 422 354 356
f 356 424 422
f 418 352 354
f 354 422 418
f 414 350 352
f 352 418 414
f 407 348 350
f 350 414 407
f 402 346 348
f 348 407 402
f 393 344 346
f 346 402 393
f 383 342 344
f 344 393 383
f 377 340 342
f 342 383 377
f 375 338 340
f 340 377 375
f 3186 3113 3115
f 3115 3182 3186
f 3192 3110 3113
f 3113 3186 3192
f 3196 3109 3110
f 3110 3192 3196
f 3205 3106 3109
f 3109 3196 3205
f 3211 3104 3106
f 3106 3205 3211
f 3215 3102 3104
f 3104 3211 3215
f 3217 3101 3102
f 3102 3215 3217
f 3220 3098 3101
f 3101 3217 3220
f 3222 3097 3098
f 3098 3220 3222
f 3223 3095 3097
f 3097 3222 3223
f 3227 3186 3182
f 3182 3225 3227
f 3229 3192 3186
f 3186 3227 3229
f 3231 3196 3192
f 3192 3229 3231
f 3233 3205 3196
f 3196 3231 3233
f 3235 3211 3205
f 3205 3233 3235
f 3241 3215 3211
f 3211 3235 3241
f 3245 3217 3215
f 3215 3241 3245
f 3249 3220 3217
f 3217 3245 3249
f 3251 3222 3220
f 3220 3249 3251
f 3253 3223 3222
f 3222 3251 3253
f 3239 3227 3225
f 3225 3237 3239
f 3243 3229 3227
f 3227 3239 3243
f 3247 3231 3229
f 3229 3243 3247
f 3257 3233 3231
f 3231 3247 3257
f 3263 3235 3233
f 3233 3257 3263
f 3271 3241 3235
f 3235 3263 3271
f 3279 3245 3241
f 3241 3271 3279
f 3285 3249 3245
f 3245 3279 3285
f 3293 3251 3249
f 3249 3285 3293
f 3297 3253 3251
f 3251 3293 3297
f 3259 3239 3237
f 3237 3255 3259
f 3261 3243 3239
f 3239 3259 3261
f 3265 3247 3243
f 3243 3261 3265
f 3275 3257 3247
f 3247 3265 3275
f 3287 3263 3257
f 3257 3275 3287
f 3303 3271 3263
f 3263 3287 3303
f 3314 3279 3271
f 3271 3303 3314
f 3320 3285 3279
f 3279 3314 3320
f 3330 3293 3285
f 3285 3320 3330
f 3332 3297 3293
f 3293 3330 3332
f 3270 3259 3255
f 3255 3268 3270
f 3273 3261 3259
f 3259 3270 3273
f 3283 3265 3261
f 3261 3273 3283
f 3299 3275 3265
f 3265 3283 3299
f 3308 3287 3275
f 3275 3299 3308
f 3322 3303 3287
f 3287 3308 3322
f 3338 3314 3303
f 3303 3322 3338
f 3346 3320 3314
f 3314 3338 3346
f 3351 3330 3320
f 3320 3346 3351
f 3355 3332 3330
f 3330 3351 3355
f 3282 3270 3268
f 3268 3278 3282
f 3290 3273 3270
f 3270 3282 3290
f 3302 3283 3273
f 3273 3290 3302
f 3312 3299 3283
f 3283 3302 3312
f 3324 3308 3299
f 3299 3312 3324
f 3340 3322 3308
f 3308 3324 3340
f 3353 3338 3322
f 3322 3340 3353
f 3368 3346 3338
f 3338 3353 3368
f 3373 3351 3346
f 3346 3368 3373
f 3379 3355 3351
f 3351 3373 3379
f 3295 3282 3278
f 3278 3292 3295
f 3306 3290 3282
f 3282 3295 3306
f 3316 3302 3290
f 3290 3306 3316
f 3326 3312 3302
f 3302 3316 3326
f 3345 3324 3312
f 3312 3326 3345
f 3359 3340 3324
f 3324 3345 3359
f 3376 3353 3340
f 3340 3359 3376
f 3394 3368 3353
f 3353 3376 3394
f 3404 3373 3368
f 3368 3394 3404
f 3406 3379 3373
f 3373 3404 3406
f 3310 3295 3292
f 3292 3307 3310
f 3318 3306 3295
f 3295 3310 3318
f 3336 3316 3306
f 3306 3318 3336
f 3348 3326 3316
f 3316 3336 3348
f 3369 3345 3326
f 3326 3348 3369
f 3389 3359 3345
f 3345 3369 3389
f 3425 3376 3359
f 3359 3389 3425
f 3449 3394 3376
f 3376 3425 3449
f 3468 3404 3394
f 3394 3449 3468
f 3472 3406 3404
f 3404 3468 3472
f 3335 3310 3307
f 3307 3329 3335
f 3343 3318 3310
f 3310 3335 3343
f 3362 3336 3318
f 3318 3343 3362
f 3386 3348 3336
f 3336 3362 3386
f 3422 3369 3348
f 3348 3386 3422
f 3464 3389 3369
f 3369 3422 3464
f 3490 3425 3389
f 3389 3464 3490
f 3505 3449 3425
f 3425 3490 3505
f 3521 3468 3449
f 3449 3505 3521
f 3523 3472 3468
f 3468 3521 3523
f 3364 3335 3329
f 3329 3357 3364
f 3382 3343 3335
f 3335 3364 3382
f 3416 3362 3343
f 3343 3382 3416
f 3465 3386 3362
f 3362 3416 3465
f 3495 3422 3386
f 3386 3465 3495
f 3528 3464 3422
f 3422 3495 3528
f 3553 3490 3464
f 3464 3528 3553
f 3579 3505 3490
f 3490 3553 3579
f 3592 3521 3505
f 3505 3579 3592
f 3604 3523 3521
f 3521 3592 3604
f 3221 3096 3094
f 3094 3224 3221
f 3219 3099 3096
f 3096 3221 3219
f 3218 3100 3099
f 3099 3219 3218
f 3216 3103 3100
f 3100 3218 3216
f 3212 3105 3103
f 3103 3216 3212
f 3206 3107 3105
f 3105 3212 3206
f 3197 3108 3107
f 3107 3206 3197
f 3193 3111 3108
f 3108 3197 3193
f 3187 3112 3111
f 3111 3193 3187
f 3183 3114 3112
f 3112 3187 3183
f 3252 3221 3224
f 3224 3254 3252
f 3250 3219 3221
f 3221 3252 3250
f 3246 3218 3219
f 3219 3250 3246
f 3242 3216 3218
f 3218 3246 3242
f 3236 3212 3216
f 3216 3242 3236
f 3234 3206 3212
f 3212 3236 3234
f 3232 3197 3206
f 3206 3234 3232
f 3230 3193 3197
f 3197 3232 3230
f 3228 3187 3193
f 3193 3230 3228
f 3226 3183 3187
f 3187 3228 3226
f 3294 3252 3254
f 3254 3298 3294
f 3286 3250 3252
f 3252 3294 3286
f 3280 3246 3250
f 3250 3286 3280
f 3272 3242 3246
f 3246 3280 3272
f 3264 3236 3242
f 3242 3272 3264
f 3258 3234 3236
f 3236 3264 3258
f 3248 3232 3234
f 3234 3258 3248
f 3244 3230 3232
f 3232 3248 3244
f 3240 3228 3230
f 3230 3244 3240
f 3238 3226 3228
f 3228 3240 3238
f 3331 3294 3298
f 3298 3333 3331
f 3321 3286 3294
f 3294 3331 3321
f 3315 3280 3286
f 3286 3321 3315
f 3304 3272 3280
f 3280 3315 3304
f 3288 3264 3272
f 3272 3304 3288
f 3276 3258 3264
f 3264 3288 3276
f 3266 3248 3258
f 3258 3276 3266
f 3262 3244 3248
f 3248 3266 3262
f 3260 3240 3244
f 3244 3262 3260
f 3256 3238 3240
f 3240 3260 3256
f 3350 3331 3333
f 3333 3354 3350
f 3347 3321 3331
f 3331 3350 3347
f 3339 3315 3321
f 3321 3347 3339
f 3323 3304 3315
f 3315 3339 3323
f 3309 3288 3304
f 3304 3323 3309
f 3300 3276 3288
f 3288 3309 3300
f 3284 3266 3276
f 3276 3300 3284
f 3274 3262 3266
f 3266 3284 3274
f 3269 3260 3262
f 3262 3274 3269
f 3267 3256 3260
f 3260 3269 3267
f 3372 3350 3354
f 3354 3378 3372
f 3367 3347 3350
f 3350 3372 3367
f 3352 3339 3347
f 3347 3367 3352
f 3341 3323 3339
f 3339 3352 3341
f 3325 3309 3323
f 3323 3341 3325
f 3313 3300 3309
f 3309 3325 3313
f 3301 3284 3300
f 3300 3313 3301
f 3289 3274 3284
f 3284 3301 3289
f 3281 3269 3274
f 3274 3289 3281
f 3277 3267 3269
f 3269 3281 3277
f 3403 3372 3378
f 3378 3405 3403
f 3393 3367 3372
f 3372 3403 3393
f 3377 3352 3367
f 3367 3393 3377
f 3360 3341 3352
f 3352 3377 3360
f 3344 3325 3341
f 3341 3360 3344
f 3327 3313 3325
f 3325 3344 3327
f 3317 3301 3313
f 3313 3327 3317
f 3305 3289 3301
f 3301 3317 3305
f 3296 3281 3289
f 3289 3305 3296
f 3291 3277 3281
f 3281 3296 3291
f 3469 3403 3405
f 3405 3472 3469
f 3450 3393 3403
f 3403 3469 3450
f 3426 3377 3393
f 3393 3450 3426
f 3390 3360 3377
f 3377 3426 3390
f 3370 3344 3360
f 3360 3390 3370
f 3349 3327 3344
f 3344 3370 3349
f 3337 3317 3327
f 3327 3349 3337
f 3319 3305 3317
f 3317 3337 3319
f 3311 3296 3305
f 3305 3319 3311
f 3307 3291 3296
f 3296 3311 3307
f 3520 3469 3472
f 3472 3522 3520
f 3504 3450 3469
f 3469 3520 3504
f 3489 3426 3450
f 3450 3504 3489
f 3463 3390 3426
f 3426 3489 3463
f 3421 3370 3390
f 3390 3463 3421
f 3385 3349 3370
f 3370 3421 3385
f 3361 3337 3349
f 3349 3385 3361
f 3342 3319 3337
f 3337 3361 3342
f 3334 3311 3319
f 3319 3342 3334
f 3328 3307 3311
f 3311 3334 3328
f 3591 3520 3522
f 3522 3603 3591
f 3578 3504 3520
f 3520 3591 3578
f 3552 3489 3504
f 3504 3578 3552
f 3530 3463 3489
f 3489 3552 3530
f 3499 3421 3463
f 3463 3530 3499
f 3467 3385 3421
f 3421 3499 3467
f 3415 3361 3385
f 3385 3467 3415
f 3381 3342 3361
f 3361 3415 3381
f 3363 3334 3342
f 3342 3381 3363
f 3356 3328 3334
f 3334 3363 3356
f 3374 3365 3358
f 3358 3371 3374
f 3395 3383 3365
f 3365 3374 3395
f 3443 3417 3383
f 3383 3395 3443
f 3481 3466 3417
f 3417 3443 3481
f 3514 3496 3466
f 3466 3481 3514
f 3545 3529 3496
f 3496 3514 3545
f 3573 3551 3529
f 3529 3545 3573
f 3597 3577 3551
f 3551 3573 3597
f 3613 3590 3577
f 3577 3597 3613
f 3619 3603 3590
f 3590 3613 3619
f 3387 3374 3371
f 3371 3380 3387
f 3413 3395 3374
f 3374 3387 3413
f 3461 3443 3395
f 3395 3413 3461
f 3493 3481 3443
f 3443 3461 3493
f 3524 3514 3481
f 3481 3493 3524
f 3556 3545 3514
f 3514 3524 3556
f 3584 3573 3545
f 3545 3556 3584
f 3611 3597 3573
f 3573 3584 3611
f 3628 3613 3597
f 3597 3611 3628
f 3632 3619 3613
f 3613 3628 3632
f 3398 3387 3380
f 3380 3391 3398
f 3435 3413 3387
f 3387 3398 3435
f 3473 3461 3413
f 3413 3435 3473
f 3500 3493 3461
f 3461 3473 3500
f 3531 3524 3493
f 3493 3500 3531
f 3562 3556 3524
f 3524 3531 3562
f 3595 3584 3556
f 3556 3562 3595
f 3617 3611 3584
f 3584 3595 3617
f 3633 3628 3611
f 3611 3617 3633
f 3641 3632 3628
f 3628 3633 3641
f 3409 3398 3391
f 3391 3400 3409
f 3447 3435 3398
f 3398 3409 3447
f 3477 3473 3435
f 3435 3447 3477
f 3506 3500 3473
f 3473 3477 3506
f 3540 3531 3500
f 3500 3506 3540
f 3567 3562 3531
f 3531 3540 3567
f 3601 3595 3562
f 3562 3567 3601
f 3624 3617 3595
f 3595 3601 3624
f 3639 3633 3617
f 3617 3624 3639
f 3644 3641 3633
f 3633 3639 3644
f 3433 3409 3400
f 3400 3411 3433
f 3453 3447 3409
f 3409 3433 3453
f 3483 3477 3447
f 3447 3453 3483
f 3510 3506 3477
f 3477 3483 3510
f 3543 3540 3506
f 3506 3510 3543
f 3569 3567 3540
f 3540 3543 3569
f 3599 3601 3567
f 3567 3569 3599
f 3622 3624 3601
f 3601 3599 3622
f 3637 3639 3624
f 3624 3622 3637
f 3642 3644 3639
f 3639 3637 3642
f 3439 3433 3411
f 3411 3424 3439
f 3458 3453 3433
f 3433 3439 3458
f 3487 3483 3453
f 3453 3458 3487
f 3513 3510 3483
f 3483 3487 3513
f 3542 3543 3510
f 3510 3513 3542
f 3566 3569 3543
f 3543 3542 3566
f 3593 3599 3569
f 3569 3566 3593
f 3616 3622 3599
f 3599 3593 3616
f 3630 3637 3622
f 3622 3616 3630
f 3636 3642 3637
f 3637 3630 3636
f 3441 3439 3424
f 3424 3429 3441
f 3459 3458 3439
f 3439 3441 3459
f 3485 3487 3458
f 3458 3459 3485
f 3508 3513 3487
f 3487 3485 3508
f 3533 3542 3513
f 3513 3508 3533
f 3558 3566 3542
f 3542 3533 3558
f 3582 3593 3566
f 3566 3558 3582
f 3607 3616 3593
f 3593 3582 3607
f 3620 3630 3616
f 3616 3607 3620
f 3626 3636 3630
f 3630 3620 3626
f 3437 3441 3429
f 3429 3427 3437
f 3455 3459 3441
f 3441 3437 3455
f 3479 3485 3459
f 3459 3455 3479
f 3502 3508 3485
f 3485 3479 3502
f 3526 3533 3508
f 3508 3502 3526
f 3547 3558 3533
f 3533 3526 3547
f 3571 3582 3558
f 3558 3547 3571
f 3588 3607 3582
f 3582 3571 3588
f 3605 3620 3607
f 3607 3588 3605
f 3609 3626 3620
f 3620 3605 3609
f 3419 3437 3427
f 3427 3408 3419
f 3445 3455 3437
f 3437 3419 3445
f 3470 3479 3455
f 3455 3445 3470
f 3492 3502 3479
f 3479 3470 3492
f 3517 3526 3502
f 3502 3492 3517
f 3536 3547 3526
f 3526 3517 3536
f 3554 3571 3547
f 3547 3536 3554
f 3575 3588 3571
f 3571 3554 3575
f 3580 3605 3588
f 3588 3575 3580
f 3587 3609 3605
f 3605 3580 3587
f 3401 3419 3408
f 3408 3397 3401
f 3431 3445 3419
f 3419 3401 3431
f 3451 3470 3445
f 3445 3431 3451
f 3475 3492 3470
f 3470 3451 3475
f 3497 3517 3492
f 3492 3475 3497
f 3518 3536 3517
f 3517 3497 3518
f 3537 3554 3536
f 3536 3518 3537
f 3549 3575 3554
f 3554 3537 3549
f 3560 3580 3575
f 3575 3549 3560
f 3564 3587 3580
f 3580 3560 3564
f 3614 3591 3603
f 3603 3619 3614
f 3598 3578 3591
f 3591 3614 3598
f 3574 3552 3578
f 3578 3598 3574
f 3546 3530 3552
f 3552 3574 3546
f 3515 3499 3530
f 3530 3546 3515
f 3482 3467 3499
f 3499 3515 3482
f 3444 3418 3467
f 3467 3482 3444
f 3396 3384 3418
f 3418 3444 3396
f 3375 3366 3384
f 3384 3396 3375
f 3371 3358 3366
f 3366 3375 3371
f 3629 3614 3619
f 3619 3632 3629
f 3612 3598 3614
f 3614 3629 3612
f 3585 3574 3598
f 3598 3612 3585
f 3557 3546 3574
f 3574 3585 3557
f 3525 3515 3546
f 3546 3557 3525
f 3494 3482 3515
f 3515 3525 3494
f 3462 3444 3482
f 3482 3494 3462
f 3414 3396 3444
f 3444 3462 3414
f 3388 3375 3396
f 3396 3414 3388
f 3380 3371 3375
f 3375 3388 3380
f 3634 3629 3632
f 3632 3641 3634
f 3618 3612 3629
f 3629 3634 3618
f 3596 3585 3612
f 3612 3618 3596
f 3563 3557 3585
f 3585 3596 3563
f 3532 3525 3557
f 3557 3563 3532
f 3501 3494 3525
f 3525 3532 3501
f 3474 3462 3494
f 3494 3501 3474
f 3436 3414 3462
f 3462 3474 3436
f 3399 3388 3414
f 3414 3436 3399
f 3392 3380 3388
f 3388 3399 3392
f 3640 3634 3641
f 3641 3644 3640
f 3625 3618 3634
f 3634 3640 3625
f 3602 3596 3618
f 3618 3625 3602
f 3568 3563 3596
f 3596 3602 3568
f 3539 3532 3563
f 3563 3568 3539
f 3507 3501 3532
f 3532 3539 3507
f 3478 3474 3501
f 3501 3507 3478
f 3448 3436 3474
f 3474 3478 3448
f 3410 3399 3436
f 3436 3448 3410
f 3400 3392 3399
f 3399 3410 3400
f 3638 3640 3644
f 3644 3643 3638
f 3623 3625 3640
f 3640 3638 3623
f 3600 3602 3625
f 3625 3623 3600
f 3570 3568 3602
f 3602 3600 3570
f 3544 3539 3568
f 3568 3570 3544
f 3511 3507 3539
f 3539 3544 3511
f 3484 3478 3507
f 3507 3511 3484
f 3454 3448 3478
f 3478 3484 3454
f 3434 3410 3448
f 3448 3454 3434
f 3412 3400 3410
f 3410 3434 3412
f 3631 3638 3643
f 3643 3635 3631
f 3615 3623 3638
f 3638 3631 3615
f 3594 3600 3623
f 3623 3615 3594
f 3565 3570 3600
f 3600 3594 3565
f 3541 3544 3570
f 3570 3565 3541
f 3512 3511 3544
f 3544 3541 3512
f 3488 3484 3511
f 3511 3512 3488
f 3457 3454 3484
f 3484 3488 3457
f 3440 3434 3454
f 3454 3457 3440
f 3423 3412 3434
f 3434 3440 3423
f 3621 3631 3635
f 3635 3627 3621
f 3608 3615 3631
f 3631 3621 3608
f 3583 3594 3615
f 3615 3608 3583
f 3559 3565 3594
f 3594 3583 3559
f 3534 3541 3565
f 3565 3559 3534
f 3509 3512 3541
f 3541 3534 3509
f 3486 3488 3512
f 3512 3509 3486
f 3460 3457 3488
f 3488 3486 3460
f 3442 3440 3457
f 3457 3460 3442
f 3430 3423 3440
f 3440 3442 3430
f 3606 3621 3627
f 3627 3610 3606
f 3589 3608 3621
f 3621 3606 3589
f 3572 3583 3608
f 3608 3589 3572
f 3548 3559 3583
f 3583 3572 3548
f 3527 3534 3559
f 3559 3548 3527
f 3503 3509 3534
f 3534 3527 3503
f 3480 3486 3509
f 3509 3503 3480
f 3456 3460 3486
f 3486 3480 3456
f 3438 3442 3460
f 3460 3456 3438
f 3428 3430 3442
f 3442 3438 3428
f 3581 3606 3610
f 3610 3586 3581
f 3576 3589 3606
f 3606 3581 3576
f 3555 3572 3589
f 3589 3576 3555
f 3535 3548 3572
f 3572 3555 3535
f 3516 3527 3548
f 3548 3535 3516
f 3491 3503 3527
f 3527 3516 3491
f 3471 3480 3503
f 3503 3491 3471
f 3446 3456 3480
f 3480 3471 3446
f 3420 3438 3456
f 3456 3446 3420
f 3407 3428 3438
f 3438 3420 3407
f 3561 3581 3586
f 3586 3564 3561
f 3550 3576 3581
f 3581 3561 3550
f 3538 3555 3576
f 3576 3550 3538
f 3519 3535 3555
f 3555 3538 3519
f 3498 3516 3535
f 3535 3519 3498
f 3476 3491 3516
f 3516 3498 3476
f 3452 3471 3491
f 3491 3476 3452
f 3432 3446 3471
f 3471 3452 3432
f 3402 3420 3446
f 3446 3432 3402
f 3397 3407 3420
f 3420 3402 3397
f 1888 2110 2104
f 1888 2104 2096
f 1888 2096 2076
f 1888 2076 2048
f 1888 2048 2030
f 1888 2030 2006
f 1888 2006 1982
f 1888 1982 1960
f 1888 1960 1936
f 1888 1936 1732
f 2257 2104 2110
f 2110 2261 2257
f 2249 2096 2104
f 2104 2257 2249
f 2226 2076 2096
f 2096 2249 2226
f 2200 2048 2076
f 2076 2226 2200
f 2142 2030 2048
f 2048 2200 2142
f 2094 2006 2030
f 2030 2142 2094
f 2036 1982 2006
f 2006 2094 2036
f 1988 1960 1982
f 1982 2036 1988
f 1948 1936 1960
f 1960 1988 1948
f 1728 1732 1936
f 1936 1948 1728
f 2310 2257 2261
f 2261 2315 2310
f 2300 2249 2257
f 2257 2310 2300
f 2279 2226 2249
f 2249 2300 2279
f 2243 2200 2226
f 2226 2279 2243
f 2204 2142 2200
f 2200 2243 2204
f 2132 2094 2142
f 2142 2204 2132
f 2067 2036 2094
f 2094 2132 2067
f 2000 1988 2036
f 2036 2067 2000
f 1956 1948 1988
f 1988 2000 1956
f 1734 1728 1948
f 1948 1956 1734
f 2312 2310 2315
f 2315 2316 2312
f 2302 2300 2310
f 2310 2312 2302
f 2281 2279 2300
f 2300 2302 2281
f 2245 2243 2279
f 2279 2281 2245
f 2206 2204 2243
f 2243 2245 2206
f 2134 2132 2204
f 2204 2206 2134
f 2068 2067 2132
f 2132 2134 2068
f 2002 2000 2067
f 2067 2068 2002
f 1958 1956 2000
f 2000 2002 1958
f 1878 1734 1956
f 1956 1958 1878
f 2285 2312 2316
f 2316 2289 2285
f 2259 2302 2312
f 2312 2285 2259
f 2241 2281 2302
f 2302 2259 2241
f 2214 2245 2281
f 2281 2241 2214
f 2168 2206 2245
f 2245 2214 2168
f 2106 2134 2206
f 2206 2168 2106
f 2042 2068 2134
f 2134 2106 2042
f 1994 2002 2068
f 2068 2042 1994
f 1952 1958 2002
f 2002 1994 1952
f 1731 1878 1958
f 1958 1952 1731
f 2220 2285 2289
f 2289 2225 2220
f 2210 2259 2285
f 2285 2220 2210
f 2186 2241 2259
f 2259 2210 2186
f 2146 2214 2241
f 2241 2186 2146
f 2108 2168 2214
f 2214 2146 2108
f 2060 2106 2168
f 2168 2108 2060
f 2018 2042 2106
f 2106 2060 2018
f 1978 1994 2042
f 2042 2018 1978
f 1944 1952 1994
f 1994 1978 1944
f 1727 1731 1952
f 1952 1944 1727
f 2141 2220 2225
f 2225 2145 2141
f 2127 2210 2220
f 2220 2141 2127
f 2112 2186 2210
f 2210 2127 2112
f 2084 2146 2186
f 2186 2112 2084
f 2044 2108 2146
f 2146 2084 2044
f 2024 2060 2108
f 2108 2044 2024
f 1992 2018 2060
f 2060 2024 1992
f 1970 1978 2018
f 2018 1992 1970
f 1942 1944 1978
f 1978 1970 1942
f 1721 1727 1944
f 1944 1942 1721
f 2079 2141 2145
f 2145 2087 2079
f 2075 2127 2141
f 2141 2079 2075
f 2055 2112 2127
f 2127 2075 2055
f 2039 2084 2112
f 2112 2055 2039
f 2021 2044 2084
f 2084 2039 2021
f 1996 2024 2044
f 2044 2021 1996
f 1974 1992 2024
f 2024 1996 1974
f 1954 1970 1992
f 1992 1974 1954
f 1934 1942 1970
f 1970 1954 1934
f 1720 1721 1942
f 1942 1934 1720
f 2063 2079 2087
f 2087 2071 2063
f 2051 2075 2079
f 2079 2063 2051
f 2041 2055 2075
f 2075 2051 2041
f 2029 2039 2055
f 2055 2041 2029
f 2013 2021 2039
f 2039 2029 2013
f 1991 1996 2021
f 2021 2013 1991
f 1972 1974 1996
f 1996 1991 1972
f 1950 1954 1974
f 1974 1972 1950
f 1932 1934 1954
f 1954 1950 1932
f 1701 1720 1934
f 1934 1932 1701
f 2115 2063 2071
f 2071 2123 2115
f 2101 2051 2063
f 2063 2115 2101
f 2081 2041 2051
f 2051 2101 2081
f 2057 2029 2041
f 2041 2081 2057
f 2033 2013 2029
f 2029 2057 2033
f 2009 1991 2013
f 2013 2033 2009
f 1984 1972 1991
f 1991 2009 1984
f 1964 1950 1972
f 1972 1984 1964
f 1938 1932 1950
f 1950 1964 1938
f 1698 1701 1932
f 1932 1938 1698
f 1888 1886 1686
f 1888 1686 1662
f 1888 1662 1640
f 1888 1640 1616
f 1888 1616 1592
f 1888 1592 1574
f 1888 1574 1546
f 1888 1546 1526
f 1888 1526 1518
f 1888 1518 1512
f 1674 1686 1886
f 1886 1884 1674
f 1634 1662 1686
f 1686 1674 1634
f 1586 1640 1662
f 1662 1634 1586
f 1528 1616 1640
f 1640 1586 1528
f 1480 1592 1616
f 1616 1528 1480
f 1422 1574 1592
f 1592 1480 1422
f 1396 1546 1574
f 1574 1422 1396
f 1373 1526 1546
f 1546 1396 1373
f 1365 1518 1526
f 1526 1373 1365
f 1361 1512 1518
f 1518 1365 1361
f 1666 1674 1884
f 1884 1882 1666
f 1622 1634 1674
f 1674 1666 1622
f 1557 1586 1634
f 1634 1622 1557
f 1490 1528 1586
f 1586 1557 1490
f 1418 1480 1528
f 1528 1490 1418
f 1379 1422 1480
f 1480 1418 1379
f 1343 1396 1422
f 1422 1379 1343
f 1322 1373 1396
f 1396 1343 1322
f 1312 1365 1373
f 1373 1322 1312
f 1309 1361 1365
f 1365 1312 1309
f 1664 1666 1882
f 1882 1879 1664
f 1620 1622 1666
f 1666 1664 1620
f 1554 1557 1622
f 1622 1620 1554
f 1488 1490 1557
f 1557 1554 1488
f 1416 1418 1490
f 1490 1488 1416
f 1377 1379 1418
f 1418 1416 1377
f 1341 1343 1379
f 1379 1377 1341
f 1320 1322 1343
f 1343 1341 1320
f 1310 1312 1322
f 1322 1320 1310
f 1306 1309 1312
f 1312 1310 1306
f 1670 1664 1879
f 1879 1876 1670
f 1628 1620 1664
f 1664 1670 1628
f 1580 1554 1620
f 1620 1628 1580
f 1516 1488 1554
f 1554 1580 1516
f 1454 1416 1488
f 1488 1516 1454
f 1408 1377 1416
f 1416 1454 1408
f 1381 1341 1377
f 1377 1408 1381
f 1363 1320 1341
f 1341 1381 1363
f 1337 1310 1320
f 1320 1363 1337
f 1333 1306 1310
f 1310 1337 1333
f 1678 1670 1876
f 1876 1874 1678
f 1644 1628 1670
f 1670 1678 1644
f 1604 1580 1628
f 1628 1644 1604
f 1562 1516 1580
f 1580 1604 1562
f 1514 1454 1516
f 1516 1562 1514
f 1476 1408 1454
f 1454 1514 1476
f 1436 1381 1408
f 1408 1476 1436
f 1412 1363 1381
f 1381 1436 1412
f 1402 1337 1363
f 1363 1412 1402
f 1399 1333 1337
f 1337 1402 1399
f 1680 1678 1874
f 1874 1872 1680
f 1652 1644 1678
f 1678 1680 1652
f 1630 1604 1644
f 1644 1652 1630
f 1598 1562 1604
f 1604 1630 1598
f 1578 1514 1562
f 1562 1598 1578
f 1538 1476 1514
f 1514 1578 1538
f 1510 1436 1476
f 1476 1538 1510
f 1497 1412 1436
f 1436 1510 1497
f 1483 1402 1412
f 1412 1497 1483
f 1479 1399 1402
f 1402 1483 1479
f 1688 1680 1872
f 1872 1870 1688
f 1668 1652 1680
f 1680 1688 1668
f 1648 1630 1652
f 1652 1668 1648
f 1626 1598 1630
f 1630 1648 1626
f 1603 1578 1598
f 1598 1626 1603
f 1585 1538 1578
f 1578 1603 1585
f 1569 1510 1538
f 1538 1585 1569
f 1549 1497 1510
f 1510 1569 1549
f 1545 1483 1497
f 1497 1549 1545
f 1537 1479 1483
f 1483 1545 1537
f 1690 1688 1870
f 1870 1868 1690
f 1672 1668 1688
f 1688 1690 1672
f 1650 1648 1668
f 1668 1672 1650
f 1633 1626 1648
f 1648 1650 1633
f 1611 1603 1626
f 1626 1633 1611
f 1595 1585 1603
f 1603 1611 1595
f 1583 1569 1585
f 1585 1595 1583
f 1573 1549 1569
f 1569 1583 1573
f 1561 1545 1549
f 1549 1573 1561
f 1553 1537 1545
f 1545 1561 1553
f 1684 1690 1868
f 1868 1865 1684
f 1658 1672 1690
f 1690 1684 1658
f 1638 1650 1672
f 1672 1658 1638
f 1615 1633 1650
f 1650 1638 1615
f 1591 1611 1633
f 1633 1615 1591
f 1567 1595 1611
f 1611 1591 1567
f 1543 1583 1595
f 1595 1567 1543
f 1523 1573 1583
f 1583 1543 1523
f 1509 1561 1573
f 1573 1523 1509
f 1501 1553 1561
f 1561 1509 1501
f 1888 1513 1519
f 1888 1519 1527
f 1888 1527 1547
f 1888 1547 1575
f 1888 1575 1593
f 1888 1593 1617
f 1888 1617 1641
f 1888 1641 1663
f 1888 1663 1687
f 1888 1687 1894
f 1366 1519 1513
f 1513 1362 1366
f 1374 1527 1519
f 1519 1366 1374
f 1397 1547 1527
f 1527 1374 1397
f 1423 1575 1547
f 1547 1397 1423
f 1481 1593 1575
f 1575 1423 1481
f 1529 1617 1593
f 1593 1481 1529
f 1587 1641 1617
f 1617 1529 1587
f 1635 1663 1641
f 1641 1587 1635
f 1675 1687 1663
f 1663 1635 1675
f 1895 1894 1687
f 1687 1675 1895
f 1313 1366 1362
f 1362 1308 1313
f 1323 1374 1366
f 1366 1313 1323
f 1344 1397 1374
f 1374 1323 1344
f 1380 1423 1397
f 1397 1344 1380
f 1419 1481 1423
f 1423 1380 1419
f 1491 1529 1481
f 1481 1419 1491
f 1556 1587 1529
f 1529 1491 1556
f 1623 1635 1587
f 1587 1556 1623
f 1667 1675 1635
f 1635 1623 1667
f 1890 1895 1675
f 1675 1667 1890
f 1311 1313 1308
f 1308 1307 1311
f 1321 1323 1313
f 1313 1311 1321
f 1342 1344 1323
f 1323 1321 1342
f 1378 1380 1344
f 1344 1342 1378
f 1417 1419 1380
f 1380 1378 1417
f 1489 1491 1419
f 1419 1417 1489
f 1555 1556 1491
f 1491 1489 1555
f 1621 1623 1556
f 1556 1555 1621
f 1665 1667 1623
f 1623 1621 1665
f 1881 1890 1667
f 1667 1665 1881
f 1338 1311 1307
f 1307 1334 1338
f 1364 1321 1311
f 1311 1338 1364
f 1382 1342 1321
f 1321 1364 1382
f 1409 1378 1342
f 1342 1382 1409
f 1455 1417 1378
f 1378 1409 1455
f 1517 1489 1417
f 1417 1455 1517
f 1581 1555 1489
f 1489 1517 1581
f 1629 1621 1555
f 1555 1581 1629
f 1671 1665 1621
f 1621 1629 1671
f 1893 1881 1665
f 1665 1671 1893
f 1403 1338 1334
f 1334 1398 1403
f 1413 1364 1338
f 1338 1403 1413
f 1437 1382 1364
f 1364 1413 1437
f 1477 1409 1382
f 1382 1437 1477
f 1515 1455 1409
f 1409 1477 1515
f 1563 1517 1455
f 1455 1515 1563
f 1605 1581 1517
f 1517 1563 1605
f 1645 1629 1581
f 1581 1605 1645
f 1679 1671 1629
f 1629 1645 1679
f 1900 1893 1671
f 1671 1679 1900
f 1482 1403 1398
f 1398 1478 1482
f 1496 1413 1403
f 1403 1482 1496
f 1511 1437 1413
f 1413 1496 1511
f 1539 1477 1437
f 1437 1511 1539
f 1579 1515 1477
f 1477 1539 1579
f 1599 1563 1515
f 1515 1579 1599
f 1631 1605 1563
f 1563 1599 1631
f 1653 1645 1605
f 1605 1631 1653
f 1681 1679 1645
f 1645 1653 1681
f 1902 1900 1679
f 1679 1681 1902
f 1544 1482 1478
f 1478 1536 1544
f 1548 1496 1482
f 1482 1544 1548
f 1568 1511 1496
f 1496 1548 1568
f 1584 1539 1511
f 1511 1568 1584
f 1602 1579 1539
f 1539 1584 1602
f 1627 1599 1579
f 1579 1602 1627
f 1649 1631 1599
f 1599 1627 1649
f 1669 1653 1631
f 1631 1649 1669
f 1689 1681 1653
f 1653 1669 1689
f 1921 1902 1681
f 1681 1689 1921
f 1560 1544 1536
f 1536 1552 1560
f 1572 1548 1544
f 1544 1560 1572
f 1582 1568 1548
f 1548 1572 1582
f 1594 1584 1568
f 1568 1582 1594
f 1610 1602 1584
f 1584 1594 1610
f 1632 1627 1602
f 1602 1610 1632
f 1651 1649 1627
f 1627 1632 1651
f 1673 1669 1649
f 1649 1651 1673
f 1691 1689 1669
f 1669 1673 1691
f 1922 1921 1689
f 1689 1691 1922
f 1508 1560 1552
f 1552 1500 1508
f 1522 1572 1560
f 1560 1508 1522
f 1542 1582 1572
f 1572 1522 1542
f 1566 1594 1582
f 1582 1542 1566
f 1590 1610 1594
f 1594 1566 1590
f 1614 1632 1610
f 1610 1590 1614
f 1639 1651 1632
f 1632 1614 1639
f 1659 1673 1651
f 1651 1639 1659
f 1685 1691 1673
f 1673 1659 1685
f 1928 1922 1691
f 1691 1685 1928
f 1888 1887 1937
f 1888 1937 1961
f 1888 1961 1983
f 1888 1983 2007
f 1888 2007 2031
f 1888 2031 2049
f 1888 2049 2077
f 1888 2077 2097
f 1888 2097 2105
f 1888 2105 2111
f 1949 1937 1887
f 1887 1885 1949
f 1989 1961 1937
f 1937 1949 1989
f 2037 1983 1961
f 1961 1989 2037
f 2095 2007 1983
f 1983 2037 2095
f 2143 2031 2007
f 2007 2095 2143
f 2201 2049 2031
f 2031 2143 2201
f 2227 2077 2049
f 2049 2201 2227
f 2250 2097 2077
f 2077 2227 2250
f 2258 2105 2097
f 2097 2250 2258
f 2262 2111 2105
f 2105 2258 2262
f 1957 1949 1885
f 1885 1883 1957
f 2001 1989 1949
f 1949 1957 2001
f 2066 2037 1989
f 1989 2001 2066
f 2133 2095 2037
f 2037 2066 2133
f 2205 2143 2095
f 2095 2133 2205
f 2244 2201 2143
f 2143 2205 2244
f 2280 2227 2201
f 2201 2244 2280
f 2301 2250 2227
f 2227 2280 2301
f 2311 2258 2250
f 2250 2301 2311
f 2314 2262 2258
f 2258 2311 2314
f 1959 1957 1883
f 1883 1880 1959
f 2003 2001 1957
f 1957 1959 2003
f 2069 2066 2001
f 2001 2003 2069
f 2135 2133 2066
f 2066 2069 2135
f 2207 2205 2133
f 2133 2135 2207
f 2246 2244 2205
f 2205 2207 2246
f 2282 2280 2244
f 2244 2246 2282
f 2303 2301 2280
f 2280 2282 2303
f 2313 2311 2301
f 2301 2303 2313
f 2317 2314 2311
f 2311 2313 2317
f 1953 1959 1880
f 1880 1877 1953
f 1995 2003 1959
f 1959 1953 1995
f 2043 2069 2003
f 2003 1995 2043
f 2107 2135 2069
f 2069 2043 2107
f 2169 2207 2135
f 2135 2107 2169
f 2215 2246 2207
f 2207 2169 2215
f 2242 2282 2246
f 2246 2215 2242
f 2260 2303 2282
f 2282 2242 2260
f 2286 2313 2303
f 2303 2260 2286
f 2290 2317 2313
f 2313 2286 2290
f 1945 1953 1877
f 1877 1875 1945
f 1979 1995 1953
f 1953 1945 1979
f 2019 2043 1995
f 1995 1979 2019
f 2061 2107 2043
f 2043 2019 2061
f 2109 2169 2107
f 2107 2061 2109
f 2147 2215 2169
f 2169 2109 2147
f 2187 2242 2215
f 2215 2147 2187
f 2211 2260 2242
f 2242 2187 2211
f 2221 2286 2260
f 2260 2211 2221
f 2224 2290 2286
f 2286 2221 2224
f 1943 1945 1875
f 1875 1873 1943
f 1971 1979 1945
f 1945 1943 1971
f 1993 2019 1979
f 1979 1971 1993
f 2025 2061 2019
f 2019 1993 2025
f 2045 2109 2061
f 2061 2025 2045
f 2085 2147 2109
f 2109 2045 2085
f 2113 2187 2147
f 2147 2085 2113
f 2126 2211 2187
f 2187 2113 2126
f 2140 2221 2211
f 2211 2126 2140
f 2144 2224 2221
f 2221 2140 2144
f 1935 1943 1873
f 1873 1871 1935
f 1955 1971 1943
f 1943 1935 1955
f 1975 1993 1971
f 1971 1955 1975
f 1997 2025 1993
f 1993 1975 1997
f 2020 2045 2025
f 2025 1997 2020
f 2038 2085 2045
f 2045 2020 2038
f 2054 2113 2085
f 2085 2038 2054
f 2074 2126 2113
f 2113 2054 2074
f 2078 2140 2126
f 2126 2074 2078
f 2086 2144 2140
f 2140 2078 2086
f 1933 1935 1871
f 1871 1869 1933
f 1951 1955 1935
f 1935 1933 1951
f 1973 1975 1955
f 1955 1951 1973
f 1990 1997 1975
f 1975 1973 1990
f 2012 2020 1997
f 1997 1990 2012
f 2028 2038 2020
f 2020 2012 2028
f 2040 2054 2038
f 2038 2028 2040
f 2050 2074 2054
f 2054 2040 2050
f 2062 2078 2074
f 2074 2050 2062
f 2070 2086 2078
f 2078 2062 2070
f 1939 1933 1869
f 1869 1866 1939
f 1965 1951 1933
f 1933 1939 1965
f 1985 1973 1951
f 1951 1965 1985
f 2008 1990 1973
f 1973 1985 2008
f 2032 2012 1990
f 1990 2008 2032
f 2056 2028 2012
f 2012 2032 2056
f 2080 2040 2028
f 2028 2056 2080
f 2100 2050 2040
f 2040 2080 2100
f 2114 2062 2050
f 2050 2100 2114
f 2122 2070 2062
f 2062 2114 2122
f 2232 2116 2124
f 2124 2236 2232
f 2218 2102 2116
f 2116 2232 2218
f 2199 2082 2102
f 2102 2218 2199
f 2150 2058 2082
f 2082 2199 2150
f 2120 2034 2058
f 2058 2150 2120
f 2064 2010 2034
f 2034 2120 2064
f 2023 1986 2010
f 2010 2064 2023
f 1980 1966 1986
f 1986 2023 1980
f 1946 1940 1966
f 1966 1980 1946
f 1862 1730 1940
f 1940 1946 1862
f 2332 2232 2236
f 2236 2336 2332
f 2322 2218 2232
f 2232 2332 2322
f 2306 2199 2218
f 2218 2322 2306
f 2275 2150 2199
f 2199 2306 2275
f 2234 2120 2150
f 2150 2275 2234
f 2170 2064 2120
f 2120 2234 2170
f 2093 2023 2064
f 2064 2170 2093
f 2016 1980 2023
f 2023 2093 2016
f 1968 1946 1980
f 1980 2016 1968
f 1858 1862 1946
f 1946 1968 1858
f 2409 2332 2336
f 2336 2413 2409
f 2400 2322 2332
f 2332 2409 2400
f 2376 2306 2322
f 2322 2400 2376
f 2349 2275 2306
f 2306 2376 2349
f 2324 2234 2275
f 2275 2349 2324
f 2271 2170 2234
f 2234 2324 2271
f 2185 2093 2170
f 2170 2271 2185
f 2072 2016 2093
f 2093 2185 2072
f 1976 1968 2016
f 2016 2072 1976
f 1729 1858 1968
f 1968 1976 1729
f 2488 2409 2413
f 2413 2498 2488
f 2470 2400 2409
f 2409 2488 2470
f 2444 2376 2400
f 2400 2470 2444
f 2418 2349 2376
f 2376 2444 2418
f 2384 2324 2349
f 2349 2418 2384
f 2338 2271 2324
f 2324 2384 2338
f 2269 2185 2271
f 2271 2338 2269
f 2138 2072 2185
f 2185 2269 2138
f 1998 1976 2072
f 2072 2138 1998
f 1722 1729 1976
f 1976 1998 1722
f 2559 2488 2498
f 2498 2569 2559
f 2549 2470 2488
f 2488 2559 2549
f 2531 2444 2470
f 2470 2549 2531
f 2492 2418 2444
f 2444 2531 2492
f 2436 2384 2418
f 2418 2492 2436
f 2394 2338 2384
f 2384 2436 2394
f 2326 2269 2338
f 2338 2394 2326
f 2212 2138 2269
f 2269 2326 2212
f 2026 1998 2138
f 2138 2212 2026
f 1850 1722 1998
f 1998 2026 1850
f 2653 2559 2569
f 2569 2655 2653
f 2631 2549 2559
f 2559 2653 2631
f 2593 2531 2549
f 2549 2631 2593
f 2551 2492 2531
f 2531 2593 2551
f 2510 2436 2492
f 2492 2551 2510
f 2432 2394 2436
f 2436 2510 2432
f 2366 2326 2394
f 2394 2432 2366
f 2263 2212 2326
f 2326 2366 2263
f 2052 2026 2212
f 2212 2263 2052
f 1726 1850 2026
f 2026 2052 1726
f 2720 2653 2655
f 2655 2726 2720
f 2697 2631 2653
f 2653 2720 2697
f 2662 2593 2631
f 2631 2697 2662
f 2607 2551 2593
f 2593 2662 2607
f 2547 2510 2551
f 2551 2607 2547
f 2484 2432 2510
f 2510 2547 2484
f 2405 2366 2432
f 2432 2484 2405
f 2308 2263 2366
f 2366 2405 2308
f 2090 2052 2263
f 2263 2308 2090
f 1719 1726 2052
f 2052 2090 1719
f 2787 2720 2726
f 2726 2795 2787
f 2759 2697 2720
f 2720 2787 2759
f 2713 2662 2697
f 2697 2759 2713
f 2657 2607 2662
f 2662 2713 2657
f 2589 2547 2607
f 2607 2657 2589
f 2525 2484 2547
f 2547 2589 2525
f 2422 2405 2484
f 2484 2525 2422
f 2330 2308 2405
f 2405 2422 2330
f 2118 2090 2308
f 2308 2330 2118
f 1700 1719 2090
f 2090 2118 1700
f 2834 2787 2795
f 2795 2844 2834
f 2798 2759 2787
f 2787 2834 2798
f 2750 2713 2759
f 2759 2798 2750
f 2690 2657 2713
f 2713 2750 2690
f 2624 2589 2657
f 2657 2690 2624
f 2536 2525 2589
f 2589 2624 2536
f 2441 2422 2525
f 2525 2536 2441
f 2340 2330 2422
f 2422 2441 2340
f 2128 2118 2330
f 2330 2340 2128
f 1825 1700 2118
f 2118 2128 1825
f 2847 2834 2844
f 2844 2857 2847
f 2821 2798 2834
f 2834 2847 2821
f 2765 2750 2798
f 2798 2821 2765
f 2703 2690 2750
f 2750 2765 2703
f 2637 2624 2690
f 2690 2703 2637
f 2543 2536 2624
f 2624 2637 2543
f 2446 2441 2536
f 2536 2543 2446
f 2344 2340 2441
f 2441 2446 2344
f 2136 2128 2340
f 2340 2344 2136
f 1713 1825 2128
f 2128 2136 1713
f 1676 1682 1864
f 1864 1862 1676
f 1642 1656 1682
f 1682 1676 1642
f 1601 1636 1656
f 1656 1642 1601
f 1558 1612 1636
f 1636 1601 1558
f 1502 1588 1612
f 1612 1558 1502
f 1472 1564 1588
f 1588 1502 1472
f 1425 1540 1564
f 1564 1472 1425
f 1404 1520 1540
f 1540 1425 1404
f 1390 1506 1520
f 1520 1404 1390
f 1387 1498 1506
f 1506 1390 1387
f 1654 1676 1862
f 1862 1859 1654
f 1606 1642 1676
f 1676 1654 1606
f 1531 1601 1642
f 1642 1606 1531
f 1452 1558 1601
f 1601 1531 1452
f 1388 1502 1558
f 1558 1452 1388
f 1347 1472 1502
f 1502 1388 1347
f 1316 1425 1472
f 1472 1347 1316
f 1300 1404 1425
f 1425 1316 1300
f 1290 1390 1404
f 1404 1300 1290
f 1286 1387 1390
f 1390 1290 1286
f 1646 1654 1859
f 1859 1856 1646
f 1550 1606 1654
f 1654 1646 1550
f 1439 1531 1606
f 1606 1550 1439
f 1351 1452 1531
f 1531 1439 1351
f 1298 1388 1452
f 1452 1351 1298
f 1275 1347 1388
f 1388 1298 1275
f 1246 1316 1347
f 1347 1275 1246
f 1222 1300 1316
f 1316 1246 1222
f 1215 1290 1300
f 1300 1222 1215
f 1211 1286 1290
f 1290 1215 1211
f 1624 1646 1856
f 1856 1854 1624
f 1484 1550 1646
f 1646 1624 1484
f 1353 1439 1550
f 1550 1484 1353
f 1284 1351 1439
f 1439 1353 1284
f 1238 1298 1351
f 1351 1284 1238
f 1204 1275 1298
f 1298 1238 1204
f 1178 1246 1275
f 1275 1204 1178
f 1152 1222 1246
f 1246 1178 1152
f 1134 1215 1222
f 1222 1152 1134
f 1124 1211 1215
f 1215 1134 1124
f 1596 1624 1854
f 1854 1851 1596
f 1410 1484 1624
f 1624 1596 1410
f 1296 1353 1484
f 1484 1410 1296
f 1228 1284 1353
f 1353 1296 1228
f 1186 1238 1284
f 1284 1228 1186
f 1130 1204 1238
f 1238 1186 1130
f 1091 1178 1204
f 1204 1130 1091
f 1073 1152 1178
f 1178 1091 1073
f 1063 1134 1152
f 1152 1073 1063
f 1053 1124 1134
f 1134 1063 1053
f 1570 1596 1851
f 1851 1848 1570
f 1359 1410 1596
f 1596 1570 1359
f 1256 1296 1410
f 1410 1359 1256
f 1190 1228 1296
f 1296 1256 1190
f 1112 1186 1228
f 1228 1190 1112
f 1071 1130 1186
f 1186 1112 1071
f 1029 1091 1130
f 1130 1071 1029
f 991 1073 1091
f 1091 1029 991
f 969 1063 1073
f 1073 991 969
f 967 1053 1063
f 1063 969 967
f 1532 1570 1848
f 1848 1846 1532
f 1314 1359 1570
f 1570 1532 1314
f 1219 1256 1359
f 1359 1314 1219
f 1138 1190 1256
f 1256 1219 1138
f 1075 1112 1190
f 1190 1138 1075
f 1015 1071 1112
f 1112 1075 1015
f 962 1029 1071
f 1071 1015 962
f 925 991 1029
f 1029 962 925
f 904 969 991
f 991 925 904
f 898 967 969
f 969 904 898
f 1504 1532 1846
f 1846 1832 1504
f 1292 1314 1532
f 1532 1504 1292
f 1200 1219 1314
f 1314 1292 1200
f 1097 1138 1219
f 1219 1200 1097
f 1033 1075 1138
f 1138 1097 1033
f 965 1015 1075
f 1075 1033 965
f 909 962 1015
f 1015 965 909
f 863 925 962
f 962 909 863
f 835 904 925
f 925 863 835
f 827 898 904
f 904 835 827
f 1494 1504 1832
f 1832 1824 1494
f 1282 1292 1504
f 1504 1494 1282
f 1183 1200 1292
f 1292 1282 1183
f 1088 1097 1200
f 1200 1183 1088
f 1000 1033 1097
f 1097 1088 1000
f 934 965 1033
f 1033 1000 934
f 874 909 965
f 965 934 874
f 826 863 909
f 909 874 826
f 790 835 863
f 863 826 790
f 780 827 835
f 835 790 780
f 1486 1494 1824
f 1824 1814 1486
f 1278 1282 1494
f 1494 1486 1278
f 1176 1183 1282
f 1282 1278 1176
f 1079 1088 1183
f 1183 1176 1079
f 985 1000 1088
f 1088 1079 985
f 919 934 1000
f 1000 985 919
f 857 874 934
f 934 919 857
f 801 826 874
f 874 857 801
f 775 790 826
f 826 801 775
f 765 780 790
f 790 775 765
f 1391 1507 1499
f 1499 1387 1391
f 1405 1521 1507
f 1507 1391 1405
f 1424 1541 1521
f 1521 1405 1424
f 1473 1565 1541
f 1541 1424 1473
f 1503 1589 1565
f 1565 1473 1503
f 1559 1613 1589
f 1589 1503 1559
f 1600 1637 1613
f 1613 1559 1600
f 1643 1657 1637
f 1637 1600 1643
f 1677 1683 1657
f 1657 1643 1677
f 1863 1892 1683
f 1683 1677 1863
f 1291 1391 1387
f 1387 1287 1291
f 1301 1405 1391
f 1391 1291 1301
f 1317 1424 1405
f 1405 1301 1317
f 1348 1473 1424
f 1424 1317 1348
f 1389 1503 1473
f 1473 1348 1389
f 1453 1559 1503
f 1503 1389 1453
f 1530 1600 1559
f 1559 1453 1530
f 1607 1643 1600
f 1600 1530 1607
f 1655 1677 1643
f 1643 1607 1655
f 1861 1863 1677
f 1677 1655 1861
f 1214 1291 1287
f 1287 1210 1214
f 1223 1301 1291
f 1291 1214 1223
f 1247 1317 1301
f 1301 1223 1247
f 1274 1348 1317
f 1317 1247 1274
f 1299 1389 1348
f 1348 1274 1299
f 1352 1453 1389
f 1389 1299 1352
f 1438 1530 1453
f 1453 1352 1438
f 1551 1607 1530
f 1530 1438 1551
f 1647 1655 1607
f 1607 1551 1647
f 1891 1861 1655
f 1655 1647 1891
f 1135 1214 1210
f 1210 1125 1135
f 1153 1223 1214
f 1214 1135 1153
f 1179 1247 1223
f 1223 1153 1179
f 1205 1274 1247
f 1247 1179 1205
f 1239 1299 1274
f 1274 1205 1239
f 1285 1352 1299
f 1299 1239 1285
f 1354 1438 1352
f 1352 1285 1354
f 1485 1551 1438
f 1438 1354 1485
f 1625 1647 1551
f 1551 1485 1625
f 1901 1891 1647
f 1647 1625 1901
f 1064 1135 1125
f 1125 1054 1064
f 1074 1153 1135
f 1135 1064 1074
f 1092 1179 1153
f 1153 1074 1092
f 1131 1205 1179
f 1179 1092 1131
f 1187 1239 1205
f 1205 1131 1187
f 1229 1285 1239
f 1239 1187 1229
f 1297 1354 1285
f 1285 1229 1297
f 1411 1485 1354
f 1354 1297 1411
f 1597 1625 1485
f 1485 1411 1597
f 1853 1901 1625
f 1625 1597 1853
f 970 1064 1054
f 1054 968 970
f 992 1074 1064
f 1064 970 992
f 1030 1092 1074
f 1074 992 1030
f 1072 1131 1092
f 1092 1030 1072
f 1113 1187 1131
f 1131 1072 1113
f 1191 1229 1187
f 1187 1113 1191
f 1257 1297 1229
f 1229 1191 1257
f 1360 1411 1297
f 1297 1257 1360
f 1571 1597 1411
f 1411 1360 1571
f 1899 1853 1597
f 1597 1571 1899
f 903 970 968
f 968 897 903
f 926 992 970
f 970 903 926
f 961 1030 992
f 992 926 961
f 1016 1072 1030
f 1030 961 1016
f 1076 1113 1072
f 1072 1016 1076
f 1139 1191 1113
f 1113 1076 1139
f 1218 1257 1191
f 1191 1139 1218
f 1315 1360 1257
f 1257 1218 1315
f 1533 1571 1360
f 1360 1315 1533
f 1920 1899 1571
f 1571 1533 1920
f 836 903 897
f 897 828 836
f 864 926 903
f 903 836 864
f 910 961 926
f 926 864 910
f 966 1016 961
f 961 910 966
f 1034 1076 1016
f 1016 966 1034
f 1098 1139 1076
f 1076 1034 1098
f 1201 1218 1139
f 1139 1098 1201
f 1293 1315 1218
f 1218 1201 1293
f 1505 1533 1315
f 1315 1293 1505
f 1924 1920 1533
f 1533 1505 1924
f 789 836 828
f 828 779 789
f 825 864 836
f 836 789 825
f 873 910 864
f 864 825 873
f 933 966 910
f 910 873 933
f 999 1034 966
f 966 933 999
f 1087 1098 1034
f 1034 999 1087
f 1182 1201 1098
f 1098 1087 1182
f 1283 1293 1201
f 1201 1182 1283
f 1495 1505 1293
f 1293 1283 1495
f 1826 1924 1505
f 1505 1495 1826
f 776 789 779
f 779 766 776
f 802 825 789
f 789 776 802
f 858 873 825
f 825 802 858
f 920 933 873
f 873 858 920
f 986 999 933
f 933 920 986
f 1080 1087 999
f 999 986 1080
f 1177 1182 1087
f 1087 1080 1177
f 1279 1283 1182
f 1182 1177 1279
f 1487 1495 1283
f 1283 1279 1487
f 1914 1826 1495
f 1495 1487 1914
f 1947 1941 1867
f 1867 1863 1947
f 1981 1967 1941
f 1941 1947 1981
f 2022 1987 1967
f 1967 1981 2022
f 2065 2011 1987
f 1987 2022 2065
f 2121 2035 2011
f 2011 2065 2121
f 2151 2059 2035
f 2035 2121 2151
f 2198 2083 2059
f 2059 2151 2198
f 2219 2103 2083
f 2083 2198 2219
f 2233 2117 2103
f 2103 2219 2233
f 2236 2125 2117
f 2117 2233 2236
f 1969 1947 1863
f 1863 1860 1969
f 2017 1981 1947
f 1947 1969 2017
f 2092 2022 1981
f 1981 2017 2092
f 2171 2065 2022
f 2022 2092 2171
f 2235 2121 2065
f 2065 2171 2235
f 2276 2151 2121
f 2121 2235 2276
f 2307 2198 2151
f 2151 2276 2307
f 2323 2219 2198
f 2198 2307 2323
f 2333 2233 2219
f 2219 2323 2333
f 2337 2236 2233
f 2233 2333 2337
f 1977 1969 1860
f 1860 1857 1977
f 2073 2017 1969
f 1969 1977 2073
f 2184 2092 2017
f 2017 2073 2184
f 2272 2171 2092
f 2092 2184 2272
f 2325 2235 2171
f 2171 2272 2325
f 2348 2276 2235
f 2235 2325 2348
f 2377 2307 2276
f 2276 2348 2377
f 2401 2323 2307
f 2307 2377 2401
f 2408 2333 2323
f 2323 2401 2408
f 2412 2337 2333
f 2333 2408 2412
f 1999 1977 1857
f 1857 1855 1999
f 2139 2073 1977
f 1977 1999 2139
f 2270 2184 2073
f 2073 2139 2270
f 2339 2272 2184
f 2184 2270 2339
f 2385 2325 2272
f 2272 2339 2385
f 2419 2348 2325
f 2325 2385 2419
f 2445 2377 2348
f 2348 2419 2445
f 2471 2401 2377
f 2377 2445 2471
f 2489 2408 2401
f 2401 2471 2489
f 2499 2412 2408
f 2408 2489 2499
f 2027 1999 1855
f 1855 1852 2027
f 2213 2139 1999
f 1999 2027 2213
f 2327 2270 2139
f 2139 2213 2327
f 2395 2339 2270
f 2270 2327 2395
f 2437 2385 2339
f 2339 2395 2437
f 2493 2419 2385
f 2385 2437 2493
f 2532 2445 2419
f 2419 2493 2532
f 2550 2471 2445
f 2445 2532 2550
f 2560 2489 2471
f 2471 2550 2560
f 2570 2499 2489
f 2489 2560 2570
f 2053 2027 1852
f 1852 1849 2053
f 2264 2213 2027
f 2027 2053 2264
f 2367 2327 2213
f 2213 2264 2367
f 2433 2395 2327
f 2327 2367 2433
f 2511 2437 2395
f 2395 2433 2511
f 2552 2493 2437
f 2437 2511 2552
f 2594 2532 2493
f 2493 2552 2594
f 2632 2550 2532
f 2532 2594 2632
f 2654 2560 2550
f 2550 2632 2654
f 2656 2570 2560
f 2560 2654 2656
f 2091 2053 1849
f 1849 1847 2091
f 2309 2264 2053
f 2053 2091 2309
f 2404 2367 2264
f 2264 2309 2404
f 2485 2433 2367
f 2367 2404 2485
f 2548 2511 2433
f 2433 2485 2548
f 2608 2552 2511
f 2511 2548 2608
f 2661 2594 2552
f 2552 2608 2661
f 2698 2632 2594
f 2594 2661 2698
f 2719 2654 2632
f 2632 2698 2719
f 2725 2656 2654
f 2654 2719 2725
f 2119 2091 1847
f 1847 1833 2119
f 2331 2309 2091
f 2091 2119 2331
f 2423 2404 2309
f 2309 2331 2423
f 2526 2485 2404
f 2404 2423 2526
f 2590 2548 2485
f 2485 2526 2590
f 2658 2608 2548
f 2548 2590 2658
f 2714 2661 2608
f 2608 2658 2714
f 2760 2698 2661
f 2661 2714 2760
f 2788 2719 2698
f 2698 2760 2788
f 2796 2725 2719
f 2719 2788 2796
f 2129 2119 1833
f 1833 1827 2129
f 2341 2331 2119
f 2119 2129 2341
f 2440 2423 2331
f 2331 2341 2440
f 2535 2526 2423
f 2423 2440 2535
f 2623 2590 2526
f 2526 2535 2623
f 2689 2658 2590
f 2590 2623 2689
f 2749 2714 2658
f 2658 2689 2749
f 2797 2760 2714
f 2714 2749 2797
f 2833 2788 2760
f 2760 2797 2833
f 2843 2796 2788
f 2788 2833 2843
f 2137 2129 1827
f 1827 1815 2137
f 2345 2341 2129
f 2129 2137 2345
f 2447 2440 2341
f 2341 2345 2447
f 2544 2535 2440
f 2440 2447 2544
f 2638 2623 2535
f 2535 2544 2638
f 2704 2689 2623
f 2623 2638 2704
f 2766 2749 2689
f 2689 2704 2766
f 2822 2797 2749
f 2749 2766 2822
f 2848 2833 2797
f 2797 2822 2848
f 2858 2843 2833
f 2833 2848 2858
f 1735 2334 2329
f 1735 2329 2321
f 1735 2321 2305
f 1735 2305 2274
f 1735 2274 2231
f 1735 2231 2167
f 1735 2167 2089
f 1735 2089 2014
f 1735 2014 1962
f 1735 1962 1733
f 2515 2329 2334
f 2334 2524 2515
f 2495 2321 2329
f 2329 2515 2495
f 2456 2305 2321
f 2321 2495 2456
f 2429 2274 2305
f 2305 2456 2429
f 2399 2231 2274
f 2274 2429 2399
f 2347 2167 2231
f 2231 2399 2347
f 2292 2089 2167
f 2167 2347 2292
f 2148 2014 2089
f 2089 2292 2148
f 2004 1962 2014
f 2014 2148 2004
f 1739 1733 1962
f 1962 2004 1739
f 2647 2515 2524
f 2524 2649 2647
f 2621 2495 2515
f 2515 2647 2621
f 2584 2456 2495
f 2495 2621 2584
f 2541 2429 2456
f 2456 2584 2541
f 2502 2399 2429
f 2429 2541 2502
f 2426 2347 2399
f 2399 2502 2426
f 2352 2292 2347
f 2347 2426 2352
f 2255 2148 2292
f 2292 2352 2255
f 2046 2004 2148
f 2148 2255 2046
f 1702 1739 2004
f 2004 2046 1702
f 2746 2647 2649
f 2649 2757 2746
f 2721 2621 2647
f 2647 2746 2721
f 2681 2584 2621
f 2621 2721 2681
f 2639 2541 2584
f 2584 2681 2639
f 2557 2502 2541
f 2541 2639 2557
f 2505 2426 2502
f 2502 2557 2505
f 2415 2352 2426
f 2426 2505 2415
f 2318 2255 2352
f 2352 2415 2318
f 2098 2046 2255
f 2255 2318 2098
f 1745 1702 2046
f 2046 2098 1745
f 2840 2746 2757
f 2757 2849 2840
f 2808 2721 2746
f 2746 2840 2808
f 2756 2681 2721
f 2721 2808 2756
f 2696 2639 2681
f 2681 2756 2696
f 2626 2557 2639
f 2639 2696 2626
f 2538 2505 2557
f 2557 2626 2538
f 2443 2415 2505
f 2505 2538 2443
f 2342 2318 2415
f 2415 2443 2342
f 2131 2098 2318
f 2318 2342 2131
f 1904 1745 2098
f 2098 2131 1904
f 2906 2840 2849
f 2849 2925 2906
f 2867 2808 2840
f 2840 2906 2867
f 2818 2756 2808
f 2808 2867 2818
f 2736 2696 2756
f 2756 2818 2736
f 2667 2626 2696
f 2696 2736 2667
f 2565 2538 2626
f 2626 2667 2565
f 2475 2443 2538
f 2538 2565 2475
f 2356 2342 2443
f 2443 2475 2356
f 2156 2131 2342
f 2342 2356 2156
f 1704 1904 2131
f 2131 2156 1704
f 2976 2906 2925
f 2925 2987 2976
f 2914 2867 2906
f 2906 2976 2914
f 2852 2818 2867
f 2867 2914 2852
f 2772 2736 2818
f 2818 2852 2772
f 2688 2667 2736
f 2736 2772 2688
f 2592 2565 2667
f 2667 2688 2592
f 2497 2475 2565
f 2565 2592 2497
f 2372 2356 2475
f 2475 2497 2372
f 2176 2156 2356
f 2356 2372 2176
f 1752 1704 2156
f 2156 2176 1752
f 2993 2976 2987
f 2987 3011 2993
f 2952 2914 2976
f 2976 2993 2952
f 2874 2852 2914
f 2914 2952 2874
f 2794 2772 2852
f 2852 2874 2794
f 2702 2688 2772
f 2772 2794 2702
f 2604 2592 2688
f 2688 2702 2604
f 2509 2497 2592
f 2592 2604 2509
f 2380 2372 2497
f 2497 2509 2380
f 2182 2176 2372
f 2372 2380 2182
f 1723 1752 2176
f 2176 2182 1723
f 3000 2993 3011
f 3011 3020 3000
f 2967 2952 2993
f 2993 3000 2967
f 2879 2874 2952
f 2952 2967 2879
f 2799 2794 2874
f 2874 2879 2799
f 2707 2702 2794
f 2794 2799 2707
f 2605 2604 2702
f 2702 2707 2605
f 2512 2509 2604
f 2604 2605 2512
f 2382 2380 2509
f 2509 2512 2382
f 2188 2182 2380
f 2380 2382 2188
f 1699 1723 2182
f 2182 2188 1699
f 3006 3000 3020
f 3020 3022 3006
f 2972 2967 3000
f 3000 3006 2972
f 2888 2879 2967
f 2967 2972 2888
f 2804 2799 2879
f 2879 2888 2804
f 2710 2707 2799
f 2799 2804 2710
f 2613 2605 2707
f 2707 2710 2613
f 2520 2512 2605
f 2605 2613 2520
f 2388 2382 2512
f 2512 2520 2388
f 2192 2188 2382
f 2382 2388 2192
f 1760 1699 2188
f 2188 2192 1760
f 1735 1737 1660
f 1735 1660 1608
f 1735 1608 1535
f 1735 1535 1457
f 1735 1457 1393
f 1735 1393 1350
f 1735 1350 1319
f 1735 1319 1303
f 1735 1303 1295
f 1735 1295 1288
f 1618 1660 1737
f 1737 1739 1618
f 1474 1608 1660
f 1660 1618 1474
f 1332 1535 1608
f 1608 1474 1332
f 1277 1457 1535
f 1535 1332 1277
f 1225 1393 1457
f 1457 1277 1225
f 1195 1350 1393
f 1393 1225 1195
f 1166 1319 1350
f 1350 1195 1166
f 1129 1303 1319
f 1319 1166 1129
f 1109 1295 1303
f 1303 1129 1109
f 1099 1288 1295
f 1295 1109 1099
f 1576 1618 1739
f 1739 1741 1576
f 1367 1474 1618
f 1618 1576 1367
f 1270 1332 1474
f 1474 1367 1270
f 1196 1277 1332
f 1332 1270 1196
f 1120 1225 1277
f 1277 1196 1120
f 1081 1195 1225
f 1225 1120 1081
f 1040 1166 1195
f 1195 1081 1040
f 1001 1129 1166
f 1166 1040 1001
f 975 1109 1129
f 1129 1001 975
f 973 1099 1109
f 1109 975 973
f 1524 1576 1741
f 1741 1744 1524
f 1304 1367 1576
f 1576 1524 1304
f 1209 1270 1367
f 1367 1304 1209
f 1119 1196 1270
f 1270 1209 1119
f 1065 1120 1196
f 1196 1119 1065
f 983 1081 1120
f 1120 1065 983
f 941 1040 1081
f 1081 983 941
f 901 1001 1040
f 1040 941 901
f 878 975 1001
f 1001 901 878
f 865 973 975
f 975 878 865
f 1493 1524 1744
f 1744 1747 1493
f 1280 1304 1524
f 1524 1493 1280
f 1181 1209 1304
f 1304 1280 1181
f 1086 1119 1209
f 1209 1181 1086
f 998 1065 1119
f 1119 1086 998
f 928 983 1065
f 1065 998 928
f 868 941 983
f 983 928 868
f 816 901 941
f 941 868 816
f 784 878 901
f 901 816 784
f 773 865 878
f 878 784 773
f 1466 1493 1747
f 1747 1749 1466
f 1266 1280 1493
f 1493 1466 1266
f 1149 1181 1280
f 1280 1266 1149
f 1057 1086 1181
f 1181 1149 1057
f 955 998 1086
f 1086 1057 955
f 888 928 998
f 998 955 888
f 806 868 928
f 928 888 806
f 755 816 868
f 868 806 755
f 718 784 816
f 816 755 718
f 697 773 784
f 784 718 697
f 1446 1466 1749
f 1749 1753 1446
f 1250 1266 1466
f 1466 1446 1250
f 1127 1149 1266
f 1266 1250 1127
f 1032 1057 1149
f 1149 1127 1032
f 936 955 1057
f 1057 1032 936
f 852 888 955
f 955 936 852
f 772 806 888
f 888 852 772
f 710 755 806
f 806 772 710
f 648 718 755
f 755 710 648
f 637 697 718
f 718 648 637
f 1440 1446 1753
f 1753 1755 1440
f 1242 1250 1446
f 1446 1440 1242
f 1115 1127 1250
f 1250 1242 1115
f 1020 1032 1127
f 1127 1115 1020
f 922 936 1032
f 1032 1020 922
f 830 852 936
f 936 922 830
f 750 772 852
f 852 830 750
f 672 710 772
f 772 750 672
f 631 648 710
f 710 672 631
f 613 637 648
f 648 631 613
f 1434 1440 1755
f 1755 1757 1434
f 1240 1242 1440
f 1440 1434 1240
f 1110 1115 1242
f 1242 1240 1110
f 1017 1020 1115
f 1115 1110 1017
f 915 922 1020
f 1020 1017 915
f 823 830 922
f 922 915 823
f 743 750 830
f 830 823 743
f 655 672 750
f 750 743 655
f 622 631 672
f 672 655 622
f 602 613 631
f 631 622 602
f 1428 1434 1757
f 1757 1760 1428
f 1232 1240 1434
f 1434 1428 1232
f 1105 1110 1240
f 1240 1232 1105
f 1010 1017 1110
f 1110 1105 1010
f 913 915 1017
f 1017 1010 913
f 821 823 915
f 915 913 821
f 736 743 823
f 823 821 736
f 652 655 743
f 743 736 652
f 619 622 655
f 655 652 619
f 601 602 622
f 622 619 601
f 1735 1289 1294
f 1735 1294 1302
f 1735 1302 1318
f 1735 1318 1349
f 1735 1349 1392
f 1735 1392 1456
f 1735 1456 1534
f 1735 1534 1609
f 1735 1609 1661
f 1735 1661 1889
f 1108 1294 1289
f 1289 1099 1108
f 1128 1302 1294
f 1294 1108 1128
f 1167 1318 1302
f 1302 1128 1167
f 1194 1349 1318
f 1318 1167 1194
f 1224 1392 1349
f 1349 1194 1224
f 1276 1456 1392
f 1392 1224 1276
f 1331 1534 1456
f 1456 1276 1331
f 1475 1609 1534
f 1534 1331 1475
f 1619 1661 1609
f 1609 1475 1619
f 1738 1889 1661
f 1661 1619 1738
f 976 1108 1099
f 1099 974 976
f 1002 1128 1108
f 1108 976 1002
f 1039 1167 1128
f 1128 1002 1039
f 1082 1194 1167
f 1167 1039 1082
f 1121 1224 1194
f 1194 1082 1121
f 1197 1276 1224
f 1224 1121 1197
f 1271 1331 1276
f 1276 1197 1271
f 1368 1475 1331
f 1331 1271 1368
f 1577 1619 1475
f 1475 1368 1577
f 1903 1738 1619
f 1619 1577 1903
f 877 976 974
f 974 866 877
f 902 1002 976
f 976 877 902
f 942 1039 1002
f 1002 902 942
f 984 1082 1039
f 1039 942 984
f 1066 1121 1082
f 1082 984 1066
f 1118 1197 1121
f 1121 1066 1118
f 1208 1271 1197
f 1197 1118 1208
f 1305 1368 1271
f 1271 1208 1305
f 1525 1577 1368
f 1368 1305 1525
f 1742 1903 1577
f 1577 1525 1742
f 783 877 866
f 866 774 783
f 815 902 877
f 877 783 815
f 867 942 902
f 902 815 867
f 927 984 942
f 942 867 927
f 997 1066 984
f 984 927 997
f 1085 1118 1066
f 1066 997 1085
f 1180 1208 1118
f 1118 1085 1180
f 1281 1305 1208
f 1208 1180 1281
f 1492 1525 1305
f 1305 1281 1492
f 1703 1742 1525
f 1525 1492 1703
f 717 783 774
f 774 698 717
f 756 815 783
f 783 717 756
f 805 867 815
f 815 756 805
f 887 927 867
f 867 805 887
f 956 997 927
f 927 887 956
f 1058 1085 997
f 997 956 1058
f 1148 1180 1085
f 1085 1058 1148
f 1267 1281 1180
f 1180 1148 1267
f 1467 1492 1281
f 1281 1267 1467
f 1905 1703 1492
f 1492 1467 1905
f 647 717 698
f 698 636 647
f 709 756 717
f 717 647 709
f 771 805 756
f 756 709 771
f 851 887 805
f 805 771 851
f 935 956 887
f 887 851 935
f 1031 1058 956
f 956 935 1031
f 1126 1148 1058
f 1058 1031 1126
f 1251 1267 1148
f 1148 1126 1251
f 1447 1467 1267
f 1267 1251 1447
f 1751 1905 1467
f 1467 1447 1751
f 630 647 636
f 636 612 630
f 671 709 647
f 647 630 671
f 749 771 709
f 709 671 749
f 829 851 771
f 771 749 829
f 921 935 851
f 851 829 921
f 1019 1031 935
f 935 921 1019
f 1114 1126 1031
f 1031 1019 1114
f 1243 1251 1126
f 1126 1114 1243
f 1441 1447 1251
f 1251 1243 1441
f 1896 1751 1447
f 1447 1441 1896
f 623 630 612
f 612 603 623
f 656 671 630
f 630 623 656
f 744 749 671
f 671 656 744
f 824 829 749
f 749 744 824
f 916 921 829
f 829 824 916
f 1018 1019 921
f 921 916 1018
f 1111 1114 1019
f 1019 1018 1111
f 1241 1243 1114
f 1114 1111 1241
f 1435 1441 1243
f 1243 1241 1435
f 1923 1896 1441
f 1441 1435 1923
f 617 623 603
f 603 601 617
f 650 656 623
f 623 617 650
f 734 744 656
f 656 650 734
f 818 824 744
f 744 734 818
f 912 916 824
f 824 818 912
f 1009 1018 916
f 916 912 1009
f 1102 1111 1018
f 1018 1009 1102
f 1235 1241 1111
f 1111 1102 1235
f 1431 1435 1241
f 1241 1235 1431
f 1759 1923 1435
f 1435 1431 1759
f 1735 1736 1963
f 1735 1963 2015
f 1735 2015 2088
f 1735 2088 2166
f 1735 2166 2230
f 1735 2230 2273
f 1735 2273 2304
f 1735 2304 2320
f 1735 2320 2328
f 1735 2328 2335
f 2005 1963 1736
f 1736 1738 2005
f 2149 2015 1963
f 1963 2005 2149
f 2291 2088 2015
f 2015 2149 2291
f 2346 2166 2088
f 2088 2291 2346
f 2398 2230 2166
f 2166 2346 2398
f 2428 2273 2230
f 2230 2398 2428
f 2457 2304 2273
f 2273 2428 2457
f 2494 2320 2304
f 2304 2457 2494
f 2514 2328 2320
f 2320 2494 2514
f 2524 2335 2328
f 2328 2514 2524
f 2047 2005 1738
f 1738 1740 2047
f 2256 2149 2005
f 2005 2047 2256
f 2353 2291 2149
f 2149 2256 2353
f 2427 2346 2291
f 2291 2353 2427
f 2503 2398 2346
f 2346 2427 2503
f 2542 2428 2398
f 2398 2503 2542
f 2583 2457 2428
f 2428 2542 2583
f 2622 2494 2457
f 2457 2583 2622
f 2648 2514 2494
f 2494 2622 2648
f 2650 2524 2514
f 2514 2648 2650
f 2099 2047 1740
f 1740 1743 2099
f 2319 2256 2047
f 2047 2099 2319
f 2414 2353 2256
f 2256 2319 2414
f 2504 2427 2353
f 2353 2414 2504
f 2558 2503 2427
f 2427 2504 2558
f 2640 2542 2503
f 2503 2558 2640
f 2682 2583 2542
f 2542 2640 2682
f 2722 2622 2583
f 2583 2682 2722
f 2745 2648 2622
f 2622 2722 2745
f 2758 2650 2648
f 2648 2745 2758
f 2130 2099 1743
f 1743 1746 2130
f 2343 2319 2099
f 2099 2130 2343
f 2442 2414 2319
f 2319 2343 2442
f 2537 2504 2414
f 2414 2442 2537
f 2625 2558 2504
f 2504 2537 2625
f 2695 2640 2558
f 2558 2625 2695
f 2755 2682 2640
f 2640 2695 2755
f 2807 2722 2682
f 2682 2755 2807
f 2839 2745 2722
f 2722 2807 2839
f 2850 2758 2745
f 2745 2839 2850
f 2157 2130 1746
f 1746 1748 2157
f 2357 2343 2130
f 2130 2157 2357
f 2474 2442 2343
f 2343 2357 2474
f 2566 2537 2442
f 2442 2474 2566
f 2668 2625 2537
f 2537 2566 2668
f 2735 2695 2625
f 2625 2668 2735
f 2817 2755 2695
f 2695 2735 2817
f 2868 2807 2755
f 2755 2817 2868
f 2905 2839 2807
f 2807 2868 2905
f 2926 2850 2839
f 2839 2905 2926
f 2177 2157 1748
f 1748 1750 2177
f 2373 2357 2157
f 2157 2177 2373
f 2496 2474 2357
f 2357 2373 2496
f 2591 2566 2474
f 2474 2496 2591
f 2687 2668 2566
f 2566 2591 2687
f 2771 2735 2668
f 2668 2687 2771
f 2851 2817 2735
f 2735 2771 2851
f 2913 2868 2817
f 2817 2851 2913
f 2975 2905 2868
f 2868 2913 2975
f 2986 2926 2905
f 2905 2975 2986
f 2183 2177 1750
f 1750 1754 2183
f 2381 2373 2177
f 2177 2183 2381
f 2508 2496 2373
f 2373 2381 2508
f 2603 2591 2496
f 2496 2508 2603
f 2701 2687 2591
f 2591 2603 2701
f 2793 2771 2687
f 2687 2701 2793
f 2873 2851 2771
f 2771 2793 2873
f 2951 2913 2851
f 2851 2873 2951
f 2992 2975 2913
f 2913 2951 2992
f 3010 2986 2975
f 2975 2992 3010
f 2189 2183 1754
f 1754 1756 2189
f 2383 2381 2183
f 2183 2189 2383
f 2513 2508 2381
f 2381 2383 2513
f 2606 2603 2508
f 2508 2513 2606
f 2708 2701 2603
f 2603 2606 2708
f 2800 2793 2701
f 2701 2708 2800
f 2880 2873 2793
f 2793 2800 2880
f 2968 2951 2873
f 2873 2880 2968
f 3001 2992 2951
f 2951 2968 3001
f 3021 3010 2992
f 2992 3001 3021
f 2195 2189 1756
f 1756 1759 2195
f 2390 2383 2189
f 2189 2195 2390
f 2517 2513 2383
f 2383 2390 2517
f 2612 2606 2513
f 2513 2517 2612
f 2709 2708 2606
f 2606 2612 2709
f 2801 2800 2708
f 2708 2709 2801
f 2886 2880 2800
f 2800 2801 2886
f 2970 2968 2880
f 2880 2886 2970
f 3004 3001 2968
f 2968 2970 3004
f 3022 3021 3001
f 3001 3004 3022
